编码,日期,销量
1001,20150501,17
1001,20150502,10
1001,20150503,5
1001,20150504,9
1001,20150505,7
1001,20150506,7
1001,20150507,10
1001,20150508,13
1001,20150509,0
1001,20150510,8
1001,20150511,9
1001,20150512,16
1001,20150513,6
1001,20150514,4
1001,20150515,20
1001,20150516,0
1001,20150517,8
1001,20150518,4
1001,20150519,6
1001,20150520,6
1001,20150521,7
1001,20150522,20
1001,20150523,6
1001,20150524,13
1001,20150525,4
1001,20150526,8
1001,20150527,3
1001,20150528,10
1001,20150529,14
1001,20150530,11
1002,20150501,2
1002,20150502,0
1002,20150503,0
1002,20150504,0
1002,20150505,2
1002,20150506,0
1002,20150507,0
1002,20150508,0
1002,20150509,0
1002,20150510,0
1002,20150511,0
1002,20150512,1
1002,20150513,0
1002,20150514,0
1002,20150515,0
1002,20150516,0
1002,20150517,0
1002,20150518,0
1002,20150519,0
1002,20150520,0
1002,20150521,1
1002,20150522,2
1002,20150523,0
1002,20150524,1
1002,20150525,1
1002,20150526,1
1002,20150527,0
1002,20150528,0
1002,20150529,0
1002,20150530,0
1004,20150501,3
1004,20150502,2
1004,20150503,0
1004,20150504,1
1004,20150505,0
1004,20150506,1
1004,20150507,7
1004,20150508,4
1004,20150509,0
1004,20150510,1
1004,20150511,0
1004,20150512,3
1004,20150513,0
1004,20150514,4
1004,20150515,5
1004,20150516,0
1004,20150517,2
1004,20150518,2
1004,20150519,1
1004,20150520,7
1004,20150521,5
1004,20150522,6
1004,20150523,1
1004,20150524,1
1004,20150525,3
1004,20150526,1
1004,20150527,2
1004,20150528,0
1004,20150529,4
1004,20150530,4
1005,20150501,0
1005,20150502,0
1005,20150503,1
1005,20150504,0
1005,20150505,0
1005,20150506,0
1005,20150507,3
1005,20150508,0
1005,20150509,0
1005,20150510,0
1005,20150511,0
1005,20150512,0
1005,20150513,0
1005,20150514,1
1005,20150515,0
1005,20150516,0
1005,20150517,0
1005,20150518,0
1005,20150519,0
1005,20150520,1
1005,20150521,0
1005,20150522,1
1005,20150523,0
1005,20150524,0
1005,20150525,0
1005,20150526,0
1005,20150527,0
1005,20150528,0
1005,20150529,0
1005,20150530,0
1099,20150501,0
1099,20150502,0
1099,20150503,0
1099,20150504,0
1099,20150505,0
1099,20150506,0
1099,20150507,0
1099,20150508,0
1099,20150509,0
1099,20150510,0
1099,20150511,0
1099,20150512,0
1099,20150513,1
1099,20150514,0
1099,20150515,0
1099,20150516,0
1099,20150517,0
1099,20150518,0
1099,20150519,0
1099,20150520,0
1099,20150521,0
1099,20150522,0
1099,20150523,0
1099,20150524,0
1099,20150525,0
1099,20150526,0
1099,20150527,0
1099,20150528,0
1099,20150529,0
1099,20150530,0
1101,20150501,1
1101,20150502,0
1101,20150503,1
1101,20150504,4
1101,20150505,1
1101,20150506,2
1101,20150507,0
1101,20150508,0
1101,20150509,0
1101,20150510,1
1101,20150511,1
1101,20150512,1
1101,20150513,2
1101,20150514,1
1101,20150515,4
1101,20150516,0
1101,20150517,0
1101,20150518,2
1101,20150519,1
1101,20150520,0
1101,20150521,0
1101,20150522,6
1101,20150523,1
1101,20150524,0
1101,20150525,1
1101,20150526,0
1101,20150527,0
1101,20150528,2
1101,20150529,4
1101,20150530,0
1102,20150501,3
1102,20150502,0
1102,20150503,2
1102,20150504,1
1102,20150505,0
1102,20150506,0
1102,20150507,1
1102,20150508,2
1102,20150509,0
1102,20150510,0
1102,20150511,0
1102,20150512,0
1102,20150513,1
1102,20150514,0
1102,20150515,1
1102,20150516,0
1102,20150517,0
1102,20150518,0
1102,20150519,0
1102,20150520,1
1102,20150521,1
1102,20150522,3
1102,20150523,1
1102,20150524,0
1102,20150525,2
1102,20150526,0
1102,20150527,0
1102,20150528,1
1102,20150529,4
1102,20150530,0
1103,20150501,7
1103,20150502,0
1103,20150503,0
1103,20150504,0
1103,20150505,0
1103,20150506,0
1103,20150507,0
1103,20150508,0
1103,20150509,0
1103,20150510,0
1103,20150511,0
1103,20150512,1
1103,20150513,1
1103,20150514,0
1103,20150515,1
1103,20150516,0
1103,20150517,0
1103,20150518,0
1103,20150519,0
1103,20150520,0
1103,20150521,0
1103,20150522,1
1103,20150523,0
1103,20150524,0
1103,20150525,0
1103,20150526,0
1103,20150527,0
1103,20150528,1
1103,20150529,0
1103,20150530,0
1201,20150501,145
1201,20150502,60
1201,20150503,81
1201,20150504,91
1201,20150505,68
1201,20150506,58
1201,20150507,86
1201,20150508,105
1201,20150509,0
1201,20150510,72
1201,20150511,92
1201,20150512,89
1201,20150513,100
1201,20150514,83
1201,20150515,112
1201,20150516,0
1201,20150517,92
1201,20150518,93
1201,20150519,79
1201,20150520,109
1201,20150521,82
1201,20150522,148
1201,20150523,83
1201,20150524,109
1201,20150525,78
1201,20150526,111
1201,20150527,111
1201,20150528,72
1201,20150529,116
1201,20150530,50
1202,20150501,16
1202,20150502,4
1202,20150503,6
1202,20150504,6
1202,20150505,6
1202,20150506,6
1202,20150507,8
1202,20150508,13
1202,20150509,0
1202,20150510,4
1202,20150511,9
1202,20150512,11
1202,20150513,5
1202,20150514,7
1202,20150515,5
1202,20150516,0
1202,20150517,3
1202,20150518,7
1202,20150519,3
1202,20150520,9
1202,20150521,12
1202,20150522,9
1202,20150523,7
1202,20150524,6
1202,20150525,5
1202,20150526,8
1202,20150527,5
1202,20150528,5
1202,20150529,7
1202,20150530,7
1203,20150501,37
1203,20150502,32
1203,20150503,29
1203,20150504,15
1203,20150505,16
1203,20150506,11
1203,20150507,36
1203,20150508,49
1203,20150509,0
1203,20150510,18
1203,20150511,27
1203,20150512,44
1203,20150513,27
1203,20150514,57
1203,20150515,57
1203,20150516,0
1203,20150517,35
1203,20150518,36
1203,20150519,13
1203,20150520,26
1203,20150521,26
1203,20150522,49
1203,20150523,33
1203,20150524,21
1203,20150525,21
1203,20150526,37
1203,20150527,32
1203,20150528,19
1203,20150529,53
1203,20150530,18
1205,20150501,4
1205,20150502,0
1205,20150503,2
1205,20150504,0
1205,20150505,0
1205,20150506,0
1205,20150507,2
1205,20150508,2
1205,20150509,0
1205,20150510,0
1205,20150511,1
1205,20150512,0
1205,20150513,1
1205,20150514,0
1205,20150515,2
1205,20150516,0
1205,20150517,0
1205,20150518,2
1205,20150519,1
1205,20150520,0
1205,20150521,1
1205,20150522,1
1205,20150523,0
1205,20150524,1
1205,20150525,0
1205,20150526,1
1205,20150527,1
1205,20150528,2
1205,20150529,1
1205,20150530,1
1301,20150501,0
1301,20150502,5
1301,20150503,3
1301,20150504,7
1301,20150505,1
1301,20150506,0
1301,20150507,4
1301,20150508,0
1301,20150509,0
1301,20150510,0
1301,20150511,6
1301,20150512,2
1301,20150513,4
1301,20150514,3
1301,20150515,3
1301,20150516,0
1301,20150517,6
1301,20150518,1
1301,20150519,2
1301,20150520,2
1301,20150521,4
1301,20150522,2
1301,20150523,2
1301,20150524,5
1301,20150525,3
1301,20150526,5
1301,20150527,1
1301,20150528,2
1301,20150529,3
1301,20150530,2
1302,20150501,1
1302,20150502,0
1302,20150503,2
1302,20150504,3
1302,20150505,2
1302,20150506,1
1302,20150507,1
1302,20150508,0
1302,20150509,0
1302,20150510,2
1302,20150511,1
1302,20150512,0
1302,20150513,0
1302,20150514,1
1302,20150515,0
1302,20150516,0
1302,20150517,1
1302,20150518,0
1302,20150519,0
1302,20150520,2
1302,20150521,1
1302,20150522,1
1302,20150523,0
1302,20150524,1
1302,20150525,1
1302,20150526,5
1302,20150527,0
1302,20150528,0
1302,20150529,0
1302,20150530,1
1306,20150501,8
1306,20150502,0
1306,20150503,0
1306,20150504,0
1306,20150505,0
1306,20150506,3
1306,20150507,1
1306,20150508,0
1306,20150509,0
1306,20150510,0
1306,20150511,0
1306,20150512,1
1306,20150513,0
1306,20150514,1
1306,20150515,2
1306,20150516,0
1306,20150517,0
1306,20150518,1
1306,20150519,1
1306,20150520,0
1306,20150521,0
1306,20150522,2
1306,20150523,0
1306,20150524,0
1306,20150525,0
1306,20150526,0
1306,20150527,0
1306,20150528,1
1306,20150529,1
1306,20150530,2
1308,20150501,3
1308,20150502,4
1308,20150503,7
1308,20150504,3
1308,20150505,4
1308,20150506,2
1308,20150507,9
1308,20150508,6
1308,20150509,0
1308,20150510,3
1308,20150511,11
1308,20150512,0
1308,20150513,5
1308,20150514,2
1308,20150515,3
1308,20150516,0
1308,20150517,4
1308,20150518,8
1308,20150519,1
1308,20150520,4
1308,20150521,4
1308,20150522,6
1308,20150523,8
1308,20150524,5
1308,20150525,2
1308,20150526,5
1308,20150527,5
1308,20150528,2
1308,20150529,3
1308,20150530,1
1501,20150501,6
1501,20150502,2
1501,20150503,2
1501,20150504,5
1501,20150505,1
1501,20150506,0
1501,20150507,2
1501,20150508,4
1501,20150509,0
1501,20150510,2
1501,20150511,5
1501,20150512,2
1501,20150513,3
1501,20150514,1
1501,20150515,3
1501,20150516,0
1501,20150517,2
1501,20150518,0
1501,20150519,5
1501,20150520,5
1501,20150521,5
1501,20150522,3
1501,20150523,3
1501,20150524,2
1501,20150525,0
1501,20150526,5
1501,20150527,4
1501,20150528,5
1501,20150529,5
1501,20150530,2
1502,20150501,0
1502,20150502,0
1502,20150503,1
1502,20150504,1
1502,20150505,0
1502,20150506,0
1502,20150507,0
1502,20150508,0
1502,20150509,0
1502,20150510,0
1502,20150511,2
1502,20150512,0
1502,20150513,0
1502,20150514,0
1502,20150515,0
1502,20150516,0
1502,20150517,2
1502,20150518,0
1502,20150519,0
1502,20150520,0
1502,20150521,0
1502,20150522,0
1502,20150523,0
1502,20150524,0
1502,20150525,0
1502,20150526,0
1502,20150527,1
1502,20150528,1
1502,20150529,0
1502,20150530,0
1503,20150501,0
1503,20150502,0
1503,20150503,1
1503,20150504,0
1503,20150505,0
1503,20150506,0
1503,20150507,0
1503,20150508,0
1503,20150509,0
1503,20150510,0
1503,20150511,1
1503,20150512,0
1503,20150513,0
1503,20150514,2
1503,20150515,1
1503,20150516,0
1503,20150517,1
1503,20150518,0
1503,20150519,2
1503,20150520,1
1503,20150521,2
1503,20150522,2
1503,20150523,0
1503,20150524,0
1503,20150525,0
1503,20150526,0
1503,20150527,0
1503,20150528,1
1503,20150529,1
1503,20150530,1
1504,20150501,1
1504,20150502,0
1504,20150503,0
1504,20150504,0
1504,20150505,0
1504,20150506,0
1504,20150507,2
1504,20150508,0
1504,20150509,0
1504,20150510,0
1504,20150511,0
1504,20150512,1
1504,20150513,0
1504,20150514,0
1504,20150515,2
1504,20150516,0
1504,20150517,1
1504,20150518,0
1504,20150519,0
1504,20150520,0
1504,20150521,0
1504,20150522,0
1504,20150523,0
1504,20150524,0
1504,20150525,0
1504,20150526,0
1504,20150527,1
1504,20150528,0
1504,20150529,0
1504,20150530,0
1505,20150501,11
1505,20150502,7
1505,20150503,13
1505,20150504,18
1505,20150505,10
1505,20150506,7
1505,20150507,10
1505,20150508,16
1505,20150509,0
1505,20150510,22
1505,20150511,10
1505,20150512,14
1505,20150513,9
1505,20150514,22
1505,20150515,25
1505,20150516,0
1505,20150517,12
1505,20150518,12
1505,20150519,8
1505,20150520,12
1505,20150521,14
1505,20150522,19
1505,20150523,13
1505,20150524,13
1505,20150525,11
1505,20150526,17
1505,20150527,13
1505,20150528,16
1505,20150529,26
1505,20150530,19
1507,20150501,0
1507,20150502,0
1507,20150503,0
1507,20150504,0
1507,20150505,0
1507,20150506,0
1507,20150507,0
1507,20150508,0
1507,20150509,0
1507,20150510,0
1507,20150511,0
1507,20150512,0
1507,20150513,0
1507,20150514,0
1507,20150515,0
1507,20150516,0
1507,20150517,0
1507,20150518,0
1507,20150519,0
1507,20150520,0
1507,20150521,0
1507,20150522,0
1507,20150523,0
1507,20150524,0
1507,20150525,0
1507,20150526,0
1507,20150527,0
1507,20150528,0
1507,20150529,0
1507,20150530,0
1508,20150501,3
1508,20150502,0
1508,20150503,2
1508,20150504,1
1508,20150505,1
1508,20150506,0
1508,20150507,1
1508,20150508,1
1508,20150509,0
1508,20150510,1
1508,20150511,1
1508,20150512,0
1508,20150513,1
1508,20150514,2
1508,20150515,4
1508,20150516,0
1508,20150517,1
1508,20150518,0
1508,20150519,0
1508,20150520,3
1508,20150521,1
1508,20150522,2
1508,20150523,1
1508,20150524,1
1508,20150525,0
1508,20150526,1
1508,20150527,0
1508,20150528,1
1508,20150529,1
1508,20150530,0
1510,20150501,1
1510,20150502,2
1510,20150503,0
1510,20150504,1
1510,20150505,1
1510,20150506,0
1510,20150507,4
1510,20150508,0
1510,20150509,0
1510,20150510,1
1510,20150511,0
1510,20150512,0
1510,20150513,1
1510,20150514,1
1510,20150515,0
1510,20150516,0
1510,20150517,0
1510,20150518,1
1510,20150519,1
1510,20150520,2
1510,20150521,0
1510,20150522,1
1510,20150523,0
1510,20150524,0
1510,20150525,2
1510,20150526,2
1510,20150527,0
1510,20150528,2
1510,20150529,3
1510,20150530,3
1511,20150501,0
1511,20150502,0
1511,20150503,0
1511,20150504,0
1511,20150505,0
1511,20150506,0
1511,20150507,1
1511,20150508,0
1511,20150509,0
1511,20150510,0
1511,20150511,0
1511,20150512,1
1511,20150513,0
1511,20150514,0
1511,20150515,0
1511,20150516,0
1511,20150517,0
1511,20150518,0
1511,20150519,0
1511,20150520,0
1511,20150521,0
1511,20150522,0
1511,20150523,0
1511,20150524,0
1511,20150525,0
1511,20150526,0
1511,20150527,0
1511,20150528,0
1511,20150529,0
1511,20150530,0
1512,20150501,1
1512,20150502,0
1512,20150503,2
1512,20150504,0
1512,20150505,0
1512,20150506,0
1512,20150507,0
1512,20150508,0
1512,20150509,0
1512,20150510,0
1512,20150511,0
1512,20150512,0
1512,20150513,1
1512,20150514,1
1512,20150515,0
1512,20150516,0
1512,20150517,0
1512,20150518,0
1512,20150519,1
1512,20150520,0
1512,20150521,1
1512,20150522,0
1512,20150523,0
1512,20150524,0
1512,20150525,0
1512,20150526,2
1512,20150527,0
1512,20150528,0
1512,20150529,1
1512,20150530,1
1513,20150501,2
1513,20150502,0
1513,20150503,0
1513,20150504,0
1513,20150505,0
1513,20150506,2
1513,20150507,0
1513,20150508,0
1513,20150509,0
1513,20150510,1
1513,20150511,0
1513,20150512,0
1513,20150513,1
1513,20150514,0
1513,20150515,6
1513,20150516,0
1513,20150517,3
1513,20150518,0
1513,20150519,0
1513,20150520,0
1513,20150521,2
1513,20150522,0
1513,20150523,0
1513,20150524,0
1513,20150525,0
1513,20150526,0
1513,20150527,0
1513,20150528,1
1513,20150529,1
1513,20150530,0
1515,20150501,0
1515,20150502,0
1515,20150503,0
1515,20150504,3
1515,20150505,0
1515,20150506,3
1515,20150507,1
1515,20150508,0
1515,20150509,0
1515,20150510,2
1515,20150511,1
1515,20150512,1
1515,20150513,0
1515,20150514,1
1515,20150515,5
1515,20150516,0
1515,20150517,0
1515,20150518,0
1515,20150519,0
1515,20150520,3
1515,20150521,0
1515,20150522,0
1515,20150523,2
1515,20150524,0
1515,20150525,0
1515,20150526,0
1515,20150527,0
1515,20150528,0
1515,20150529,0
1515,20150530,0
1516,20150501,0
1516,20150502,0
1516,20150503,0
1516,20150504,0
1516,20150505,0
1516,20150506,0
1516,20150507,0
1516,20150508,0
1516,20150509,0
1516,20150510,0
1516,20150511,0
1516,20150512,0
1516,20150513,0
1516,20150514,0
1516,20150515,0
1516,20150516,0
1516,20150517,0
1516,20150518,0
1516,20150519,0
1516,20150520,0
1516,20150521,0
1516,20150522,0
1516,20150523,3
1516,20150524,0
1516,20150525,2
1516,20150526,1
1516,20150527,5
1516,20150528,1
1516,20150529,4
1516,20150530,1
1517,20150501,5
1517,20150502,2
1517,20150503,7
1517,20150504,3
1517,20150505,2
1517,20150506,2
1517,20150507,6
1517,20150508,5
1517,20150509,0
1517,20150510,1
1517,20150511,2
1517,20150512,2
1517,20150513,3
1517,20150514,5
1517,20150515,5
1517,20150516,0
1517,20150517,5
1517,20150518,2
1517,20150519,1
1517,20150520,7
1517,20150521,4
1517,20150522,0
1517,20150523,3
1517,20150524,1
1517,20150525,1
1517,20150526,6
1517,20150527,1
1517,20150528,0
1517,20150529,2
1517,20150530,4
1518,20150501,10
1518,20150502,4
1518,20150503,8
1518,20150504,9
1518,20150505,6
1518,20150506,8
1518,20150507,15
1518,20150508,6
1518,20150509,0
1518,20150510,2
1518,20150511,12
1518,20150512,7
1518,20150513,9
1518,20150514,16
1518,20150515,17
1518,20150516,0
1518,20150517,11
1518,20150518,14
1518,20150519,9
1518,20150520,18
1518,20150521,7
1518,20150522,23
1518,20150523,5
1518,20150524,14
1518,20150525,17
1518,20150526,15
1518,20150527,7
1518,20150528,8
1518,20150529,17
1518,20150530,13
1519,20150501,0
1519,20150502,1
1519,20150503,0
1519,20150504,1
1519,20150505,0
1519,20150506,3
1519,20150507,0
1519,20150508,0
1519,20150509,0
1519,20150510,0
1519,20150511,0
1519,20150512,3
1519,20150513,1
1519,20150514,3
1519,20150515,3
1519,20150516,0
1519,20150517,0
1519,20150518,0
1519,20150519,5
1519,20150520,1
1519,20150521,0
1519,20150522,1
1519,20150523,2
1519,20150524,2
1519,20150525,2
1519,20150526,2
1519,20150527,1
1519,20150528,1
1519,20150529,2
1519,20150530,0
1521,20150501,14
1521,20150502,9
1521,20150503,5
1521,20150504,8
1521,20150505,2
1521,20150506,3
1521,20150507,9
1521,20150508,13
1521,20150509,0
1521,20150510,7
1521,20150511,4
1521,20150512,14
1521,20150513,9
1521,20150514,11
1521,20150515,12
1521,20150516,0
1521,20150517,6
1521,20150518,10
1521,20150519,11
1521,20150520,12
1521,20150521,8
1521,20150522,11
1521,20150523,5
1521,20150524,9
1521,20150525,6
1521,20150526,12
1521,20150527,8
1521,20150528,6
1521,20150529,9
1521,20150530,3
2001,20150501,1
2001,20150502,0
2001,20150503,3
2001,20150504,6
2001,20150505,0
2001,20150506,4
2001,20150507,2
2001,20150508,1
2001,20150509,0
2001,20150510,0
2001,20150511,0
2001,20150512,2
2001,20150513,3
2001,20150514,3
2001,20150515,1
2001,20150516,0
2001,20150517,5
2001,20150518,0
2001,20150519,0
2001,20150520,0
2001,20150521,2
2001,20150522,1
2001,20150523,0
2001,20150524,0
2001,20150525,1
2001,20150526,2
2001,20150527,3
2001,20150528,0
2001,20150529,3
2001,20150530,5
2002,20150501,1
2002,20150502,0
2002,20150503,2
2002,20150504,1
2002,20150505,3
2002,20150506,4
2002,20150507,3
2002,20150508,2
2002,20150509,0
2002,20150510,2
2002,20150511,2
2002,20150512,2
2002,20150513,3
2002,20150514,2
2002,20150515,1
2002,20150516,0
2002,20150517,4
2002,20150518,3
2002,20150519,2
2002,20150520,0
2002,20150521,2
2002,20150522,2
2002,20150523,0
2002,20150524,0
2002,20150525,0
2002,20150526,2
2002,20150527,0
2002,20150528,2
2002,20150529,0
2002,20150530,2
2003,20150501,0
2003,20150502,0
2003,20150503,0
2003,20150504,0
2003,20150505,1
2003,20150506,0
2003,20150507,3
2003,20150508,0
2003,20150509,0
2003,20150510,1
2003,20150511,0
2003,20150512,0
2003,20150513,0
2003,20150514,0
2003,20150515,5
2003,20150516,0
2003,20150517,0
2003,20150518,2
2003,20150519,1
2003,20150520,0
2003,20150521,1
2003,20150522,2
2003,20150523,0
2003,20150524,0
2003,20150525,0
2003,20150526,1
2003,20150527,0
2003,20150528,0
2003,20150529,4
2003,20150530,3
2004,20150501,0
2004,20150502,0
2004,20150503,0
2004,20150504,0
2004,20150505,1
2004,20150506,0
2004,20150507,0
2004,20150508,0
2004,20150509,0
2004,20150510,0
2004,20150511,0
2004,20150512,0
2004,20150513,0
2004,20150514,0
2004,20150515,0
2004,20150516,0
2004,20150517,0
2004,20150518,0
2004,20150519,0
2004,20150520,0
2004,20150521,0
2004,20150522,0
2004,20150523,0
2004,20150524,0
2004,20150525,0
2004,20150526,1
2004,20150527,0
2004,20150528,0
2004,20150529,0
2004,20150530,0
2005,20150501,9
2005,20150502,4
2005,20150503,7
2005,20150504,1
2005,20150505,4
2005,20150506,3
2005,20150507,4
2005,20150508,1
2005,20150509,0
2005,20150510,0
2005,20150511,6
2005,20150512,1
2005,20150513,2
2005,20150514,6
2005,20150515,5
2005,20150516,0
2005,20150517,3
2005,20150518,0
2005,20150519,3
2005,20150520,4
2005,20150521,4
2005,20150522,6
2005,20150523,1
2005,20150524,2
2005,20150525,4
2005,20150526,9
2005,20150527,4
2005,20150528,2
2005,20150529,4
2005,20150530,2
2006,20150501,6
2006,20150502,3
2006,20150503,4
2006,20150504,1
2006,20150505,6
2006,20150506,1
2006,20150507,2
2006,20150508,3
2006,20150509,0
2006,20150510,5
2006,20150511,3
2006,20150512,4
2006,20150513,5
2006,20150514,4
2006,20150515,4
2006,20150516,0
2006,20150517,2
2006,20150518,3
2006,20150519,2
2006,20150520,7
2006,20150521,2
2006,20150522,3
2006,20150523,2
2006,20150524,9
2006,20150525,4
2006,20150526,2
2006,20150527,6
2006,20150528,9
2006,20150529,11
2006,20150530,2
2007,20150501,3
2007,20150502,1
2007,20150503,0
2007,20150504,5
2007,20150505,4
2007,20150506,2
2007,20150507,2
2007,20150508,2
2007,20150509,0
2007,20150510,1
2007,20150511,2
2007,20150512,1
2007,20150513,1
2007,20150514,5
2007,20150515,1
2007,20150516,0
2007,20150517,4
2007,20150518,4
2007,20150519,0
2007,20150520,2
2007,20150521,3
2007,20150522,1
2007,20150523,3
2007,20150524,0
2007,20150525,1
2007,20150526,0
2007,20150527,0
2007,20150528,1
2007,20150529,0
2007,20150530,1
2008,20150501,2
2008,20150502,0
2008,20150503,7
2008,20150504,4
2008,20150505,10
2008,20150506,3
2008,20150507,5
2008,20150508,7
2008,20150509,0
2008,20150510,4
2008,20150511,0
2008,20150512,4
2008,20150513,3
2008,20150514,3
2008,20150515,8
2008,20150516,0
2008,20150517,4
2008,20150518,6
2008,20150519,9
2008,20150520,4
2008,20150521,7
2008,20150522,4
2008,20150523,1
2008,20150524,2
2008,20150525,4
2008,20150526,11
2008,20150527,4
2008,20150528,4
2008,20150529,3
2008,20150530,4
2009,20150501,8
2009,20150502,2
2009,20150503,4
2009,20150504,1
2009,20150505,2
2009,20150506,2
2009,20150507,11
2009,20150508,4
2009,20150509,0
2009,20150510,1
2009,20150511,2
2009,20150512,7
2009,20150513,3
2009,20150514,3
2009,20150515,5
2009,20150516,0
2009,20150517,7
2009,20150518,2
2009,20150519,0
2009,20150520,1
2009,20150521,5
2009,20150522,3
2009,20150523,2
2009,20150524,1
2009,20150525,3
2009,20150526,7
2009,20150527,2
2009,20150528,2
2009,20150529,3
2009,20150530,7
2010,20150501,2
2010,20150502,1
2010,20150503,0
2010,20150504,1
2010,20150505,2
2010,20150506,0
2010,20150507,0
2010,20150508,2
2010,20150509,0
2010,20150510,2
2010,20150511,0
2010,20150512,0
2010,20150513,1
2010,20150514,1
2010,20150515,0
2010,20150516,0
2010,20150517,1
2010,20150518,2
2010,20150519,0
2010,20150520,3
2010,20150521,2
2010,20150522,3
2010,20150523,4
2010,20150524,2
2010,20150525,2
2010,20150526,1
2010,20150527,0
2010,20150528,1
2010,20150529,3
2010,20150530,0
2011,20150501,12
2011,20150502,15
2011,20150503,5
2011,20150504,2
2011,20150505,11
2011,20150506,8
2011,20150507,21
2011,20150508,7
2011,20150509,0
2011,20150510,2
2011,20150511,10
2011,20150512,3
2011,20150513,3
2011,20150514,5
2011,20150515,28
2011,20150516,0
2011,20150517,10
2011,20150518,9
2011,20150519,5
2011,20150520,3
2011,20150521,14
2011,20150522,16
2011,20150523,7
2011,20150524,7
2011,20150525,7
2011,20150526,11
2011,20150527,5
2011,20150528,9
2011,20150529,34
2011,20150530,9
2012,20150501,2
2012,20150502,0
2012,20150503,0
2012,20150504,2
2012,20150505,1
2012,20150506,1
2012,20150507,1
2012,20150508,1
2012,20150509,0
2012,20150510,0
2012,20150511,1
2012,20150512,2
2012,20150513,0
2012,20150514,0
2012,20150515,2
2012,20150516,0
2012,20150517,1
2012,20150518,2
2012,20150519,0
2012,20150520,1
2012,20150521,0
2012,20150522,0
2012,20150523,1
2012,20150524,0
2012,20150525,0
2012,20150526,0
2012,20150527,0
2012,20150528,0
2012,20150529,1
2012,20150530,0
2013,20150501,5
2013,20150502,0
2013,20150503,3
2013,20150504,4
2013,20150505,2
2013,20150506,3
2013,20150507,10
2013,20150508,6
2013,20150509,0
2013,20150510,2
2013,20150511,1
2013,20150512,2
2013,20150513,3
2013,20150514,3
2013,20150515,5
2013,20150516,0
2013,20150517,5
2013,20150518,6
2013,20150519,5
2013,20150520,6
2013,20150521,1
2013,20150522,12
2013,20150523,2
2013,20150524,5
2013,20150525,3
2013,20150526,9
2013,20150527,0
2013,20150528,3
2013,20150529,8
2013,20150530,2
2014,20150501,10
2014,20150502,8
2014,20150503,5
2014,20150504,3
2014,20150505,3
2014,20150506,1
2014,20150507,4
2014,20150508,6
2014,20150509,0
2014,20150510,5
2014,20150511,1
2014,20150512,10
2014,20150513,14
2014,20150514,5
2014,20150515,11
2014,20150516,0
2014,20150517,5
2014,20150518,2
2014,20150519,4
2014,20150520,9
2014,20150521,7
2014,20150522,8
2014,20150523,6
2014,20150524,14
2014,20150525,6
2014,20150526,10
2014,20150527,1
2014,20150528,4
2014,20150529,5
2014,20150530,8
2015,20150501,1
2015,20150502,3
2015,20150503,5
2015,20150504,1
2015,20150505,4
2015,20150506,3
2015,20150507,0
2015,20150508,0
2015,20150509,0
2015,20150510,1
2015,20150511,1
2015,20150512,3
2015,20150513,2
2015,20150514,0
2015,20150515,0
2015,20150516,0
2015,20150517,0
2015,20150518,0
2015,20150519,1
2015,20150520,1
2015,20150521,0
2015,20150522,0
2015,20150523,0
2015,20150524,1
2015,20150525,5
2015,20150526,4
2015,20150527,3
2015,20150528,0
2015,20150529,0
2015,20150530,2
2101,20150501,2
2101,20150502,0
2101,20150503,0
2101,20150504,0
2101,20150505,3
2101,20150506,0
2101,20150507,0
2101,20150508,0
2101,20150509,0
2101,20150510,0
2101,20150511,1
2101,20150512,1
2101,20150513,0
2101,20150514,1
2101,20150515,0
2101,20150516,0
2101,20150517,0
2101,20150518,0
2101,20150519,1
2101,20150520,1
2101,20150521,0
2101,20150522,0
2101,20150523,0
2101,20150524,1
2101,20150525,0
2101,20150526,0
2101,20150527,1
2101,20150528,0
2101,20150529,1
2101,20150530,0
2102,20150501,2
2102,20150502,0
2102,20150503,0
2102,20150504,0
2102,20150505,0
2102,20150506,0
2102,20150507,0
2102,20150508,0
2102,20150509,0
2102,20150510,0
2102,20150511,0
2102,20150512,0
2102,20150513,1
2102,20150514,0
2102,20150515,0
2102,20150516,0
2102,20150517,0
2102,20150518,0
2102,20150519,1
2102,20150520,0
2102,20150521,1
2102,20150522,0
2102,20150523,0
2102,20150524,0
2102,20150525,0
2102,20150526,0
2102,20150527,0
2102,20150528,0
2102,20150529,0
2102,20150530,0
2103,20150501,1
2103,20150502,0
2103,20150503,0
2103,20150504,0
2103,20150505,0
2103,20150506,1
2103,20150507,0
2103,20150508,1
2103,20150509,0
2103,20150510,1
2103,20150511,0
2103,20150512,1
2103,20150513,3
2103,20150514,0
2103,20150515,0
2103,20150516,0
2103,20150517,1
2103,20150518,2
2103,20150519,1
2103,20150520,0
2103,20150521,0
2103,20150522,1
2103,20150523,2
2103,20150524,0
2103,20150525,0
2103,20150526,0
2103,20150527,0
2103,20150528,0
2103,20150529,1
2103,20150530,0
2104,20150501,0
2104,20150502,0
2104,20150503,0
2104,20150504,1
2104,20150505,1
2104,20150506,1
2104,20150507,0
2104,20150508,1
2104,20150509,0
2104,20150510,2
2104,20150511,0
2104,20150512,0
2104,20150513,2
2104,20150514,0
2104,20150515,4
2104,20150516,0
2104,20150517,0
2104,20150518,2
2104,20150519,2
2104,20150520,1
2104,20150521,1
2104,20150522,1
2104,20150523,0
2104,20150524,0
2104,20150525,0
2104,20150526,0
2104,20150527,0
2104,20150528,0
2104,20150529,0
2104,20150530,0
2105,20150501,2
2105,20150502,1
2105,20150503,4
2105,20150504,0
2105,20150505,1
2105,20150506,1
2105,20150507,3
2105,20150508,2
2105,20150509,0
2105,20150510,0
2105,20150511,1
2105,20150512,0
2105,20150513,1
2105,20150514,0
2105,20150515,1
2105,20150516,0
2105,20150517,2
2105,20150518,2
2105,20150519,2
2105,20150520,0
2105,20150521,1
2105,20150522,0
2105,20150523,1
2105,20150524,3
2105,20150525,0
2105,20150526,1
2105,20150527,2
2105,20150528,1
2105,20150529,3
2105,20150530,1
2106,20150501,1
2106,20150502,0
2106,20150503,0
2106,20150504,2
2106,20150505,0
2106,20150506,2
2106,20150507,0
2106,20150508,2
2106,20150509,0
2106,20150510,1
2106,20150511,0
2106,20150512,0
2106,20150513,1
2106,20150514,1
2106,20150515,1
2106,20150516,0
2106,20150517,0
2106,20150518,0
2106,20150519,0
2106,20150520,1
2106,20150521,1
2106,20150522,0
2106,20150523,1
2106,20150524,0
2106,20150525,0
2106,20150526,0
2106,20150527,0
2106,20150528,1
2106,20150529,0
2106,20150530,1
2107,20150501,0
2107,20150502,0
2107,20150503,0
2107,20150504,0
2107,20150505,0
2107,20150506,0
2107,20150507,0
2107,20150508,0
2107,20150509,0
2107,20150510,0
2107,20150511,0
2107,20150512,0
2107,20150513,0
2107,20150514,0
2107,20150515,0
2107,20150516,0
2107,20150517,0
2107,20150518,0
2107,20150519,0
2107,20150520,0
2107,20150521,0
2107,20150522,0
2107,20150523,0
2107,20150524,0
2107,20150525,0
2107,20150526,0
2107,20150527,0
2107,20150528,0
2107,20150529,0
2107,20150530,0
2201,20150501,12
2201,20150502,8
2201,20150503,14
2201,20150504,40
2201,20150505,15
2201,20150506,11
2201,20150507,21
2201,20150508,13
2201,20150509,0
2201,20150510,14
2201,20150511,14
2201,20150512,15
2201,20150513,8
2201,20150514,31
2201,20150515,18
2201,20150516,0
2201,20150517,7
2201,20150518,27
2201,20150519,9
2201,20150520,7
2201,20150521,10
2201,20150522,16
2201,20150523,15
2201,20150524,6
2201,20150525,13
2201,20150526,10
2201,20150527,12
2201,20150528,5
2201,20150529,18
2201,20150530,13
2202,20150501,15
2202,20150502,8
2202,20150503,17
2202,20150504,17
2202,20150505,9
2202,20150506,2
2202,20150507,16
2202,20150508,16
2202,20150509,0
2202,20150510,14
2202,20150511,13
2202,20150512,18
2202,20150513,15
2202,20150514,23
2202,20150515,21
2202,20150516,0
2202,20150517,9
2202,20150518,34
2202,20150519,19
2202,20150520,13
2202,20150521,11
2202,20150522,23
2202,20150523,15
2202,20150524,14
2202,20150525,16
2202,20150526,14
2202,20150527,9
2202,20150528,7
2202,20150529,26
2202,20150530,23
2203,20150501,8
2203,20150502,4
2203,20150503,13
2203,20150504,40
2203,20150505,18
2203,20150506,11
2203,20150507,14
2203,20150508,17
2203,20150509,0
2203,20150510,7
2203,20150511,15
2203,20150512,11
2203,20150513,2
2203,20150514,12
2203,20150515,21
2203,20150516,0
2203,20150517,10
2203,20150518,25
2203,20150519,8
2203,20150520,4
2203,20150521,2
2203,20150522,17
2203,20150523,10
2203,20150524,8
2203,20150525,10
2203,20150526,4
2203,20150527,6
2203,20150528,7
2203,20150529,15
2203,20150530,13
2204,20150501,13
2204,20150502,2
2204,20150503,10
2204,20150504,8
2204,20150505,9
2204,20150506,6
2204,20150507,17
2204,20150508,5
2204,20150509,0
2204,20150510,9
2204,20150511,6
2204,20150512,8
2204,20150513,8
2204,20150514,3
2204,20150515,7
2204,20150516,0
2204,20150517,3
2204,20150518,5
2204,20150519,5
2204,20150520,3
2204,20150521,4
2204,20150522,11
2204,20150523,8
2204,20150524,2
2204,20150525,4
2204,20150526,4
2204,20150527,3
2204,20150528,1
2204,20150529,10
2204,20150530,6
2205,20150501,11
2205,20150502,6
2205,20150503,13
2205,20150504,12
2205,20150505,9
2205,20150506,5
2205,20150507,7
2205,20150508,8
2205,20150509,0
2205,20150510,5
2205,20150511,6
2205,20150512,9
2205,20150513,12
2205,20150514,14
2205,20150515,11
2205,20150516,0
2205,20150517,12
2205,20150518,5
2205,20150519,5
2205,20150520,2
2205,20150521,5
2205,20150522,14
2205,20150523,5
2205,20150524,8
2205,20150525,6
2205,20150526,4
2205,20150527,2
2205,20150528,3
2205,20150529,6
2205,20150530,9
2206,20150501,8
2206,20150502,3
2206,20150503,13
2206,20150504,10
2206,20150505,6
2206,20150506,1
2206,20150507,6
2206,20150508,14
2206,20150509,0
2206,20150510,7
2206,20150511,10
2206,20150512,8
2206,20150513,6
2206,20150514,10
2206,20150515,12
2206,20150516,0
2206,20150517,10
2206,20150518,5
2206,20150519,3
2206,20150520,1
2206,20150521,8
2206,20150522,10
2206,20150523,18
2206,20150524,3
2206,20150525,6
2206,20150526,5
2206,20150527,2
2206,20150528,3
2206,20150529,14
2206,20150530,13
2207,20150501,2
2207,20150502,2
2207,20150503,12
2207,20150504,4
2207,20150505,7
2207,20150506,5
2207,20150507,9
2207,20150508,4
2207,20150509,0
2207,20150510,4
2207,20150511,3
2207,20150512,9
2207,20150513,2
2207,20150514,6
2207,20150515,6
2207,20150516,0
2207,20150517,0
2207,20150518,4
2207,20150519,3
2207,20150520,2
2207,20150521,2
2207,20150522,2
2207,20150523,2
2207,20150524,2
2207,20150525,2
2207,20150526,4
2207,20150527,4
2207,20150528,1
2207,20150529,7
2207,20150530,7
2208,20150501,2
2208,20150502,3
2208,20150503,3
2208,20150504,3
2208,20150505,2
2208,20150506,0
2208,20150507,6
2208,20150508,1
2208,20150509,0
2208,20150510,1
2208,20150511,3
2208,20150512,1
2208,20150513,0
2208,20150514,4
2208,20150515,7
2208,20150516,0
2208,20150517,4
2208,20150518,3
2208,20150519,2
2208,20150520,3
2208,20150521,0
2208,20150522,5
2208,20150523,1
2208,20150524,1
2208,20150525,5
2208,20150526,3
2208,20150527,0
2208,20150528,1
2208,20150529,2
2208,20150530,3
2209,20150501,2
2209,20150502,3
2209,20150503,7
2209,20150504,2
2209,20150505,3
2209,20150506,0
2209,20150507,2
2209,20150508,2
2209,20150509,0
2209,20150510,1
2209,20150511,2
2209,20150512,2
2209,20150513,0
2209,20150514,1
2209,20150515,2
2209,20150516,0
2209,20150517,3
2209,20150518,7
2209,20150519,2
2209,20150520,1
2209,20150521,1
2209,20150522,3
2209,20150523,0
2209,20150524,1
2209,20150525,4
2209,20150526,2
2209,20150527,0
2209,20150528,2
2209,20150529,1
2209,20150530,3
2210,20150501,1
2210,20150502,2
2210,20150503,6
2210,20150504,1
2210,20150505,1
2210,20150506,0
2210,20150507,1
2210,20150508,4
2210,20150509,0
2210,20150510,6
2210,20150511,1
2210,20150512,3
2210,20150513,0
2210,20150514,4
2210,20150515,5
2210,20150516,0
2210,20150517,7
2210,20150518,0
2210,20150519,0
2210,20150520,0
2210,20150521,3
2210,20150522,15
2210,20150523,3
2210,20150524,2
2210,20150525,6
2210,20150526,4
2210,20150527,3
2210,20150528,0
2210,20150529,4
2210,20150530,10
2211,20150501,1
2211,20150502,0
2211,20150503,2
2211,20150504,2
2211,20150505,1
2211,20150506,0
2211,20150507,0
2211,20150508,0
2211,20150509,0
2211,20150510,0
2211,20150511,0
2211,20150512,0
2211,20150513,0
2211,20150514,1
2211,20150515,0
2211,20150516,0
2211,20150517,0
2211,20150518,0
2211,20150519,0
2211,20150520,0
2211,20150521,0
2211,20150522,1
2211,20150523,0
2211,20150524,0
2211,20150525,0
2211,20150526,0
2211,20150527,0
2211,20150528,0
2211,20150529,0
2211,20150530,1
2212,20150501,1
2212,20150502,1
2212,20150503,0
2212,20150504,1
2212,20150505,1
2212,20150506,0
2212,20150507,2
2212,20150508,2
2212,20150509,0
2212,20150510,1
2212,20150511,3
2212,20150512,1
2212,20150513,0
2212,20150514,2
2212,20150515,1
2212,20150516,0
2212,20150517,2
2212,20150518,0
2212,20150519,4
2212,20150520,0
2212,20150521,3
2212,20150522,1
2212,20150523,1
2212,20150524,1
2212,20150525,1
2212,20150526,4
2212,20150527,1
2212,20150528,2
2212,20150529,1
2212,20150530,0
2301,20150501,0
2301,20150502,3
2301,20150503,2
2301,20150504,0
2301,20150505,1
2301,20150506,1
2301,20150507,4
2301,20150508,1
2301,20150509,0
2301,20150510,0
2301,20150511,0
2301,20150512,2
2301,20150513,0
2301,20150514,2
2301,20150515,4
2301,20150516,0
2301,20150517,3
2301,20150518,0
2301,20150519,1
2301,20150520,2
2301,20150521,0
2301,20150522,2
2301,20150523,0
2301,20150524,0
2301,20150525,3
2301,20150526,7
2301,20150527,2
2301,20150528,0
2301,20150529,1
2301,20150530,1
2302,20150501,0
2302,20150502,2
2302,20150503,1
2302,20150504,2
2302,20150505,0
2302,20150506,1
2302,20150507,1
2302,20150508,1
2302,20150509,0
2302,20150510,4
2302,20150511,3
2302,20150512,2
2302,20150513,0
2302,20150514,3
2302,20150515,1
2302,20150516,0
2302,20150517,1
2302,20150518,1
2302,20150519,0
2302,20150520,2
2302,20150521,3
2302,20150522,1
2302,20150523,0
2302,20150524,1
2302,20150525,5
2302,20150526,1
2302,20150527,0
2302,20150528,0
2302,20150529,0
2302,20150530,4
2303,20150501,1
2303,20150502,2
2303,20150503,1
2303,20150504,3
2303,20150505,0
2303,20150506,1
2303,20150507,2
2303,20150508,5
2303,20150509,0
2303,20150510,0
2303,20150511,8
2303,20150512,3
2303,20150513,1
2303,20150514,2
2303,20150515,2
2303,20150516,0
2303,20150517,2
2303,20150518,3
2303,20150519,1
2303,20150520,0
2303,20150521,1
2303,20150522,3
2303,20150523,0
2303,20150524,3
2303,20150525,4
2303,20150526,7
2303,20150527,1
2303,20150528,3
2303,20150529,6
2303,20150530,6
2304,20150501,0
2304,20150502,1
2304,20150503,0
2304,20150504,0
2304,20150505,1
2304,20150506,0
2304,20150507,0
2304,20150508,0
2304,20150509,0
2304,20150510,0
2304,20150511,1
2304,20150512,0
2304,20150513,0
2304,20150514,0
2304,20150515,1
2304,20150516,0
2304,20150517,0
2304,20150518,0
2304,20150519,0
2304,20150520,0
2304,20150521,0
2304,20150522,0
2304,20150523,0
2304,20150524,0
2304,20150525,1
2304,20150526,2
2304,20150527,1
2304,20150528,0
2304,20150529,1
2304,20150530,1
2305,20150501,1
2305,20150502,0
2305,20150503,2
2305,20150504,2
2305,20150505,4
2305,20150506,0
2305,20150507,0
2305,20150508,0
2305,20150509,0
2305,20150510,0
2305,20150511,2
2305,20150512,4
2305,20150513,0
2305,20150514,0
2305,20150515,1
2305,20150516,0
2305,20150517,3
2305,20150518,0
2305,20150519,2
2305,20150520,0
2305,20150521,1
2305,20150522,1
2305,20150523,3
2305,20150524,1
2305,20150525,8
2305,20150526,2
2305,20150527,0
2305,20150528,3
2305,20150529,1
2305,20150530,5
2306,20150501,1
2306,20150502,0
2306,20150503,1
2306,20150504,5
2306,20150505,0
2306,20150506,1
2306,20150507,0
2306,20150508,0
2306,20150509,0
2306,20150510,1
2306,20150511,2
2306,20150512,2
2306,20150513,0
2306,20150514,4
2306,20150515,2
2306,20150516,0
2306,20150517,2
2306,20150518,3
2306,20150519,0
2306,20150520,0
2306,20150521,0
2306,20150522,0
2306,20150523,2
2306,20150524,3
2306,20150525,1
2306,20150526,3
2306,20150527,0
2306,20150528,3
2306,20150529,0
2306,20150530,16
2307,20150501,1
2307,20150502,3
2307,20150503,2
2307,20150504,3
2307,20150505,1
2307,20150506,0
2307,20150507,0
2307,20150508,0
2307,20150509,0
2307,20150510,0
2307,20150511,4
2307,20150512,2
2307,20150513,0
2307,20150514,1
2307,20150515,3
2307,20150516,0
2307,20150517,1
2307,20150518,2
2307,20150519,1
2307,20150520,0
2307,20150521,3
2307,20150522,3
2307,20150523,1
2307,20150524,2
2307,20150525,4
2307,20150526,3
2307,20150527,3
2307,20150528,1
2307,20150529,2
2307,20150530,7
2309,20150501,1
2309,20150502,2
2309,20150503,1
2309,20150504,2
2309,20150505,0
2309,20150506,4
2309,20150507,1
2309,20150508,8
2309,20150509,0
2309,20150510,0
2309,20150511,1
2309,20150512,4
2309,20150513,4
2309,20150514,0
2309,20150515,0
2309,20150516,0
2309,20150517,0
2309,20150518,0
2309,20150519,1
2309,20150520,0
2309,20150521,0
2309,20150522,0
2309,20150523,2
2309,20150524,2
2309,20150525,1
2309,20150526,5
2309,20150527,3
2309,20150528,2
2309,20150529,2
2309,20150530,0
2310,20150501,0
2310,20150502,0
2310,20150503,1
2310,20150504,0
2310,20150505,0
2310,20150506,0
2310,20150507,0
2310,20150508,0
2310,20150509,0
2310,20150510,1
2310,20150511,0
2310,20150512,0
2310,20150513,0
2310,20150514,1
2310,20150515,0
2310,20150516,0
2310,20150517,0
2310,20150518,0
2310,20150519,2
2310,20150520,0
2310,20150521,1
2310,20150522,0
2310,20150523,0
2310,20150524,1
2310,20150525,0
2310,20150526,0
2310,20150527,0
2310,20150528,0
2310,20150529,0
2310,20150530,0
2311,20150501,1
2311,20150502,2
2311,20150503,5
2311,20150504,3
2311,20150505,1
2311,20150506,0
2311,20150507,5
2311,20150508,1
2311,20150509,0
2311,20150510,2
2311,20150511,1
2311,20150512,0
2311,20150513,2
2311,20150514,2
2311,20150515,0
2311,20150516,0
2311,20150517,0
2311,20150518,0
2311,20150519,1
2311,20150520,0
2311,20150521,1
2311,20150522,1
2311,20150523,1
2311,20150524,0
2311,20150525,3
2311,20150526,1
2311,20150527,0
2311,20150528,3
2311,20150529,0
2311,20150530,1
2312,20150501,0
2312,20150502,0
2312,20150503,0
2312,20150504,0
2312,20150505,0
2312,20150506,0
2312,20150507,1
2312,20150508,0
2312,20150509,0
2312,20150510,0
2312,20150511,0
2312,20150512,0
2312,20150513,0
2312,20150514,0
2312,20150515,2
2312,20150516,0
2312,20150517,0
2312,20150518,0
2312,20150519,0
2312,20150520,0
2312,20150521,0
2312,20150522,0
2312,20150523,0
2312,20150524,1
2312,20150525,0
2312,20150526,0
2312,20150527,0
2312,20150528,0
2312,20150529,0
2312,20150530,0
2313,20150501,0
2313,20150502,1
2313,20150503,2
2313,20150504,0
2313,20150505,0
2313,20150506,1
2313,20150507,1
2313,20150508,0
2313,20150509,0
2313,20150510,0
2313,20150511,1
2313,20150512,0
2313,20150513,0
2313,20150514,0
2313,20150515,0
2313,20150516,0
2313,20150517,0
2313,20150518,0
2313,20150519,1
2313,20150520,0
2313,20150521,0
2313,20150522,0
2313,20150523,0
2313,20150524,0
2313,20150525,0
2313,20150526,0
2313,20150527,0
2313,20150528,0
2313,20150529,0
2313,20150530,0
2314,20150501,0
2314,20150502,0
2314,20150503,0
2314,20150504,0
2314,20150505,0
2314,20150506,1
2314,20150507,1
2314,20150508,0
2314,20150509,0
2314,20150510,0
2314,20150511,3
2314,20150512,0
2314,20150513,0
2314,20150514,0
2314,20150515,0
2314,20150516,0
2314,20150517,1
2314,20150518,0
2314,20150519,2
2314,20150520,0
2314,20150521,0
2314,20150522,2
2314,20150523,0
2314,20150524,1
2314,20150525,0
2314,20150526,0
2314,20150527,0
2314,20150528,5
2314,20150529,0
2314,20150530,2
2316,20150501,1
2316,20150502,0
2316,20150503,4
2316,20150504,4
2316,20150505,2
2316,20150506,2
2316,20150507,1
2316,20150508,1
2316,20150509,0
2316,20150510,0
2316,20150511,0
2316,20150512,0
2316,20150513,0
2316,20150514,1
2316,20150515,2
2316,20150516,0
2316,20150517,1
2316,20150518,3
2316,20150519,2
2316,20150520,1
2316,20150521,0
2316,20150522,1
2316,20150523,1
2316,20150524,1
2316,20150525,1
2316,20150526,2
2316,20150527,2
2316,20150528,0
2316,20150529,2
2316,20150530,1
2317,20150501,0
2317,20150502,0
2317,20150503,0
2317,20150504,0
2317,20150505,1
2317,20150506,0
2317,20150507,0
2317,20150508,1
2317,20150509,0
2317,20150510,0
2317,20150511,0
2317,20150512,0
2317,20150513,0
2317,20150514,0
2317,20150515,0
2317,20150516,0
2317,20150517,0
2317,20150518,0
2317,20150519,0
2317,20150520,0
2317,20150521,0
2317,20150522,0
2317,20150523,0
2317,20150524,0
2317,20150525,0
2317,20150526,1
2317,20150527,0
2317,20150528,2
2317,20150529,0
2317,20150530,2
3001,20150501,1
3001,20150502,0
3001,20150503,0
3001,20150504,0
3001,20150505,0
3001,20150506,1
3001,20150507,0
3001,20150508,0
3001,20150509,0
3001,20150510,0
3001,20150511,0
3001,20150512,0
3001,20150513,0
3001,20150514,1
3001,20150515,0
3001,20150516,0
3001,20150517,0
3001,20150518,0
3001,20150519,1
3001,20150520,0
3001,20150521,0
3001,20150522,0
3001,20150523,0
3001,20150524,0
3001,20150525,0
3001,20150526,0
3001,20150527,0
3001,20150528,0
3001,20150529,0
3001,20150530,0
3002,20150501,4
3002,20150502,1
3002,20150503,0
3002,20150504,0
3002,20150505,2
3002,20150506,3
3002,20150507,1
3002,20150508,2
3002,20150509,0
3002,20150510,1
3002,20150511,2
3002,20150512,0
3002,20150513,0
3002,20150514,0
3002,20150515,0
3002,20150516,0
3002,20150517,1
3002,20150518,1
3002,20150519,3
3002,20150520,0
3002,20150521,1
3002,20150522,0
3002,20150523,2
3002,20150524,2
3002,20150525,0
3002,20150526,2
3002,20150527,1
3002,20150528,2
3002,20150529,4
3002,20150530,2
3003,20150501,0
3003,20150502,0
3003,20150503,0
3003,20150504,0
3003,20150505,0
3003,20150506,0
3003,20150507,0
3003,20150508,0
3003,20150509,0
3003,20150510,0
3003,20150511,1
3003,20150512,0
3003,20150513,0
3003,20150514,0
3003,20150515,1
3003,20150516,0
3003,20150517,0
3003,20150518,0
3003,20150519,0
3003,20150520,0
3003,20150521,0
3003,20150522,1
3003,20150523,0
3003,20150524,0
3003,20150525,0
3003,20150526,0
3003,20150527,3
3003,20150528,0
3003,20150529,0
3003,20150530,0
3004,20150501,0
3004,20150502,0
3004,20150503,0
3004,20150504,1
3004,20150505,0
3004,20150506,0
3004,20150507,0
3004,20150508,0
3004,20150509,0
3004,20150510,0
3004,20150511,0
3004,20150512,0
3004,20150513,0
3004,20150514,0
3004,20150515,1
3004,20150516,0
3004,20150517,1
3004,20150518,0
3004,20150519,1
3004,20150520,0
3004,20150521,0
3004,20150522,0
3004,20150523,0
3004,20150524,1
3004,20150525,0
3004,20150526,0
3004,20150527,0
3004,20150528,0
3004,20150529,1
3004,20150530,0
3005,20150501,0
3005,20150502,0
3005,20150503,0
3005,20150504,0
3005,20150505,0
3005,20150506,0
3005,20150507,0
3005,20150508,0
3005,20150509,0
3005,20150510,0
3005,20150511,0
3005,20150512,0
3005,20150513,0
3005,20150514,1
3005,20150515,0
3005,20150516,0
3005,20150517,0
3005,20150518,0
3005,20150519,0
3005,20150520,0
3005,20150521,0
3005,20150522,0
3005,20150523,0
3005,20150524,0
3005,20150525,0
3005,20150526,1
3005,20150527,0
3005,20150528,0
3005,20150529,4
3005,20150530,1
3006,20150501,0
3006,20150502,0
3006,20150503,2
3006,20150504,0
3006,20150505,3
3006,20150506,1
3006,20150507,3
3006,20150508,6
3006,20150509,0
3006,20150510,1
3006,20150511,5
3006,20150512,3
3006,20150513,2
3006,20150514,3
3006,20150515,2
3006,20150516,0
3006,20150517,0
3006,20150518,0
3006,20150519,3
3006,20150520,0
3006,20150521,7
3006,20150522,3
3006,20150523,5
3006,20150524,2
3006,20150525,4
3006,20150526,9
3006,20150527,2
3006,20150528,3
3006,20150529,9
3006,20150530,1
3007,20150501,1
3007,20150502,1
3007,20150503,0
3007,20150504,0
3007,20150505,4
3007,20150506,1
3007,20150507,0
3007,20150508,1
3007,20150509,0
3007,20150510,0
3007,20150511,0
3007,20150512,3
3007,20150513,1
3007,20150514,1
3007,20150515,5
3007,20150516,0
3007,20150517,0
3007,20150518,0
3007,20150519,0
3007,20150520,0
3007,20150521,1
3007,20150522,2
3007,20150523,3
3007,20150524,1
3007,20150525,0
3007,20150526,2
3007,20150527,0
3007,20150528,0
3007,20150529,5
3007,20150530,2
3008,20150501,2
3008,20150502,3
3008,20150503,0
3008,20150504,1
3008,20150505,1
3008,20150506,0
3008,20150507,3
3008,20150508,3
3008,20150509,0
3008,20150510,1
3008,20150511,2
3008,20150512,4
3008,20150513,1
3008,20150514,2
3008,20150515,1
3008,20150516,0
3008,20150517,2
3008,20150518,0
3008,20150519,3
3008,20150520,4
3008,20150521,0
3008,20150522,6
3008,20150523,4
3008,20150524,2
3008,20150525,2
3008,20150526,1
3008,20150527,0
3008,20150528,0
3008,20150529,0
3008,20150530,0
3010,20150501,0
3010,20150502,0
3010,20150503,1
3010,20150504,0
3010,20150505,0
3010,20150506,0
3010,20150507,0
3010,20150508,0
3010,20150509,0
3010,20150510,0
3010,20150511,0
3010,20150512,0
3010,20150513,1
3010,20150514,0
3010,20150515,1
3010,20150516,0
3010,20150517,1
3010,20150518,1
3010,20150519,1
3010,20150520,1
3010,20150521,0
3010,20150522,0
3010,20150523,2
3010,20150524,2
3010,20150525,0
3010,20150526,1
3010,20150527,0
3010,20150528,2
3010,20150529,0
3010,20150530,2
3011,20150501,0
3011,20150502,0
3011,20150503,0
3011,20150504,1
3011,20150505,1
3011,20150506,0
3011,20150507,1
3011,20150508,1
3011,20150509,0
3011,20150510,1
3011,20150511,0
3011,20150512,1
3011,20150513,1
3011,20150514,0
3011,20150515,1
3011,20150516,0
3011,20150517,0
3011,20150518,0
3011,20150519,2
3011,20150520,1
3011,20150521,1
3011,20150522,0
3011,20150523,1
3011,20150524,0
3011,20150525,0
3011,20150526,0
3011,20150527,0
3011,20150528,1
3011,20150529,0
3011,20150530,0
3013,20150501,7
3013,20150502,2
3013,20150503,10
3013,20150504,1
3013,20150505,4
3013,20150506,3
3013,20150507,2
3013,20150508,5
3013,20150509,0
3013,20150510,7
3013,20150511,6
3013,20150512,6
3013,20150513,2
3013,20150514,7
3013,20150515,6
3013,20150516,0
3013,20150517,2
3013,20150518,0
3013,20150519,4
3013,20150520,9
3013,20150521,3
3013,20150522,5
3013,20150523,5
3013,20150524,7
3013,20150525,4
3013,20150526,5
3013,20150527,0
3013,20150528,6
3013,20150529,4
3013,20150530,2
3014,20150501,0
3014,20150502,0
3014,20150503,0
3014,20150504,0
3014,20150505,0
3014,20150506,0
3014,20150507,0
3014,20150508,0
3014,20150509,0
3014,20150510,0
3014,20150511,0
3014,20150512,0
3014,20150513,0
3014,20150514,0
3014,20150515,1
3014,20150516,0
3014,20150517,0
3014,20150518,0
3014,20150519,0
3014,20150520,0
3014,20150521,0
3014,20150522,0
3014,20150523,0
3014,20150524,0
3014,20150525,0
3014,20150526,0
3014,20150527,0
3014,20150528,0
3014,20150529,0
3014,20150530,0
3016,20150501,12
3016,20150502,9
3016,20150503,7
3016,20150504,4
3016,20150505,5
3016,20150506,4
3016,20150507,20
3016,20150508,23
3016,20150509,0
3016,20150510,5
3016,20150511,10
3016,20150512,1
3016,20150513,6
3016,20150514,7
3016,20150515,20
3016,20150516,0
3016,20150517,4
3016,20150518,7
3016,20150519,3
3016,20150520,2
3016,20150521,4
3016,20150522,25
3016,20150523,6
3016,20150524,6
3016,20150525,7
3016,20150526,10
3016,20150527,8
3016,20150528,7
3016,20150529,12
3016,20150530,7
3017,20150501,0
3017,20150502,0
3017,20150503,0
3017,20150504,0
3017,20150505,0
3017,20150506,1
3017,20150507,0
3017,20150508,0
3017,20150509,0
3017,20150510,0
3017,20150511,0
3017,20150512,0
3017,20150513,0
3017,20150514,1
3017,20150515,1
3017,20150516,0
3017,20150517,0
3017,20150518,0
3017,20150519,0
3017,20150520,3
3017,20150521,0
3017,20150522,0
3017,20150523,2
3017,20150524,0
3017,20150525,0
3017,20150526,1
3017,20150527,0
3017,20150528,0
3017,20150529,2
3017,20150530,0
3018,20150501,9
3018,20150502,7
3018,20150503,11
3018,20150504,1
3018,20150505,1
3018,20150506,3
3018,20150507,8
3018,20150508,7
3018,20150509,0
3018,20150510,1
3018,20150511,0
3018,20150512,4
3018,20150513,1
3018,20150514,5
3018,20150515,8
3018,20150516,0
3018,20150517,8
3018,20150518,5
3018,20150519,0
3018,20150520,6
3018,20150521,8
3018,20150522,5
3018,20150523,6
3018,20150524,2
3018,20150525,4
3018,20150526,13
3018,20150527,10
3018,20150528,1
3018,20150529,6
3018,20150530,7
3102,20150501,0
3102,20150502,0
3102,20150503,0
3102,20150504,0
3102,20150505,0
3102,20150506,0
3102,20150507,0
3102,20150508,0
3102,20150509,0
3102,20150510,0
3102,20150511,0
3102,20150512,0
3102,20150513,0
3102,20150514,0
3102,20150515,0
3102,20150516,0
3102,20150517,1
3102,20150518,0
3102,20150519,0
3102,20150520,0
3102,20150521,0
3102,20150522,0
3102,20150523,0
3102,20150524,0
3102,20150525,0
3102,20150526,0
3102,20150527,0
3102,20150528,0
3102,20150529,0
3102,20150530,0
3105,20150501,0
3105,20150502,0
3105,20150503,0
3105,20150504,0
3105,20150505,0
3105,20150506,0
3105,20150507,0
3105,20150508,0
3105,20150509,0
3105,20150510,0
3105,20150511,0
3105,20150512,0
3105,20150513,0
3105,20150514,0
3105,20150515,0
3105,20150516,0
3105,20150517,0
3105,20150518,1
3105,20150519,0
3105,20150520,0
3105,20150521,0
3105,20150522,0
3105,20150523,0
3105,20150524,0
3105,20150525,0
3105,20150526,0
3105,20150527,0
3105,20150528,0
3105,20150529,0
3105,20150530,0
3107,20150501,0
3107,20150502,0
3107,20150503,0
3107,20150504,0
3107,20150505,0
3107,20150506,0
3107,20150507,0
3107,20150508,0
3107,20150509,0
3107,20150510,0
3107,20150511,0
3107,20150512,0
3107,20150513,0
3107,20150514,0
3107,20150515,0
3107,20150516,0
3107,20150517,0
3107,20150518,1
3107,20150519,0
3107,20150520,0
3107,20150521,0
3107,20150522,0
3107,20150523,0
3107,20150524,0
3107,20150525,0
3107,20150526,0
3107,20150527,0
3107,20150528,0
3107,20150529,0
3107,20150530,0
3109,20150501,0
3109,20150502,0
3109,20150503,0
3109,20150504,0
3109,20150505,0
3109,20150506,0
3109,20150507,0
3109,20150508,0
3109,20150509,0
3109,20150510,0
3109,20150511,0
3109,20150512,0
3109,20150513,0
3109,20150514,0
3109,20150515,0
3109,20150516,0
3109,20150517,0
3109,20150518,0
3109,20150519,0
3109,20150520,0
3109,20150521,0
3109,20150522,0
3109,20150523,0
3109,20150524,1
3109,20150525,0
3109,20150526,0
3109,20150527,0
3109,20150528,0
3109,20150529,0
3109,20150530,0
3110,20150501,0
3110,20150502,0
3110,20150503,0
3110,20150504,0
3110,20150505,4
3110,20150506,2
3110,20150507,0
3110,20150508,0
3110,20150509,0
3110,20150510,1
3110,20150511,0
3110,20150512,0
3110,20150513,1
3110,20150514,0
3110,20150515,0
3110,20150516,0
3110,20150517,0
3110,20150518,0
3110,20150519,0
3110,20150520,3
3110,20150521,1
3110,20150522,0
3110,20150523,0
3110,20150524,0
3110,20150525,0
3110,20150526,1
3110,20150527,0
3110,20150528,1
3110,20150529,1
3110,20150530,0
3112,20150501,1
3112,20150502,0
3112,20150503,1
3112,20150504,0
3112,20150505,1
3112,20150506,0
3112,20150507,0
3112,20150508,0
3112,20150509,0
3112,20150510,0
3112,20150511,0
3112,20150512,0
3112,20150513,0
3112,20150514,0
3112,20150515,0
3112,20150516,0
3112,20150517,3
3112,20150518,0
3112,20150519,0
3112,20150520,0
3112,20150521,0
3112,20150522,0
3112,20150523,0
3112,20150524,1
3112,20150525,0
3112,20150526,1
3112,20150527,0
3112,20150528,0
3112,20150529,0
3112,20150530,0
3113,20150501,0
3113,20150502,0
3113,20150503,0
3113,20150504,0
3113,20150505,1
3113,20150506,0
3113,20150507,0
3113,20150508,0
3113,20150509,0
3113,20150510,0
3113,20150511,0
3113,20150512,0
3113,20150513,0
3113,20150514,0
3113,20150515,0
3113,20150516,0
3113,20150517,0
3113,20150518,0
3113,20150519,1
3113,20150520,0
3113,20150521,0
3113,20150522,0
3113,20150523,0
3113,20150524,0
3113,20150525,0
3113,20150526,0
3113,20150527,0
3113,20150528,0
3113,20150529,0
3113,20150530,0
3114,20150501,4
3114,20150502,0
3114,20150503,0
3114,20150504,0
3114,20150505,3
3114,20150506,1
3114,20150507,0
3114,20150508,0
3114,20150509,0
3114,20150510,1
3114,20150511,1
3114,20150512,0
3114,20150513,1
3114,20150514,0
3114,20150515,2
3114,20150516,0
3114,20150517,0
3114,20150518,0
3114,20150519,1
3114,20150520,0
3114,20150521,1
3114,20150522,0
3114,20150523,0
3114,20150524,0
3114,20150525,2
3114,20150526,2
3114,20150527,2
3114,20150528,0
3114,20150529,2
3114,20150530,0
3116,20150501,0
3116,20150502,0
3116,20150503,0
3116,20150504,1
3116,20150505,0
3116,20150506,0
3116,20150507,1
3116,20150508,0
3116,20150509,0
3116,20150510,0
3116,20150511,0
3116,20150512,3
3116,20150513,0
3116,20150514,0
3116,20150515,0
3116,20150516,0
3116,20150517,0
3116,20150518,0
3116,20150519,1
3116,20150520,1
3116,20150521,1
3116,20150522,1
3116,20150523,0
3116,20150524,0
3116,20150525,0
3116,20150526,1
3116,20150527,0
3116,20150528,0
3116,20150529,1
3116,20150530,2
3117,20150501,3
3117,20150502,0
3117,20150503,0
3117,20150504,0
3117,20150505,0
3117,20150506,2
3117,20150507,0
3117,20150508,0
3117,20150509,0
3117,20150510,0
3117,20150511,2
3117,20150512,0
3117,20150513,0
3117,20150514,0
3117,20150515,0
3117,20150516,0
3117,20150517,0
3117,20150518,0
3117,20150519,0
3117,20150520,0
3117,20150521,0
3117,20150522,0
3117,20150523,0
3117,20150524,0
3117,20150525,0
3117,20150526,1
3117,20150527,2
3117,20150528,0
3117,20150529,1
3117,20150530,0
3118,20150501,1
3118,20150502,0
3118,20150503,0
3118,20150504,0
3118,20150505,1
3118,20150506,0
3118,20150507,0
3118,20150508,0
3118,20150509,0
3118,20150510,0
3118,20150511,0
3118,20150512,0
3118,20150513,1
3118,20150514,2
3118,20150515,0
3118,20150516,0
3118,20150517,0
3118,20150518,3
3118,20150519,0
3118,20150520,1
3118,20150521,1
3118,20150522,0
3118,20150523,1
3118,20150524,0
3118,20150525,1
3118,20150526,0
3118,20150527,3
3118,20150528,1
3118,20150529,1
3118,20150530,1
3119,20150501,0
3119,20150502,0
3119,20150503,0
3119,20150504,0
3119,20150505,0
3119,20150506,0
3119,20150507,0
3119,20150508,0
3119,20150509,0
3119,20150510,1
3119,20150511,0
3119,20150512,0
3119,20150513,0
3119,20150514,0
3119,20150515,0
3119,20150516,0
3119,20150517,0
3119,20150518,1
3119,20150519,0
3119,20150520,0
3119,20150521,0
3119,20150522,0
3119,20150523,0
3119,20150524,0
3119,20150525,0
3119,20150526,0
3119,20150527,0
3119,20150528,0
3119,20150529,0
3119,20150530,0
3125,20150501,0
3125,20150502,0
3125,20150503,0
3125,20150504,0
3125,20150505,0
3125,20150506,0
3125,20150507,0
3125,20150508,0
3125,20150509,0
3125,20150510,0
3125,20150511,0
3125,20150512,0
3125,20150513,0
3125,20150514,0
3125,20150515,0
3125,20150516,0
3125,20150517,0
3125,20150518,0
3125,20150519,0
3125,20150520,0
3125,20150521,0
3125,20150522,0
3125,20150523,0
3125,20150524,0
3125,20150525,0
3125,20150526,0
3125,20150527,0
3125,20150528,0
3125,20150529,0
3125,20150530,0
3126,20150501,0
3126,20150502,0
3126,20150503,0
3126,20150504,0
3126,20150505,1
3126,20150506,0
3126,20150507,0
3126,20150508,0
3126,20150509,0
3126,20150510,0
3126,20150511,0
3126,20150512,0
3126,20150513,0
3126,20150514,0
3126,20150515,1
3126,20150516,0
3126,20150517,2
3126,20150518,0
3126,20150519,0
3126,20150520,0
3126,20150521,0
3126,20150522,0
3126,20150523,2
3126,20150524,0
3126,20150525,0
3126,20150526,2
3126,20150527,0
3126,20150528,0
3126,20150529,0
3126,20150530,0
3208,20150501,0
3208,20150502,0
3208,20150503,0
3208,20150504,0
3208,20150505,0
3208,20150506,0
3208,20150507,0
3208,20150508,0
3208,20150509,0
3208,20150510,0
3208,20150511,0
3208,20150512,0
3208,20150513,0
3208,20150514,0
3208,20150515,0
3208,20150516,0
3208,20150517,0
3208,20150518,0
3208,20150519,0
3208,20150520,0
3208,20150521,0
3208,20150522,0
3208,20150523,0
3208,20150524,0
3208,20150525,0
3208,20150526,0
3208,20150527,0
3208,20150528,0
3208,20150529,0
3208,20150530,0
3217,20150501,0
3217,20150502,0
3217,20150503,0
3217,20150504,1
3217,20150505,0
3217,20150506,0
3217,20150507,0
3217,20150508,0
3217,20150509,0
3217,20150510,0
3217,20150511,0
3217,20150512,0
3217,20150513,0
3217,20150514,0
3217,20150515,0
3217,20150516,0
3217,20150517,0
3217,20150518,0
3217,20150519,0
3217,20150520,0
3217,20150521,0
3217,20150522,0
3217,20150523,0
3217,20150524,0
3217,20150525,0
3217,20150526,0
3217,20150527,0
3217,20150528,0
3217,20150529,0
3217,20150530,0
3227,20150501,0
3227,20150502,0
3227,20150503,0
3227,20150504,0
3227,20150505,0
3227,20150506,0
3227,20150507,0
3227,20150508,0
3227,20150509,0
3227,20150510,1
3227,20150511,0
3227,20150512,1
3227,20150513,0
3227,20150514,1
3227,20150515,0
3227,20150516,0
3227,20150517,0
3227,20150518,0
3227,20150519,0
3227,20150520,1
3227,20150521,0
3227,20150522,0
3227,20150523,1
3227,20150524,0
3227,20150525,0
3227,20150526,0
3227,20150527,1
3227,20150528,0
3227,20150529,0
3227,20150530,0
3311,20150501,0
3311,20150502,0
3311,20150503,0
3311,20150504,0
3311,20150505,0
3311,20150506,0
3311,20150507,0
3311,20150508,0
3311,20150509,0
3311,20150510,0
3311,20150511,0
3311,20150512,0
3311,20150513,0
3311,20150514,0
3311,20150515,0
3311,20150516,0
3311,20150517,0
3311,20150518,0
3311,20150519,0
3311,20150520,0
3311,20150521,0
3311,20150522,0
3311,20150523,0
3311,20150524,0
3311,20150525,0
3311,20150526,0
3311,20150527,0
3311,20150528,0
3311,20150529,0
3311,20150530,0
3316,20150501,0
3316,20150502,0
3316,20150503,0
3316,20150504,0
3316,20150505,0
3316,20150506,0
3316,20150507,0
3316,20150508,0
3316,20150509,0
3316,20150510,0
3316,20150511,0
3316,20150512,0
3316,20150513,0
3316,20150514,0
3316,20150515,0
3316,20150516,0
3316,20150517,0
3316,20150518,0
3316,20150519,0
3316,20150520,0
3316,20150521,0
3316,20150522,0
3316,20150523,0
3316,20150524,0
3316,20150525,0
3316,20150526,0
3316,20150527,0
3316,20150528,0
3316,20150529,0
3316,20150530,0
3319,20150501,1
3319,20150502,0
3319,20150503,0
3319,20150504,0
3319,20150505,1
3319,20150506,0
3319,20150507,0
3319,20150508,0
3319,20150509,0
3319,20150510,1
3319,20150511,0
3319,20150512,0
3319,20150513,0
3319,20150514,3
3319,20150515,0
3319,20150516,0
3319,20150517,0
3319,20150518,0
3319,20150519,0
3319,20150520,0
3319,20150521,1
3319,20150522,6
3319,20150523,0
3319,20150524,0
3319,20150525,0
3319,20150526,0
3319,20150527,1
3319,20150528,0
3319,20150529,0
3319,20150530,0
3320,20150501,0
3320,20150502,0
3320,20150503,0
3320,20150504,0
3320,20150505,0
3320,20150506,1
3320,20150507,0
3320,20150508,0
3320,20150509,0
3320,20150510,0
3320,20150511,0
3320,20150512,1
3320,20150513,0
3320,20150514,0
3320,20150515,1
3320,20150516,0
3320,20150517,0
3320,20150518,0
3320,20150519,0
3320,20150520,0
3320,20150521,0
3320,20150522,0
3320,20150523,0
3320,20150524,2
3320,20150525,2
3320,20150526,1
3320,20150527,0
3320,20150528,0
3320,20150529,0
3320,20150530,0
3321,20150501,0
3321,20150502,0
3321,20150503,0
3321,20150504,0
3321,20150505,0
3321,20150506,1
3321,20150507,0
3321,20150508,0
3321,20150509,0
3321,20150510,0
3321,20150511,0
3321,20150512,0
3321,20150513,0
3321,20150514,0
3321,20150515,0
3321,20150516,0
3321,20150517,0
3321,20150518,0
3321,20150519,0
3321,20150520,0
3321,20150521,0
3321,20150522,1
3321,20150523,0
3321,20150524,2
3321,20150525,0
3321,20150526,0
3321,20150527,1
3321,20150528,0
3321,20150529,0
3321,20150530,3
3322,20150501,1
3322,20150502,0
3322,20150503,0
3322,20150504,0
3322,20150505,0
3322,20150506,0
3322,20150507,0
3322,20150508,0
3322,20150509,0
3322,20150510,0
3322,20150511,0
3322,20150512,0
3322,20150513,0
3322,20150514,0
3322,20150515,0
3322,20150516,0
3322,20150517,1
3322,20150518,0
3322,20150519,0
3322,20150520,0
3322,20150521,0
3322,20150522,0
3322,20150523,0
3322,20150524,0
3322,20150525,0
3322,20150526,0
3322,20150527,0
3322,20150528,0
3322,20150529,0
3322,20150530,0
3323,20150501,0
3323,20150502,3
3323,20150503,0
3323,20150504,0
3323,20150505,0
3323,20150506,0
3323,20150507,0
3323,20150508,0
3323,20150509,0
3323,20150510,0
3323,20150511,0
3323,20150512,0
3323,20150513,0
3323,20150514,0
3323,20150515,0
3323,20150516,0
3323,20150517,0
3323,20150518,0
3323,20150519,0
3323,20150520,0
3323,20150521,0
3323,20150522,1
3323,20150523,0
3323,20150524,0
3323,20150525,0
3323,20150526,0
3323,20150527,0
3323,20150528,0
3323,20150529,0
3323,20150530,0
3325,20150501,0
3325,20150502,0
3325,20150503,0
3325,20150504,0
3325,20150505,0
3325,20150506,0
3325,20150507,0
3325,20150508,0
3325,20150509,0
3325,20150510,0
3325,20150511,0
3325,20150512,0
3325,20150513,0
3325,20150514,1
3325,20150515,0
3325,20150516,0
3325,20150517,0
3325,20150518,0
3325,20150519,0
3325,20150520,0
3325,20150521,0
3325,20150522,0
3325,20150523,0
3325,20150524,0
3325,20150525,0
3325,20150526,1
3325,20150527,0
3325,20150528,0
3325,20150529,0
3325,20150530,0
3326,20150501,0
3326,20150502,0
3326,20150503,0
3326,20150504,0
3326,20150505,0
3326,20150506,0
3326,20150507,0
3326,20150508,0
3326,20150509,0
3326,20150510,0
3326,20150511,0
3326,20150512,0
3326,20150513,0
3326,20150514,0
3326,20150515,0
3326,20150516,0
3326,20150517,0
3326,20150518,0
3326,20150519,0
3326,20150520,0
3326,20150521,0
3326,20150522,0
3326,20150523,0
3326,20150524,0
3326,20150525,0
3326,20150526,0
3326,20150527,0
3326,20150528,0
3326,20150529,0
3326,20150530,0
3402,20150501,0
3402,20150502,0
3402,20150503,1
3402,20150504,2
3402,20150505,0
3402,20150506,1
3402,20150507,0
3402,20150508,0
3402,20150509,0
3402,20150510,0
3402,20150511,0
3402,20150512,1
3402,20150513,0
3402,20150514,1
3402,20150515,0
3402,20150516,0
3402,20150517,1
3402,20150518,0
3402,20150519,0
3402,20150520,1
3402,20150521,0
3402,20150522,1
3402,20150523,0
3402,20150524,1
3402,20150525,0
3402,20150526,0
3402,20150527,0
3402,20150528,0
3402,20150529,0
3402,20150530,0
3403,20150501,0
3403,20150502,0
3403,20150503,0
3403,20150504,0
3403,20150505,1
3403,20150506,0
3403,20150507,0
3403,20150508,0
3403,20150509,0
3403,20150510,0
3403,20150511,0
3403,20150512,0
3403,20150513,0
3403,20150514,0
3403,20150515,0
3403,20150516,0
3403,20150517,0
3403,20150518,0
3403,20150519,0
3403,20150520,0
3403,20150521,0
3403,20150522,1
3403,20150523,0
3403,20150524,0
3403,20150525,0
3403,20150526,0
3403,20150527,0
3403,20150528,0
3403,20150529,0
3403,20150530,0
3407,20150501,1
3407,20150502,0
3407,20150503,0
3407,20150504,0
3407,20150505,0
3407,20150506,0
3407,20150507,0
3407,20150508,0
3407,20150509,0
3407,20150510,1
3407,20150511,1
3407,20150512,1
3407,20150513,0
3407,20150514,5
3407,20150515,0
3407,20150516,0
3407,20150517,0
3407,20150518,0
3407,20150519,1
3407,20150520,3
3407,20150521,1
3407,20150522,0
3407,20150523,0
3407,20150524,0
3407,20150525,0
3407,20150526,0
3407,20150527,2
3407,20150528,2
3407,20150529,0
3407,20150530,4
3408,20150501,0
3408,20150502,1
3408,20150503,0
3408,20150504,0
3408,20150505,1
3408,20150506,0
3408,20150507,2
3408,20150508,0
3408,20150509,0
3408,20150510,0
3408,20150511,0
3408,20150512,0
3408,20150513,0
3408,20150514,0
3408,20150515,0
3408,20150516,0
3408,20150517,0
3408,20150518,0
3408,20150519,0
3408,20150520,0
3408,20150521,0
3408,20150522,0
3408,20150523,0
3408,20150524,0
3408,20150525,0
3408,20150526,0
3408,20150527,0
3408,20150528,0
3408,20150529,1
3408,20150530,0
3413,20150501,0
3413,20150502,0
3413,20150503,0
3413,20150504,0
3413,20150505,0
3413,20150506,0
3413,20150507,0
3413,20150508,0
3413,20150509,0
3413,20150510,0
3413,20150511,0
3413,20150512,0
3413,20150513,0
3413,20150514,0
3413,20150515,0
3413,20150516,0
3413,20150517,0
3413,20150518,0
3413,20150519,0
3413,20150520,0
3413,20150521,0
3413,20150522,0
3413,20150523,0
3413,20150524,0
3413,20150525,0
3413,20150526,0
3413,20150527,0
3413,20150528,0
3413,20150529,0
3413,20150530,0
3415,20150501,1
3415,20150502,0
3415,20150503,0
3415,20150504,0
3415,20150505,0
3415,20150506,0
3415,20150507,0
3415,20150508,1
3415,20150509,0
3415,20150510,1
3415,20150511,0
3415,20150512,0
3415,20150513,0
3415,20150514,0
3415,20150515,0
3415,20150516,0
3415,20150517,0
3415,20150518,0
3415,20150519,0
3415,20150520,0
3415,20150521,0
3415,20150522,0
3415,20150523,0
3415,20150524,0
3415,20150525,4
3415,20150526,0
3415,20150527,0
3415,20150528,0
3415,20150529,0
3415,20150530,0
3417,20150501,1
3417,20150502,0
3417,20150503,0
3417,20150504,0
3417,20150505,0
3417,20150506,0
3417,20150507,0
3417,20150508,0
3417,20150509,0
3417,20150510,0
3417,20150511,0
3417,20150512,0
3417,20150513,0
3417,20150514,0
3417,20150515,1
3417,20150516,0
3417,20150517,1
3417,20150518,0
3417,20150519,0
3417,20150520,0
3417,20150521,0
3417,20150522,0
3417,20150523,0
3417,20150524,0
3417,20150525,0
3417,20150526,1
3417,20150527,0
3417,20150528,0
3417,20150529,0
3417,20150530,0
3423,20150501,0
3423,20150502,0
3423,20150503,0
3423,20150504,0
3423,20150505,0
3423,20150506,0
3423,20150507,0
3423,20150508,1
3423,20150509,0
3423,20150510,0
3423,20150511,0
3423,20150512,0
3423,20150513,0
3423,20150514,0
3423,20150515,0
3423,20150516,0
3423,20150517,0
3423,20150518,0
3423,20150519,0
3423,20150520,0
3423,20150521,0
3423,20150522,1
3423,20150523,0
3423,20150524,0
3423,20150525,0
3423,20150526,0
3423,20150527,0
3423,20150528,0
3423,20150529,2
3423,20150530,0
3424,20150501,0
3424,20150502,0
3424,20150503,0
3424,20150504,0
3424,20150505,0
3424,20150506,0
3424,20150507,0
3424,20150508,0
3424,20150509,0
3424,20150510,0
3424,20150511,0
3424,20150512,0
3424,20150513,0
3424,20150514,0
3424,20150515,0
3424,20150516,0
3424,20150517,1
3424,20150518,0
3424,20150519,0
3424,20150520,0
3424,20150521,0
3424,20150522,0
3424,20150523,0
3424,20150524,0
3424,20150525,0
3424,20150526,0
3424,20150527,0
3424,20150528,0
3424,20150529,5
3424,20150530,0
3426,20150501,0
3426,20150502,0
3426,20150503,0
3426,20150504,0
3426,20150505,0
3426,20150506,0
3426,20150507,1
3426,20150508,0
3426,20150509,0
3426,20150510,0
3426,20150511,0
3426,20150512,0
3426,20150513,0
3426,20150514,0
3426,20150515,0
3426,20150516,0
3426,20150517,0
3426,20150518,0
3426,20150519,0
3426,20150520,1
3426,20150521,0
3426,20150522,0
3426,20150523,0
3426,20150524,0
3426,20150525,0
3426,20150526,0
3426,20150527,0
3426,20150528,0
3426,20150529,0
3426,20150530,0
3431,20150501,0
3431,20150502,0
3431,20150503,0
3431,20150504,0
3431,20150505,0
3431,20150506,0
3431,20150507,1
3431,20150508,0
3431,20150509,0
3431,20150510,0
3431,20150511,0
3431,20150512,0
3431,20150513,0
3431,20150514,0
3431,20150515,0
3431,20150516,0
3431,20150517,0
3431,20150518,1
3431,20150519,0
3431,20150520,0
3431,20150521,0
3431,20150522,0
3431,20150523,0
3431,20150524,0
3431,20150525,0
3431,20150526,1
3431,20150527,0
3431,20150528,1
3431,20150529,2
3431,20150530,0
10,20150501,23
10,20150502,12
10,20150503,6
10,20150504,10
10,20150505,9
10,20150506,8
10,20150507,20
10,20150508,17
10,20150509,0
10,20150510,9
10,20150511,9
10,20150512,20
10,20150513,7
10,20150514,9
10,20150515,25
10,20150516,0
10,20150517,10
10,20150518,6
10,20150519,7
10,20150520,14
10,20150521,13
10,20150522,29
10,20150523,7
10,20150524,15
10,20150525,8
10,20150526,10
10,20150527,5
10,20150528,10
10,20150529,19
10,20150530,15
11,20150501,11
11,20150502,0
11,20150503,4
11,20150504,5
11,20150505,1
11,20150506,2
11,20150507,1
11,20150508,2
11,20150509,0
11,20150510,2
11,20150511,2
11,20150512,2
11,20150513,4
11,20150514,1
11,20150515,6
11,20150516,0
11,20150517,0
11,20150518,2
11,20150519,1
11,20150520,1
11,20150521,1
11,20150522,10
11,20150523,2
11,20150524,0
11,20150525,3
11,20150526,0
11,20150527,0
11,20150528,4
11,20150529,8
11,20150530,0
12,20150501,202
12,20150502,96
12,20150503,118
12,20150504,112
12,20150505,90
12,20150506,75
12,20150507,132
12,20150508,169
12,20150509,0
12,20150510,94
12,20150511,129
12,20150512,144
12,20150513,133
12,20150514,147
12,20150515,176
12,20150516,0
12,20150517,130
12,20150518,138
12,20150519,96
12,20150520,144
12,20150521,121
12,20150522,207
12,20150523,123
12,20150524,137
12,20150525,104
12,20150526,157
12,20150527,149
12,20150528,98
12,20150529,177
12,20150530,76
13,20150501,12
13,20150502,9
13,20150503,12
13,20150504,13
13,20150505,7
13,20150506,6
13,20150507,15
13,20150508,6
13,20150509,0
13,20150510,5
13,20150511,18
13,20150512,3
13,20150513,9
13,20150514,7
13,20150515,8
13,20150516,0
13,20150517,11
13,20150518,10
13,20150519,4
13,20150520,8
13,20150521,9
13,20150522,11
13,20150523,10
13,20150524,11
13,20150525,6
13,20150526,15
13,20150527,6
13,20150528,5
13,20150529,7
13,20150530,6
15,20150501,54
15,20150502,27
15,20150503,41
15,20150504,50
15,20150505,23
15,20150506,28
15,20150507,52
15,20150508,45
15,20150509,0
15,20150510,39
15,20150511,39
15,20150512,45
15,20150513,39
15,20150514,65
15,20150515,83
15,20150516,0
15,20150517,44
15,20150518,39
15,20150519,43
15,20150520,64
15,20150521,44
15,20150522,62
15,20150523,37
15,20150524,42
15,20150525,41
15,20150526,63
15,20150527,41
15,20150528,43
15,20150529,72
15,20150530,47
20,20150501,62
20,20150502,37
20,20150503,45
20,20150504,32
20,20150505,54
20,20150506,35
20,20150507,68
20,20150508,42
20,20150509,0
20,20150510,26
20,20150511,29
20,20150512,41
20,20150513,43
20,20150514,40
20,20150515,76
20,20150516,0
20,20150517,51
20,20150518,41
20,20150519,32
20,20150520,41
20,20150521,50
20,20150522,61
20,20150523,29
20,20150524,43
20,20150525,40
20,20150526,70
20,20150527,28
20,20150528,37
20,20150529,79
20,20150530,47
21,20150501,8
21,20150502,1
21,20150503,4
21,20150504,3
21,20150505,5
21,20150506,5
21,20150507,3
21,20150508,7
21,20150509,0
21,20150510,4
21,20150511,2
21,20150512,2
21,20150513,8
21,20150514,2
21,20150515,6
21,20150516,0
21,20150517,3
21,20150518,6
21,20150519,7
21,20150520,3
21,20150521,4
21,20150522,2
21,20150523,4
21,20150524,4
21,20150525,0
21,20150526,1
21,20150527,4
21,20150528,2
21,20150529,5
21,20150530,2
22,20150501,76
22,20150502,42
22,20150503,110
22,20150504,140
22,20150505,81
22,20150506,41
22,20150507,101
22,20150508,86
22,20150509,0
22,20150510,69
22,20150511,76
22,20150512,85
22,20150513,53
22,20150514,111
22,20150515,111
22,20150516,0
22,20150517,67
22,20150518,115
22,20150519,60
22,20150520,36
22,20150521,49
22,20150522,118
22,20150523,78
22,20150524,48
22,20150525,73
22,20150526,58
22,20150527,42
22,20150528,32
22,20150529,104
22,20150530,101
23,20150501,7
23,20150502,16
23,20150503,22
23,20150504,24
23,20150505,11
23,20150506,12
23,20150507,17
23,20150508,18
23,20150509,0
23,20150510,8
23,20150511,26
23,20150512,19
23,20150513,7
23,20150514,16
23,20150515,18
23,20150516,0
23,20150517,14
23,20150518,12
23,20150519,14
23,20150520,5
23,20150521,10
23,20150522,14
23,20150523,10
23,20150524,16
23,20150525,31
23,20150526,34
23,20150527,12
23,20150528,22
23,20150529,15
23,20150530,46
30,20150501,36
30,20150502,23
30,20150503,31
30,20150504,9
30,20150505,21
30,20150506,17
30,20150507,38
30,20150508,48
30,20150509,0
30,20150510,17
30,20150511,26
30,20150512,22
30,20150513,15
30,20150514,28
30,20150515,49
30,20150516,0
30,20150517,21
30,20150518,14
30,20150519,21
30,20150520,27
30,20150521,25
30,20150522,47
30,20150523,38
30,20150524,25
30,20150525,21
30,20150526,45
30,20150527,24
30,20150528,22
30,20150529,47
30,20150530,24
31,20150501,9
31,20150502,1
31,20150503,1
31,20150504,2
31,20150505,11
31,20150506,5
31,20150507,2
31,20150508,1
31,20150509,0
31,20150510,4
31,20150511,3
31,20150512,4
31,20150513,4
31,20150514,2
31,20150515,3
31,20150516,0
31,20150517,8
31,20150518,6
31,20150519,3
31,20150520,5
31,20150521,4
31,20150522,2
31,20150523,3
31,20150524,2
31,20150525,3
31,20150526,8
31,20150527,7
31,20150528,2
31,20150529,7
31,20150530,5
32,20150501,0
32,20150502,0
32,20150503,0
32,20150504,1
32,20150505,0
32,20150506,0
32,20150507,0
32,20150508,0
32,20150509,0
32,20150510,1
32,20150511,0
32,20150512,1
32,20150513,0
32,20150514,1
32,20150515,0
32,20150516,0
32,20150517,0
32,20150518,0
32,20150519,0
32,20150520,1
32,20150521,0
32,20150522,0
32,20150523,1
32,20150524,0
32,20150525,0
32,20150526,0
32,20150527,1
32,20150528,0
32,20150529,0
32,20150530,0
33,20150501,2
33,20150502,3
33,20150503,0
33,20150504,0
33,20150505,1
33,20150506,2
33,20150507,0
33,20150508,1
33,20150509,0
33,20150510,2
33,20150511,0
33,20150512,1
33,20150513,0
33,20150514,5
33,20150515,1
33,20150516,0
33,20150517,1
33,20150518,0
33,20150519,0
33,20150520,0
33,20150521,1
33,20150522,8
33,20150523,0
33,20150524,5
33,20150525,2
33,20150526,2
33,20150527,2
33,20150528,1
33,20150529,0
33,20150530,3
34,20150501,4
34,20150502,1
34,20150503,3
34,20150504,2
34,20150505,3
34,20150506,1
34,20150507,5
34,20150508,2
34,20150509,0
34,20150510,2
34,20150511,2
34,20150512,3
34,20150513,1
34,20150514,7
34,20150515,1
34,20150516,0
34,20150517,3
34,20150518,1
34,20150519,2
34,20150520,5
34,20150521,1
34,20150522,3
34,20150523,1
34,20150524,2
34,20150525,4
34,20150526,2
34,20150527,2
34,20150528,4
34,20150529,12
34,20150530,4
