,中类编码,销售日期,销量
412,1001,1,8.25
413,1001,2,7.5
414,1001,3,7.25
415,1001,4,8.666666666666666
416,1001,5,8.75
417,1001,6,4.75
418,1001,7,11.0
419,1001,8,8.75
420,1001,9,8.333333333333334
421,1001,10,7.75
422,1001,11,11.75
423,1001,12,9.75
424,1001,13,5.75
425,1001,14,10.0
426,1001,15,13.25
427,1001,16,8.0
428,1001,17,9.5
429,1001,18,9.5
430,1001,19,4.0
431,1001,20,6.0
432,1001,21,8.75
433,1001,22,8.5
434,1001,23,4.25
435,1001,24,5.5
436,1001,25,10.333333333333334
437,1001,26,7.5
438,1001,27,5.25
439,1001,28,13.0
440,1001,29,9.333333333333334
441,1001,30,7.0
442,1002,1,2.0
443,1002,5,1.5
444,1002,6,1.0
445,1002,7,1.0
446,1002,8,1.0
447,1002,10,2.0
448,1002,11,1.5
449,1002,12,1.0
450,1002,13,2.0
451,1002,15,1.0
452,1002,16,2.0
453,1002,21,1.0
454,1002,22,1.5
455,1002,23,1.0
456,1002,24,1.0
457,1002,25,1.0
458,1002,26,1.0
459,1002,30,1.0
460,1004,1,2.0
461,1004,2,3.25
462,1004,3,2.333333333333333
463,1004,4,2.0
464,1004,5,1.0
465,1004,6,1.0
466,1004,7,4.666666666666667
467,1004,8,1.75
468,1004,9,1.5
469,1004,10,1.6666666666666667
470,1004,11,5.666666666666668
471,1004,12,2.75
472,1004,13,3.0
473,1004,14,3.333333333333333
474,1004,15,3.5
475,1004,16,1.6666666666666667
476,1004,17,2.0
477,1004,18,1.3333333333333333
478,1004,19,1.0
479,1004,20,4.0
480,1004,21,4.333333333333333
481,1004,22,4.25
482,1004,23,1.5
483,1004,24,1.0
484,1004,25,3.0
485,1004,26,2.0
486,1004,27,1.5
487,1004,28,3.0
488,1004,29,2.333333333333333
489,1004,30,2.333333333333333
490,1005,1,1.0
491,1005,3,1.0
492,1005,5,2.0
493,1005,6,1.0
494,1005,7,3.0
495,1005,11,2.0
496,1005,13,1.0
497,1005,14,1.0
498,1005,18,1.5
499,1005,20,1.0
500,1005,22,1.0
501,1005,23,2.0
502,1005,25,1.0
503,1005,28,4.0
504,1005,30,1.0
505,1099,12,1.0
506,1099,13,1.0
507,1099,16,1.0
508,1099,21,1.0
509,1099,22,1.0
510,1099,26,2.0
511,1099,28,1.0
512,1099,30,1.0
513,1101,1,1.25
514,1101,2,1.0
515,1101,3,1.0
516,1101,4,4.0
517,1101,5,1.0
518,1101,6,2.0
519,1101,7,1.5
520,1101,9,1.3333333333333333
521,1101,10,1.0
522,1101,11,1.5
523,1101,12,2.0
524,1101,13,1.5
525,1101,14,1.3333333333333333
526,1101,15,4.0
527,1101,16,1.0
528,1101,17,1.0
529,1101,18,1.6666666666666667
530,1101,19,1.0
531,1101,20,1.0
532,1101,21,1.0
533,1101,22,3.0
534,1101,23,1.0
535,1101,24,2.0
536,1101,25,1.0
537,1101,28,1.6666666666666667
538,1101,29,2.5
539,1101,30,1.0
540,1102,1,2.0
541,1102,2,2.0
542,1102,3,2.0
543,1102,4,2.5
544,1102,5,2.0
545,1102,6,1.0
546,1102,7,1.0
547,1102,8,1.3333333333333333
548,1102,10,1.0
549,1102,11,2.5
550,1102,13,1.0
551,1102,14,1.0
552,1102,15,1.0
553,1102,17,1.0
554,1102,18,2.0
555,1102,19,2.0
556,1102,20,1.0
557,1102,21,2.0
558,1102,22,3.0
559,1102,23,1.0
560,1102,24,3.0
561,1102,25,1.5
562,1102,26,2.0
563,1102,28,1.3333333333333333
564,1102,29,4.0
565,1103,1,3.0
566,1103,2,2.5
567,1103,3,3.0
568,1103,4,1.0
569,1103,6,1.0
570,1103,10,1.0
571,1103,12,1.0
572,1103,13,1.0
573,1103,14,1.0
574,1103,15,1.0
575,1103,17,1.0
576,1103,20,1.0
577,1103,22,1.0
578,1103,27,2.0
579,1103,28,1.0
580,1201,1,89.25
581,1201,2,81.5
582,1201,3,74.75
583,1201,4,62.25
584,1201,5,81.0
585,1201,6,73.25
586,1201,7,76.25
587,1201,8,84.25
588,1201,9,89.33333333333331
589,1201,10,72.5
590,1201,11,91.5
591,1201,12,95.25
592,1201,13,86.75
593,1201,14,105.33333333333331
594,1201,15,90.75
595,1201,16,104.0
596,1201,17,92.0
597,1201,18,112.5
598,1201,19,79.5
599,1201,20,74.25
600,1201,21,82.25
601,1201,22,95.5
602,1201,23,78.0
603,1201,24,84.5
604,1201,25,91.25
605,1201,26,85.5
606,1201,27,85.25
607,1201,28,88.75
608,1201,29,77.0
609,1201,30,77.66666666666667
610,1202,1,8.75
611,1202,2,7.75
612,1202,3,7.75
613,1202,4,5.5
614,1202,5,9.25
615,1202,6,6.5
616,1202,7,10.25
617,1202,8,9.25
618,1202,9,14.333333333333336
619,1202,10,5.25
620,1202,11,10.75
621,1202,12,9.25
622,1202,13,7.5
623,1202,14,10.0
624,1202,15,6.5
625,1202,16,10.666666666666666
626,1202,17,6.25
627,1202,18,7.75
628,1202,19,8.333333333333334
629,1202,20,8.0
630,1202,21,6.75
631,1202,22,8.333333333333334
632,1202,23,8.666666666666666
633,1202,24,6.0
634,1202,25,9.0
635,1202,26,5.5
636,1202,27,5.5
637,1202,28,10.0
638,1202,29,8.0
639,1202,30,6.333333333333332
640,1203,1,32.0
641,1203,2,26.75
642,1203,3,17.75
643,1203,4,25.33333333333333
644,1203,5,20.25
645,1203,6,25.75
646,1203,7,25.75
647,1203,8,33.25
648,1203,9,28.0
649,1203,10,24.0
650,1203,11,30.5
651,1203,12,30.0
652,1203,13,24.75
653,1203,14,44.33333333333334
654,1203,15,34.5
655,1203,16,31.66666666666667
656,1203,17,31.25
657,1203,18,48.75
658,1203,19,21.5
659,1203,20,23.75
660,1203,21,28.5
661,1203,22,26.25
662,1203,23,30.25
663,1203,24,26.5
664,1203,25,30.25
665,1203,26,25.25
666,1203,27,20.5
667,1203,28,27.5
668,1203,29,27.66666666666667
669,1203,30,27.33333333333333
670,1205,1,3.0
671,1205,2,1.6666666666666667
672,1205,3,1.3333333333333333
673,1205,4,3.0
674,1205,5,1.5
675,1205,6,3.5
676,1205,7,2.0
677,1205,8,1.5
678,1205,9,3.5
679,1205,10,2.0
680,1205,11,2.333333333333333
681,1205,12,2.5
682,1205,13,3.0
683,1205,14,2.0
684,1205,15,1.5
685,1205,16,2.0
686,1205,17,4.0
687,1205,18,2.25
688,1205,19,3.333333333333333
689,1205,20,2.5
690,1205,21,3.5
691,1205,22,2.0
692,1205,23,4.5
693,1205,24,2.0
694,1205,25,1.5
695,1205,26,1.25
696,1205,27,1.0
697,1205,28,2.5
698,1205,29,1.0
699,1205,30,1.3333333333333333
700,1301,1,1.5
701,1301,2,4.25
702,1301,3,3.0
703,1301,4,4.0
704,1301,5,2.0
705,1301,6,3.0
706,1301,7,2.5
707,1301,8,2.0
708,1301,9,2.6666666666666665
709,1301,10,2.333333333333333
710,1301,11,3.0
711,1301,12,2.75
712,1301,13,3.0
713,1301,14,1.6666666666666667
714,1301,15,2.25
715,1301,16,1.5
716,1301,17,5.25
717,1301,18,2.6666666666666665
718,1301,19,1.75
719,1301,20,4.5
720,1301,21,3.0
721,1301,22,1.3333333333333333
722,1301,23,2.25
723,1301,24,3.0
724,1301,25,3.25
725,1301,26,2.5
726,1301,27,1.5
727,1301,28,3.25
728,1301,29,3.0
729,1301,30,3.6666666666666665
730,1302,1,1.3333333333333333
731,1302,2,2.0
732,1302,3,2.25
733,1302,4,3.0
734,1302,5,2.0
735,1302,6,1.25
736,1302,7,3.0
737,1302,9,1.3333333333333333
738,1302,10,2.6666666666666665
739,1302,11,2.333333333333333
740,1302,12,1.0
741,1302,13,1.0
742,1302,14,1.0
743,1302,15,2.0
744,1302,16,1.0
745,1302,17,1.5
746,1302,18,1.3333333333333333
747,1302,19,1.0
748,1302,20,2.0
749,1302,21,1.5
750,1302,22,1.0
751,1302,24,1.3333333333333333
752,1302,25,1.0
753,1302,26,2.333333333333333
754,1302,27,2.0
755,1302,28,2.0
756,1302,29,1.0
757,1302,30,1.5
758,1306,1,8.0
759,1306,2,1.0
760,1306,4,1.0
761,1306,6,2.0
762,1306,7,1.0
763,1306,10,1.0
764,1306,11,1.0
765,1306,12,1.0
766,1306,13,1.0
767,1306,14,1.0
768,1306,15,2.0
769,1306,16,2.0
770,1306,17,1.0
771,1306,18,1.0
772,1306,19,1.5
773,1306,20,1.0
774,1306,21,1.0
775,1306,22,2.5
776,1306,23,1.0
777,1306,24,1.0
778,1306,27,1.0
779,1306,28,1.6666666666666667
780,1306,29,1.0
781,1306,30,1.6666666666666667
782,1308,1,5.75
783,1308,2,3.5
784,1308,3,6.0
785,1308,4,3.0
786,1308,5,5.0
787,1308,6,5.666666666666668
788,1308,7,5.5
789,1308,8,4.75
790,1308,9,3.333333333333333
791,1308,10,4.5
792,1308,11,5.75
793,1308,12,6.333333333333332
794,1308,13,4.25
795,1308,14,4.333333333333333
796,1308,15,5.0
797,1308,16,3.0
798,1308,17,4.333333333333333
799,1308,18,8.666666666666666
800,1308,19,2.0
801,1308,20,4.333333333333333
802,1308,21,4.333333333333333
803,1308,22,4.0
804,1308,23,4.0
805,1308,24,3.6666666666666665
806,1308,25,2.333333333333333
807,1308,26,2.25
808,1308,27,3.333333333333333
809,1308,28,3.0
810,1308,29,3.0
811,1308,30,4.333333333333333
812,1501,1,2.6666666666666665
813,1501,2,2.0
814,1501,3,2.75
815,1501,4,3.0
816,1501,5,2.5
817,1501,6,2.333333333333333
818,1501,7,4.0
819,1501,8,4.75
820,1501,9,2.333333333333333
821,1501,10,2.75
822,1501,11,3.25
823,1501,12,3.75
824,1501,13,4.333333333333333
825,1501,14,4.333333333333333
826,1501,15,2.6666666666666665
827,1501,16,4.333333333333333
828,1501,17,2.333333333333333
829,1501,18,6.5
830,1501,19,3.25
831,1501,20,2.75
832,1501,21,3.0
833,1501,22,3.25
834,1501,23,3.25
835,1501,24,4.0
836,1501,25,2.6666666666666665
837,1501,26,3.6666666666666665
838,1501,27,3.0
839,1501,28,2.5
840,1501,29,6.333333333333332
841,1501,30,2.6666666666666665
842,1502,3,1.0
843,1502,4,1.0
844,1502,11,2.0
845,1502,16,1.0
846,1502,17,2.0
847,1502,18,1.0
848,1502,21,1.0
849,1502,22,1.0
850,1502,27,1.0
851,1502,28,1.0
852,1503,1,1.0
853,1503,3,1.0
854,1503,4,1.0
855,1503,5,4.0
856,1503,6,1.0
857,1503,7,1.0
858,1503,8,1.5
859,1503,9,1.5
860,1503,10,1.5
861,1503,11,1.6666666666666667
862,1503,13,2.0
863,1503,14,2.0
864,1503,15,1.6666666666666667
865,1503,16,1.0
866,1503,17,1.0
867,1503,18,1.0
868,1503,19,2.5
869,1503,20,1.0
870,1503,21,1.5
871,1503,22,1.5
872,1503,23,1.5
873,1503,27,1.0
874,1503,28,1.3333333333333333
875,1503,29,1.0
876,1503,30,1.0
877,1504,1,1.0
878,1504,5,1.0
879,1504,7,2.0
880,1504,8,1.0
881,1504,9,1.0
882,1504,11,1.0
883,1504,12,1.0
884,1504,15,2.5
885,1504,17,1.3333333333333333
886,1504,18,1.0
887,1504,19,1.0
888,1504,21,1.0
889,1504,26,1.0
890,1504,27,1.0
891,1504,28,1.0
892,1505,1,8.0
893,1505,2,7.5
894,1505,3,8.75
895,1505,4,9.666666666666666
896,1505,5,7.0
897,1505,6,7.75
898,1505,7,10.5
899,1505,8,11.25
900,1505,9,8.0
901,1505,10,11.25
902,1505,11,9.5
903,1505,12,11.25
904,1505,13,9.5
905,1505,14,17.0
906,1505,15,12.75
907,1505,16,6.666666666666668
908,1505,17,10.0
909,1505,18,13.0
910,1505,19,8.25
911,1505,20,7.0
912,1505,21,11.5
913,1505,22,10.0
914,1505,23,11.75
915,1505,24,10.5
916,1505,25,10.5
917,1505,26,10.5
918,1505,27,8.75
919,1505,28,13.0
920,1505,29,15.333333333333336
921,1505,30,12.666666666666664
922,1508,1,2.0
923,1508,2,1.3333333333333333
924,1508,3,1.6666666666666667
925,1508,4,1.3333333333333333
926,1508,5,2.5
927,1508,6,1.0
928,1508,7,1.0
929,1508,8,2.5
930,1508,9,2.5
931,1508,10,1.0
932,1508,11,1.0
933,1508,12,1.0
934,1508,13,1.0
935,1508,14,1.5
936,1508,15,2.5
937,1508,16,1.5
938,1508,17,2.0
939,1508,18,1.5
940,1508,19,1.5
941,1508,20,2.333333333333333
942,1508,21,1.0
943,1508,22,2.0
944,1508,23,1.0
945,1508,24,1.6666666666666667
946,1508,25,2.0
947,1508,26,1.0
948,1508,27,2.0
949,1508,28,1.5
950,1508,29,1.0
951,1508,30,1.0
952,1510,1,1.6666666666666667
953,1510,2,1.5
954,1510,3,1.0
955,1510,4,1.5
956,1510,5,1.0
957,1510,6,1.0
958,1510,7,2.0
959,1510,8,1.0
960,1510,9,1.0
961,1510,10,1.3333333333333333
962,1510,11,1.5
963,1510,12,1.5
964,1510,13,1.5
965,1510,14,2.0
966,1510,15,1.0
967,1510,16,2.0
968,1510,17,4.0
969,1510,18,4.25
970,1510,19,1.5
971,1510,20,1.3333333333333333
972,1510,21,1.0
973,1510,22,1.25
974,1510,23,1.5
975,1510,24,3.0
976,1510,25,2.0
977,1510,26,2.0
978,1510,27,1.5
979,1510,28,2.25
980,1510,29,1.6666666666666667
981,1510,30,2.5
982,1511,3,1.0
983,1511,5,1.0
984,1511,7,1.0
985,1511,12,1.0
986,1511,15,1.0
987,1511,17,1.0
988,1511,18,1.0
989,1511,25,1.0
990,1511,26,2.0
991,1511,28,1.0
992,1512,1,1.6666666666666667
993,1512,2,1.0
994,1512,3,2.0
995,1512,4,4.5
996,1512,5,1.3333333333333333
997,1512,6,1.6666666666666667
998,1512,7,1.0
999,1512,8,2.0
1000,1512,9,1.0
1001,1512,11,2.0
1002,1512,12,3.0
1003,1512,13,1.0
1004,1512,14,1.0
1005,1512,16,2.5
1006,1512,17,3.0
1007,1512,18,4.333333333333333
1008,1512,19,1.0
1009,1512,21,1.0
1010,1512,22,1.0
1011,1512,24,1.0
1012,1512,25,2.5
1013,1512,26,2.0
1014,1512,27,2.0
1015,1512,28,1.5
1016,1512,29,1.0
1017,1512,30,1.0
1018,1513,1,2.0
1019,1513,2,1.0
1020,1513,3,1.6666666666666667
1021,1513,4,1.0
1022,1513,6,1.5
1023,1513,9,2.0
1024,1513,10,1.0
1025,1513,11,1.0
1026,1513,12,1.0
1027,1513,13,1.0
1028,1513,14,1.0
1029,1513,15,6.0
1030,1513,16,1.0
1031,1513,17,2.0
1032,1513,18,1.5
1033,1513,19,2.0
1034,1513,21,2.0
1035,1513,25,1.0
1036,1513,26,2.0
1037,1513,28,1.6666666666666667
1038,1513,29,1.0
1039,1513,30,1.0
1040,1515,1,2.0
1041,1515,2,1.6666666666666667
1042,1515,3,1.0
1043,1515,4,1.6666666666666667
1044,1515,5,1.0
1045,1515,6,2.0
1046,1515,7,2.0
1047,1515,8,1.5
1048,1515,9,1.0
1049,1515,10,1.6666666666666667
1050,1515,11,1.5
1051,1515,12,1.5
1052,1515,13,2.0
1053,1515,14,1.0
1054,1515,15,5.0
1055,1515,16,1.5
1056,1515,17,2.0
1057,1515,18,1.5
1058,1515,19,2.0
1059,1515,20,1.75
1060,1515,21,1.0
1061,1515,22,1.0
1062,1515,23,2.0
1063,1515,24,1.0
1064,1515,25,1.5
1065,1515,27,1.0
1066,1515,28,1.3333333333333333
1067,1515,29,2.0
1068,1515,30,1.0
1069,1516,23,3.0
1070,1516,25,2.0
1071,1516,26,1.0
1072,1516,27,5.0
1073,1516,28,1.0
1074,1516,29,4.0
1075,1516,30,1.0
1076,1517,1,4.333333333333333
1077,1517,2,5.0
1078,1517,3,3.75
1079,1517,4,5.333333333333333
1080,1517,5,1.75
1081,1517,6,2.333333333333333
1082,1517,7,4.25
1083,1517,8,3.5
1084,1517,9,2.333333333333333
1085,1517,10,2.25
1086,1517,11,3.75
1087,1517,12,2.75
1088,1517,13,2.25
1089,1517,14,4.666666666666667
1090,1517,15,3.0
1091,1517,16,4.333333333333333
1092,1517,17,3.5
1093,1517,18,3.5
1094,1517,19,2.333333333333333
1095,1517,20,3.25
1096,1517,21,3.25
1097,1517,22,1.6666666666666667
1098,1517,23,3.333333333333333
1099,1517,24,2.5
1100,1517,25,2.25
1101,1517,26,4.75
1102,1517,27,1.3333333333333333
1103,1517,28,4.333333333333333
1104,1517,29,4.0
1105,1517,30,5.0
1106,1518,1,7.5
1107,1518,2,5.75
1108,1518,3,6.5
1109,1518,4,8.0
1110,1518,5,6.25
1111,1518,6,9.75
1112,1518,7,9.25
1113,1518,8,7.0
1114,1518,9,9.333333333333334
1115,1518,10,5.75
1116,1518,11,12.75
1117,1518,12,8.25
1118,1518,13,7.5
1119,1518,14,14.666666666666664
1120,1518,15,9.0
1121,1518,16,11.333333333333336
1122,1518,17,8.75
1123,1518,18,12.25
1124,1518,19,9.0
1125,1518,20,10.25
1126,1518,21,9.25
1127,1518,22,14.0
1128,1518,23,6.0
1129,1518,24,11.0
1130,1518,25,12.75
1131,1518,26,7.25
1132,1518,27,5.5
1133,1518,28,9.0
1134,1518,29,13.0
1135,1518,30,9.666666666666666
1136,1519,1,2.0
1137,1519,2,1.5
1138,1519,3,1.0
1139,1519,4,2.0
1140,1519,5,2.5
1141,1519,6,1.75
1142,1519,7,3.0
1143,1519,8,1.0
1144,1519,9,3.0
1145,1519,10,1.0
1146,1519,11,4.5
1147,1519,12,2.6666666666666665
1148,1519,13,2.25
1149,1519,14,2.333333333333333
1150,1519,15,4.0
1151,1519,16,13.0
1152,1519,17,11.0
1153,1519,18,14.5
1154,1519,19,3.0
1155,1519,20,1.25
1156,1519,21,1.0
1157,1519,22,4.0
1158,1519,23,1.5
1159,1519,24,2.0
1160,1519,25,2.333333333333333
1161,1519,26,2.0
1162,1519,27,1.0
1163,1519,28,1.5
1164,1519,29,2.5
1165,1519,30,1.0
1166,1521,1,10.75
1167,1521,2,8.25
1168,1521,3,8.75
1169,1521,4,7.666666666666668
1170,1521,5,4.25
1171,1521,6,7.75
1172,1521,7,11.25
1173,1521,8,10.25
1174,1521,9,11.666666666666664
1175,1521,10,10.75
1176,1521,11,9.75
1177,1521,12,11.25
1178,1521,13,8.5
1179,1521,14,9.333333333333334
1180,1521,15,11.5
1181,1521,16,10.0
1182,1521,17,10.0
1183,1521,18,10.0
1184,1521,19,10.0
1185,1521,20,6.0
1186,1521,21,8.0
1187,1521,22,7.75
1188,1521,23,8.0
1189,1521,24,8.5
1190,1521,25,9.5
1191,1521,26,9.25
1192,1521,27,7.75
1193,1521,28,9.75
1194,1521,29,7.333333333333332
1195,1521,30,8.666666666666666
1196,2001,1,2.6666666666666665
1197,2001,2,4.0
1198,2001,3,2.5
1199,2001,4,3.6666666666666665
1200,2001,5,1.5
1201,2001,6,5.0
1202,2001,7,4.0
1203,2001,8,1.75
1204,2001,9,3.0
1205,2001,10,13.0
1206,2001,11,5.666666666666668
1207,2001,12,1.3333333333333333
1208,2001,13,3.75
1209,2001,14,3.5
1210,2001,15,3.25
1211,2001,16,3.0
1212,2001,17,3.333333333333333
1213,2001,18,7.0
1214,2001,19,2.0
1215,2001,20,3.0
1216,2001,21,4.5
1217,2001,22,2.0
1218,2001,23,1.6666666666666667
1219,2001,24,3.0
1220,2001,25,2.25
1221,2001,26,1.5
1222,2001,27,6.0
1223,2001,28,4.0
1224,2001,29,2.5
1225,2001,30,4.666666666666667
1226,2002,1,2.5
1227,2002,2,2.6666666666666665
1228,2002,3,2.0
1229,2002,4,1.6666666666666667
1230,2002,5,2.0
1231,2002,6,3.0
1232,2002,7,4.5
1233,2002,8,1.25
1234,2002,9,3.0
1235,2002,10,1.5
1236,2002,11,3.5
1237,2002,12,2.5
1238,2002,13,2.75
1239,2002,14,2.6666666666666665
1240,2002,15,1.75
1241,2002,16,2.6666666666666665
1242,2002,17,2.25
1243,2002,18,4.0
1244,2002,19,3.333333333333333
1245,2002,20,1.0
1246,2002,21,2.0
1247,2002,22,2.25
1248,2002,23,2.5
1249,2002,24,2.0
1250,2002,25,4.0
1251,2002,26,2.25
1252,2002,27,1.0
1253,2002,28,2.25
1254,2002,29,2.0
1255,2002,30,1.6666666666666667
1256,2003,1,4.0
1257,2003,2,2.6666666666666665
1258,2003,4,3.0
1259,2003,5,1.0
1260,2003,6,2.0
1261,2003,7,4.5
1262,2003,8,1.3333333333333333
1263,2003,9,2.0
1264,2003,10,2.333333333333333
1265,2003,11,2.0
1266,2003,12,1.5
1267,2003,14,1.0
1268,2003,15,3.6666666666666665
1269,2003,16,3.0
1270,2003,17,3.0
1271,2003,18,1.6666666666666667
1272,2003,19,2.0
1273,2003,20,3.0
1274,2003,21,1.75
1275,2003,22,1.5
1276,2003,23,1.0
1277,2003,24,1.6666666666666667
1278,2003,25,2.5
1279,2003,26,2.0
1280,2003,27,5.0
1281,2003,29,4.0
1282,2003,30,2.5
1283,2004,5,1.0
1284,2004,16,1.0
1285,2004,26,1.0
1286,2005,1,6.0
1287,2005,2,3.5
1288,2005,3,5.0
1289,2005,4,3.333333333333333
1290,2005,5,3.5
1291,2005,6,4.5
1292,2005,7,3.5
1293,2005,8,2.0
1294,2005,9,5.0
1295,2005,10,4.5
1296,2005,11,3.25
1297,2005,12,2.0
1298,2005,13,3.0
1299,2005,14,5.0
1300,2005,15,3.75
1301,2005,16,3.0
1302,2005,17,4.5
1303,2005,18,4.666666666666667
1304,2005,19,4.0
1305,2005,20,1.75
1306,2005,21,4.25
1307,2005,22,4.25
1308,2005,23,3.5
1309,2005,24,3.75
1310,2005,25,5.75
1311,2005,26,4.5
1312,2005,27,2.75
1313,2005,28,4.75
1314,2005,29,3.0
1315,2005,30,3.6666666666666665
1316,2006,1,6.5
1317,2006,2,4.25
1318,2006,3,4.25
1319,2006,4,5.333333333333333
1320,2006,5,6.5
1321,2006,6,4.0
1322,2006,7,5.0
1323,2006,8,4.75
1324,2006,9,5.333333333333333
1325,2006,10,6.5
1326,2006,11,4.25
1327,2006,12,6.25
1328,2006,13,6.25
1329,2006,14,6.333333333333332
1330,2006,15,4.75
1331,2006,16,9.0
1332,2006,17,5.75
1333,2006,18,5.75
1334,2006,19,7.0
1335,2006,20,5.5
1336,2006,21,6.0
1337,2006,22,4.333333333333333
1338,2006,23,4.5
1339,2006,24,5.0
1340,2006,25,4.25
1341,2006,26,5.666666666666668
1342,2006,27,5.5
1343,2006,28,5.75
1344,2006,29,10.5
1345,2006,30,5.0
1346,2007,1,6.0
1347,2007,2,3.75
1348,2007,3,1.6666666666666667
1349,2007,4,4.0
1350,2007,5,4.0
1351,2007,6,2.0
1352,2007,7,5.333333333333333
1353,2007,8,3.0
1354,2007,9,3.333333333333333
1355,2007,10,2.5
1356,2007,11,3.75
1357,2007,12,2.6666666666666665
1358,2007,13,4.0
1359,2007,14,3.333333333333333
1360,2007,15,3.5
1361,2007,16,5.666666666666668
1362,2007,17,5.5
1363,2007,18,7.0
1364,2007,19,4.333333333333333
1365,2007,20,3.6666666666666665
1366,2007,21,2.75
1367,2007,22,2.75
1368,2007,23,3.0
1369,2007,24,1.6666666666666667
1370,2007,25,3.75
1371,2007,26,4.666666666666667
1372,2007,27,2.6666666666666665
1373,2007,28,3.25
1374,2007,29,3.0
1375,2007,30,3.0
1376,2008,1,4.25
1377,2008,2,5.5
1378,2008,3,5.75
1379,2008,4,9.0
1380,2008,5,6.0
1381,2008,6,4.25
1382,2008,7,5.5
1383,2008,8,5.5
1384,2008,9,7.0
1385,2008,10,4.25
1386,2008,11,7.666666666666668
1387,2008,12,4.75
1388,2008,13,5.0
1389,2008,14,4.666666666666667
1390,2008,15,6.75
1391,2008,16,8.666666666666666
1392,2008,17,5.75
1393,2008,18,3.75
1394,2008,19,4.75
1395,2008,20,2.25
1396,2008,21,5.0
1397,2008,22,3.25
1398,2008,23,5.0
1399,2008,24,2.25
1400,2008,25,4.5
1401,2008,26,6.5
1402,2008,27,4.25
1403,2008,28,6.0
1404,2008,29,5.0
1405,2008,30,4.0
1406,2009,1,5.0
1407,2009,2,3.75
1408,2009,3,4.25
1409,2009,4,5.0
1410,2009,5,3.75
1411,2009,6,4.0
1412,2009,7,5.75
1413,2009,8,4.25
1414,2009,9,3.6666666666666665
1415,2009,10,3.5
1416,2009,11,4.5
1417,2009,12,8.25
1418,2009,13,5.25
1419,2009,14,4.0
1420,2009,15,4.5
1421,2009,16,5.0
1422,2009,17,5.5
1423,2009,18,4.75
1424,2009,19,3.0
1425,2009,20,3.333333333333333
1426,2009,21,3.6666666666666665
1427,2009,22,3.5
1428,2009,23,3.0
1429,2009,24,2.75
1430,2009,25,3.75
1431,2009,26,3.75
1432,2009,27,3.75
1433,2009,28,3.25
1434,2009,29,4.0
1435,2009,30,5.666666666666668
1436,2010,1,2.0
1437,2010,2,2.0
1438,2010,3,1.5
1439,2010,4,1.0
1440,2010,5,2.5
1441,2010,6,1.6666666666666667
1442,2010,7,2.6666666666666665
1443,2010,8,2.0
1444,2010,9,1.5
1445,2010,10,2.0
1446,2010,11,3.0
1447,2010,12,3.0
1448,2010,13,2.0
1449,2010,14,2.0
1450,2010,15,1.5
1451,2010,16,7.0
1452,2010,17,1.75
1453,2010,18,1.6666666666666667
1454,2010,19,2.0
1455,2010,20,2.0
1456,2010,21,2.333333333333333
1457,2010,22,2.333333333333333
1458,2010,23,3.0
1459,2010,24,1.3333333333333333
1460,2010,25,1.5
1461,2010,26,1.3333333333333333
1462,2010,27,2.0
1463,2010,28,2.0
1464,2010,29,2.0
1465,2010,30,2.0
1466,2011,1,5.75
1467,2011,2,10.5
1468,2011,3,10.25
1469,2011,4,5.0
1470,2011,5,8.5
1471,2011,6,7.25
1472,2011,7,11.75
1473,2011,8,7.0
1474,2011,9,10.0
1475,2011,10,7.25
1476,2011,11,9.75
1477,2011,12,8.75
1478,2011,13,7.75
1479,2011,14,7.0
1480,2011,15,12.0
1481,2011,16,16.0
1482,2011,17,12.5
1483,2011,18,10.0
1484,2011,19,7.0
1485,2011,20,5.75
1486,2011,21,12.0
1487,2011,22,9.75
1488,2011,23,7.25
1489,2011,24,4.0
1490,2011,25,6.75
1491,2011,26,9.5
1492,2011,27,6.75
1493,2011,28,8.75
1494,2011,29,17.0
1495,2011,30,8.0
1496,2012,1,2.0
1497,2012,2,1.0
1498,2012,3,1.0
1499,2012,4,2.0
1500,2012,5,1.25
1501,2012,6,1.0
1502,2012,7,1.5
1503,2012,8,1.3333333333333333
1504,2012,9,1.0
1505,2012,10,1.5
1506,2012,11,1.5
1507,2012,12,2.0
1508,2012,13,2.0
1509,2012,15,2.5
1510,2012,16,1.3333333333333333
1511,2012,17,1.6666666666666667
1512,2012,18,1.3333333333333333
1513,2012,19,2.5
1514,2012,20,1.0
1515,2012,21,1.0
1516,2012,22,1.0
1517,2012,23,1.0
1518,2012,25,1.5
1519,2012,28,1.0
1520,2012,29,1.0
1521,2012,30,2.0
1522,2013,1,5.0
1523,2013,2,2.6666666666666665
1524,2013,3,4.0
1525,2013,4,4.333333333333333
1526,2013,5,3.25
1527,2013,6,4.25
1528,2013,7,5.75
1529,2013,8,5.0
1530,2013,9,2.6666666666666665
1531,2013,10,4.25
1532,2013,11,4.25
1533,2013,12,3.25
1534,2013,13,4.0
1535,2013,14,3.6666666666666665
1536,2013,15,4.75
1537,2013,16,5.333333333333333
1538,2013,17,5.75
1539,2013,18,7.25
1540,2013,19,5.333333333333333
1541,2013,20,3.25
1542,2013,21,3.0
1543,2013,22,6.333333333333332
1544,2013,23,3.25
1545,2013,24,5.333333333333333
1546,2013,25,3.0
1547,2013,26,5.75
1548,2013,27,4.333333333333333
1549,2013,28,3.333333333333333
1550,2013,29,5.333333333333333
1551,2013,30,3.0
1552,2014,1,6.5
1553,2014,2,4.5
1554,2014,3,5.5
1555,2014,4,8.0
1556,2014,5,8.0
1557,2014,6,6.0
1558,2014,7,5.75
1559,2014,8,5.25
1560,2014,9,8.666666666666666
1561,2014,10,5.0
1562,2014,11,5.75
1563,2014,12,7.333333333333332
1564,2014,13,10.25
1565,2014,14,4.666666666666667
1566,2014,15,8.0
1567,2014,16,7.0
1568,2014,17,7.5
1569,2014,18,8.0
1570,2014,19,5.666666666666668
1571,2014,20,5.5
1572,2014,21,8.0
1573,2014,22,6.666666666666668
1574,2014,23,8.5
1575,2014,24,6.0
1576,2014,25,4.0
1577,2014,26,8.25
1578,2014,27,2.5
1579,2014,28,6.75
1580,2014,29,9.0
1581,2014,30,5.666666666666668
1582,2015,1,1.0
1583,2015,2,2.75
1584,2015,3,3.6666666666666665
1585,2015,4,2.333333333333333
1586,2015,5,2.6666666666666665
1587,2015,6,2.75
1588,2015,7,3.0
1589,2015,8,3.5
1590,2015,9,1.6666666666666667
1591,2015,10,3.0
1592,2015,11,5.0
1593,2015,12,3.75
1594,2015,13,2.6666666666666665
1595,2015,14,4.0
1596,2015,15,3.0
1597,2015,16,3.0
1598,2015,17,5.666666666666668
1599,2015,18,6.0
1600,2015,19,2.333333333333333
1601,2015,20,1.6666666666666667
1602,2015,21,4.666666666666667
1603,2015,22,2.0
1604,2015,23,1.5
1605,2015,24,3.0
1606,2015,25,4.333333333333333
1607,2015,26,2.5
1608,2015,27,3.75
1609,2015,28,2.5
1610,2015,29,1.0
1611,2015,30,1.5
1612,2101,1,2.333333333333333
1613,2101,2,2.0
1614,2101,3,1.0
1615,2101,4,2.0
1616,2101,5,3.0
1617,2101,6,1.0
1618,2101,7,6.0
1619,2101,8,1.0
1620,2101,9,1.0
1621,2101,10,2.0
1622,2101,11,1.0
1623,2101,12,1.0
1624,2101,14,1.0
1625,2101,15,1.0
1626,2101,16,1.0
1627,2101,17,3.0
1628,2101,18,1.0
1629,2101,19,1.0
1630,2101,20,1.0
1631,2101,21,1.0
1632,2101,24,1.0
1633,2101,25,1.0
1634,2101,26,1.0
1635,2101,27,1.0
1636,2101,28,1.0
1637,2101,29,1.0
1638,2101,30,1.0
1639,2102,1,1.5
1640,2102,3,2.5
1641,2102,4,2.0
1642,2102,5,1.0
1643,2102,6,3.0
1644,2102,13,1.0
1645,2102,14,2.0
1646,2102,19,1.0
1647,2102,20,1.0
1648,2102,21,1.0
1649,2102,22,1.0
1650,2102,24,1.0
1651,2103,1,1.0
1652,2103,2,1.0
1653,2103,3,2.0
1654,2103,4,2.0
1655,2103,5,1.5
1656,2103,6,1.0
1657,2103,8,1.0
1658,2103,9,1.6666666666666667
1659,2103,10,1.0
1660,2103,11,2.0
1661,2103,12,1.0
1662,2103,13,3.0
1663,2103,14,1.0
1664,2103,17,2.0
1665,2103,18,2.0
1666,2103,19,2.0
1667,2103,20,1.0
1668,2103,21,1.0
1669,2103,22,1.0
1670,2103,23,2.5
1671,2103,24,1.5
1672,2103,26,5.0
1673,2103,27,2.0
1674,2103,28,1.0
1675,2103,29,1.0
1676,2104,1,1.0
1677,2104,2,2.5
1678,2104,3,4.0
1679,2104,4,1.6666666666666667
1680,2104,5,1.75
1681,2104,6,1.3333333333333333
1682,2104,7,2.0
1683,2104,8,1.5
1684,2104,9,3.0
1685,2104,10,1.6666666666666667
1686,2104,11,2.5
1687,2104,12,3.0
1688,2104,13,1.6666666666666667
1689,2104,14,2.0
1690,2104,15,2.5
1691,2104,16,2.0
1692,2104,17,2.5
1693,2104,18,3.0
1694,2104,19,2.25
1695,2104,20,1.5
1696,2104,21,1.6666666666666667
1697,2104,22,2.0
1698,2104,23,1.0
1699,2104,24,1.0
1700,2104,25,2.0
1701,2104,26,1.3333333333333333
1702,2104,27,1.5
1703,2104,28,3.0
1704,2104,29,1.0
1705,2104,30,1.0
1706,2105,1,2.333333333333333
1707,2105,2,1.0
1708,2105,3,3.5
1709,2105,4,1.0
1710,2105,5,1.0
1711,2105,6,3.0
1712,2105,7,3.0
1713,2105,8,2.333333333333333
1714,2105,9,6.5
1715,2105,10,6.5
1716,2105,11,5.666666666666668
1717,2105,12,1.3333333333333333
1718,2105,13,3.5
1719,2105,14,2.5
1720,2105,15,4.0
1721,2105,16,6.333333333333332
1722,2105,17,2.25
1723,2105,18,4.0
1724,2105,19,2.6666666666666665
1725,2105,20,1.0
1726,2105,21,3.0
1727,2105,22,4.0
1728,2105,23,1.0
1729,2105,24,3.0
1730,2105,25,2.5
1731,2105,26,1.5
1732,2105,27,3.333333333333333
1733,2105,28,1.6666666666666667
1734,2105,29,2.0
1735,2105,30,1.0
1736,2106,1,1.0
1737,2106,3,2.0
1738,2106,4,2.0
1739,2106,5,1.0
1740,2106,6,1.3333333333333333
1741,2106,8,1.3333333333333333
1742,2106,9,2.0
1743,2106,10,1.3333333333333333
1744,2106,11,1.6666666666666667
1745,2106,12,1.0
1746,2106,13,1.5
1747,2106,14,1.0
1748,2106,15,1.3333333333333333
1749,2106,16,2.0
1750,2106,17,3.0
1751,2106,18,2.0
1752,2106,19,1.5
1753,2106,20,1.0
1754,2106,21,1.25
1755,2106,22,1.0
1756,2106,23,1.5
1757,2106,24,1.0
1758,2106,25,1.0
1759,2106,26,1.0
1760,2106,27,1.0
1761,2106,28,1.0
1762,2106,30,1.0
1763,2107,2,1.0
1764,2107,9,2.0
1765,2107,13,6.0
1766,2107,16,2.0
1767,2107,17,1.0
1768,2107,18,1.0
1769,2107,19,1.0
1770,2107,20,1.0
1771,2107,24,1.0
1772,2201,1,10.25
1773,2201,2,9.5
1774,2201,3,13.25
1775,2201,4,28.66666666666667
1776,2201,5,9.5
1777,2201,6,11.75
1778,2201,7,15.0
1779,2201,8,10.0
1780,2201,9,12.666666666666664
1781,2201,10,15.75
1782,2201,11,16.25
1783,2201,12,14.5
1784,2201,13,13.25
1785,2201,14,20.0
1786,2201,15,18.0
1787,2201,16,21.33333333333333
1788,2201,17,15.0
1789,2201,18,19.75
1790,2201,19,9.0
1791,2201,20,8.75
1792,2201,21,12.25
1793,2201,22,14.0
1794,2201,23,12.75
1795,2201,24,8.5
1796,2201,25,11.75
1797,2201,26,14.25
1798,2201,27,13.25
1799,2201,28,16.75
1800,2201,29,14.666666666666664
1801,2201,30,14.333333333333336
1802,2202,1,12.5
1803,2202,2,9.5
1804,2202,3,13.25
1805,2202,4,12.25
1806,2202,5,10.5
1807,2202,6,10.0
1808,2202,7,12.75
1809,2202,8,18.5
1810,2202,9,13.0
1811,2202,10,10.25
1812,2202,11,17.75
1813,2202,12,11.0
1814,2202,13,14.25
1815,2202,14,19.33333333333333
1816,2202,15,19.75
1817,2202,16,21.0
1818,2202,17,16.25
1819,2202,18,29.0
1820,2202,19,8.5
1821,2202,20,9.0
1822,2202,21,13.5
1823,2202,22,12.75
1824,2202,23,12.25
1825,2202,24,10.75
1826,2202,25,14.75
1827,2202,26,12.75
1828,2202,27,8.75
1829,2202,28,13.5
1830,2202,29,15.666666666666664
1831,2202,30,18.0
1832,2203,1,10.0
1833,2203,2,6.75
1834,2203,3,14.5
1835,2203,4,14.25
1836,2203,5,9.0
1837,2203,6,12.75
1838,2203,7,11.0
1839,2203,8,11.25
1840,2203,9,14.0
1841,2203,10,11.75
1842,2203,11,15.5
1843,2203,12,14.25
1844,2203,13,11.25
1845,2203,14,13.333333333333336
1846,2203,15,14.25
1847,2203,16,24.66666666666667
1848,2203,17,14.25
1849,2203,18,30.5
1850,2203,19,9.0
1851,2203,20,6.75
1852,2203,21,9.5
1853,2203,22,15.0
1854,2203,23,9.0
1855,2203,24,6.75
1856,2203,25,11.25
1857,2203,26,6.75
1858,2203,27,12.25
1859,2203,28,14.25
1860,2203,29,13.666666666666664
1861,2203,30,9.666666666666666
1862,2204,1,5.25
1863,2204,2,3.0
1864,2204,3,5.25
1865,2204,4,8.333333333333334
1866,2204,5,4.5
1867,2204,6,5.5
1868,2204,7,8.5
1869,2204,8,4.25
1870,2204,9,6.666666666666668
1871,2204,10,5.5
1872,2204,11,4.0
1873,2204,12,4.25
1874,2204,13,5.75
1875,2204,14,3.6666666666666665
1876,2204,15,7.0
1877,2204,16,11.0
1878,2204,17,5.0
1879,2204,18,10.75
1880,2204,19,5.0
1881,2204,20,3.25
1882,2204,21,6.0
1883,2204,22,4.75
1884,2204,23,4.75
1885,2204,24,3.75
1886,2204,25,7.25
1887,2204,26,3.6666666666666665
1888,2204,27,4.5
1889,2204,28,6.5
1890,2204,29,5.666666666666668
1891,2204,30,5.666666666666668
1892,2205,1,8.5
1893,2205,2,7.75
1894,2205,3,9.5
1895,2205,4,11.25
1896,2205,5,5.0
1897,2205,6,5.75
1898,2205,7,9.25
1899,2205,8,8.5
1900,2205,9,10.333333333333334
1901,2205,10,5.0
1902,2205,11,8.75
1903,2205,12,8.75
1904,2205,13,16.75
1905,2205,14,10.666666666666666
1906,2205,15,15.5
1907,2205,16,16.666666666666668
1908,2205,17,16.25
1909,2205,18,20.5
1910,2205,19,5.5
1911,2205,20,6.25
1912,2205,21,10.0
1913,2205,22,10.0
1914,2205,23,6.25
1915,2205,24,7.5
1916,2205,25,8.25
1917,2205,26,7.0
1918,2205,27,4.0
1919,2205,28,7.0
1920,2205,29,6.333333333333332
1921,2205,30,8.333333333333334
1922,2206,1,6.0
1923,2206,2,4.333333333333333
1924,2206,3,8.0
1925,2206,4,9.0
1926,2206,5,3.0
1927,2206,6,1.75
1928,2206,7,4.666666666666667
1929,2206,8,6.25
1930,2206,9,11.0
1931,2206,10,5.0
1932,2206,11,7.25
1933,2206,12,6.5
1934,2206,13,7.25
1935,2206,14,6.666666666666668
1936,2206,15,9.0
1937,2206,16,11.0
1938,2206,17,9.25
1939,2206,18,12.0
1940,2206,19,3.75
1941,2206,20,3.333333333333333
1942,2206,21,10.75
1943,2206,22,7.75
1944,2206,23,9.0
1945,2206,24,4.5
1946,2206,25,4.25
1947,2206,26,6.5
1948,2206,27,5.0
1949,2206,28,8.5
1950,2206,29,10.666666666666666
1951,2206,30,6.0
1952,2207,1,3.0
1953,2207,2,3.25
1954,2207,3,6.5
1955,2207,4,5.0
1956,2207,5,4.333333333333333
1957,2207,6,4.75
1958,2207,7,5.75
1959,2207,8,3.0
1960,2207,9,6.0
1961,2207,10,3.0
1962,2207,11,9.25
1963,2207,12,10.333333333333334
1964,2207,13,7.5
1965,2207,14,5.0
1966,2207,15,9.75
1967,2207,16,11.0
1968,2207,17,12.333333333333336
1969,2207,18,14.75
1970,2207,19,6.25
1971,2207,20,1.6666666666666667
1972,2207,21,4.75
1973,2207,22,3.0
1974,2207,23,5.5
1975,2207,24,4.25
1976,2207,25,2.25
1977,2207,26,4.333333333333333
1978,2207,27,3.5
1979,2207,28,5.25
1980,2207,29,4.0
1981,2207,30,9.0
1982,2208,1,2.5
1983,2208,2,4.25
1984,2208,3,3.333333333333333
1985,2208,4,3.6666666666666665
1986,2208,5,2.0
1987,2208,6,2.333333333333333
1988,2208,7,3.0
1989,2208,8,1.0
1990,2208,9,2.6666666666666665
1991,2208,10,3.5
1992,2208,11,2.25
1993,2208,12,1.75
1994,2208,13,2.6666666666666665
1995,2208,14,2.333333333333333
1996,2208,15,3.6666666666666665
1997,2208,16,3.5
1998,2208,17,3.75
1999,2208,18,3.75
2000,2208,19,2.0
2001,2208,20,2.0
2002,2208,21,3.0
2003,2208,22,3.0
2004,2208,23,2.0
2005,2208,24,1.0
2006,2208,25,2.5
2007,2208,26,2.333333333333333
2008,2208,27,1.0
2009,2208,28,3.0
2010,2208,29,2.0
2011,2208,30,2.0
2012,2209,1,3.0
2013,2209,2,2.6666666666666665
2014,2209,3,5.5
2015,2209,4,2.0
2016,2209,5,2.0
2017,2209,6,2.5
2018,2209,7,1.5
2019,2209,8,1.6666666666666667
2020,2209,9,4.333333333333333
2021,2209,10,4.333333333333333
2022,2209,11,2.5
2023,2209,12,2.0
2024,2209,13,2.5
2025,2209,14,1.0
2026,2209,15,3.75
2027,2209,16,4.333333333333333
2028,2209,17,5.333333333333333
2029,2209,18,5.75
2030,2209,19,3.0
2031,2209,20,1.5
2032,2209,21,3.0
2033,2209,22,3.6666666666666665
2034,2209,23,1.3333333333333333
2035,2209,24,1.0
2036,2209,25,2.5
2037,2209,26,1.3333333333333333
2038,2209,27,2.0
2039,2209,28,2.0
2040,2209,29,2.0
2041,2209,30,2.5
2042,2210,1,3.5
2043,2210,2,1.3333333333333333
2044,2210,3,5.0
2045,2210,4,1.0
2046,2210,5,1.0
2047,2210,6,3.333333333333333
2048,2210,7,1.5
2049,2210,8,2.0
2050,2210,9,4.0
2051,2210,10,5.0
2052,2210,11,1.6666666666666667
2053,2210,12,5.0
2054,2210,13,1.0
2055,2210,14,3.0
2056,2210,15,2.6666666666666665
2057,2210,16,7.5
2058,2210,17,4.333333333333333
2059,2210,18,18.0
2060,2210,19,1.6666666666666667
2061,2210,21,3.0
2062,2210,22,7.0
2063,2210,23,3.333333333333333
2064,2210,24,2.5
2065,2210,25,3.333333333333333
2066,2210,26,5.0
2067,2210,27,2.0
2068,2210,28,6.5
2069,2210,29,4.0
2070,2210,30,4.333333333333333
2071,2211,1,1.3333333333333333
2072,2211,2,2.0
2073,2211,3,2.0
2074,2211,4,1.5
2075,2211,5,1.0
2076,2211,7,1.5
2077,2211,8,1.0
2078,2211,9,2.0
2079,2211,10,1.3333333333333333
2080,2211,11,1.0
2081,2211,13,1.0
2082,2211,14,1.5
2083,2211,15,3.5
2084,2211,16,1.0
2085,2211,17,1.0
2086,2211,18,2.5
2087,2211,21,2.0
2088,2211,22,1.0
2089,2211,23,1.0
2090,2211,24,3.333333333333333
2091,2211,26,1.5
2092,2211,27,1.0
2093,2211,28,1.0
2094,2211,30,1.5
2095,2212,1,1.3333333333333333
2096,2212,2,2.0
2097,2212,3,1.3333333333333333
2098,2212,4,2.5
2099,2212,5,1.0
2100,2212,6,3.0
2101,2212,7,2.0
2102,2212,8,3.0
2103,2212,9,1.3333333333333333
2104,2212,10,1.0
2105,2212,11,2.6666666666666665
2106,2212,12,2.25
2107,2212,13,4.0
2108,2212,14,1.5
2109,2212,15,3.0
2110,2212,16,19.0
2111,2212,17,1.3333333333333333
2112,2212,18,2.5
2113,2212,19,2.0
2114,2212,20,1.0
2115,2212,21,2.0
2116,2212,22,1.75
2117,2212,23,1.25
2118,2212,24,1.25
2119,2212,25,3.0
2120,2212,26,2.0
2121,2212,27,1.75
2122,2212,28,2.25
2123,2212,29,1.0
2124,2212,30,1.0
2125,2301,1,2.0
2126,2301,2,2.0
2127,2301,3,1.5
2128,2301,4,1.5
2129,2301,5,1.25
2130,2301,6,1.0
2131,2301,7,2.75
2132,2301,8,1.5
2133,2301,9,4.0
2134,2301,10,1.5
2135,2301,11,1.3333333333333333
2136,2301,12,1.6666666666666667
2137,2301,13,1.5
2138,2301,14,2.333333333333333
2139,2301,15,2.6666666666666665
2140,2301,16,4.0
2141,2301,17,5.0
2142,2301,18,5.666666666666668
2143,2301,19,2.0
2144,2301,20,2.0
2145,2301,21,2.333333333333333
2146,2301,22,2.0
2147,2301,23,1.0
2148,2301,24,1.6666666666666667
2149,2301,25,1.6666666666666667
2150,2301,26,3.6666666666666665
2151,2301,27,2.333333333333333
2152,2301,28,1.6666666666666667
2153,2301,29,1.6666666666666667
2154,2301,30,2.0
2155,2302,1,1.3333333333333333
2156,2302,2,2.0
2157,2302,3,1.5
2158,2302,4,2.0
2159,2302,6,2.0
2160,2302,7,1.0
2161,2302,8,1.0
2162,2302,9,1.5
2163,2302,10,2.5
2164,2302,11,3.0
2165,2302,12,1.6666666666666667
2166,2302,13,1.0
2167,2302,14,2.0
2168,2302,15,1.3333333333333333
2169,2302,16,1.0
2170,2302,17,2.75
2171,2302,18,3.5
2172,2302,19,1.0
2173,2302,20,1.5
2174,2302,21,2.0
2175,2302,22,1.5
2176,2302,23,1.0
2177,2302,24,1.6666666666666667
2178,2302,25,5.0
2179,2302,26,1.0
2180,2302,27,1.0
2181,2302,28,1.0
2182,2302,29,2.0
2183,2302,30,2.333333333333333
2184,2303,1,1.75
2185,2303,2,3.0
2186,2303,3,1.5
2187,2303,4,4.333333333333333
2188,2303,5,3.5
2189,2303,6,2.5
2190,2303,7,2.25
2191,2303,8,3.75
2192,2303,9,3.0
2193,2303,10,4.5
2194,2303,11,4.25
2195,2303,12,2.25
2196,2303,13,2.0
2197,2303,14,2.0
2198,2303,15,3.5
2199,2303,16,3.333333333333333
2200,2303,17,5.666666666666668
2201,2303,18,6.25
2202,2303,19,1.75
2203,2303,20,1.5
2204,2303,21,3.0
2205,2303,22,3.0
2206,2303,23,2.333333333333333
2207,2303,24,2.6666666666666665
2208,2303,25,3.25
2209,2303,26,3.75
2210,2303,27,3.25
2211,2303,28,4.25
2212,2303,29,4.333333333333333
2213,2303,30,3.6666666666666665
2214,2304,1,1.5
2215,2304,2,1.3333333333333333
2216,2304,5,1.0
2217,2304,6,1.0
2218,2304,7,1.0
2219,2304,8,1.0
2220,2304,9,2.5
2221,2304,10,1.0
2222,2304,11,1.0
2223,2304,12,1.0
2224,2304,13,2.5
2225,2304,15,1.0
2226,2304,17,4.0
2227,2304,19,1.0
2228,2304,20,1.0
2229,2304,21,1.0
2230,2304,23,1.0
2231,2304,24,1.0
2232,2304,25,1.0
2233,2304,26,1.5
2234,2304,27,1.0
2235,2304,29,1.0
2236,2304,30,1.0
2237,2305,1,1.0
2238,2305,2,1.0
2239,2305,3,1.5
2240,2305,4,1.6666666666666667
2241,2305,5,2.5
2242,2305,6,1.0
2243,2305,7,1.0
2244,2305,10,2.0
2245,2305,11,2.0
2246,2305,12,4.0
2247,2305,13,1.5
2248,2305,14,1.0
2249,2305,15,1.0
2250,2305,16,1.5
2251,2305,17,1.75
2252,2305,18,1.0
2253,2305,19,2.0
2254,2305,21,4.5
2255,2305,22,2.333333333333333
2256,2305,23,2.0
2257,2305,24,2.5
2258,2305,25,3.75
2259,2305,26,1.5
2260,2305,27,1.0
2261,2305,28,4.25
2262,2305,29,1.5
2263,2305,30,3.0
2264,2306,1,1.0
2265,2306,2,2.0
2266,2306,3,2.0
2267,2306,4,3.0
2268,2306,5,1.0
2269,2306,6,1.5
2270,2306,7,1.0
2271,2306,8,4.0
2272,2306,9,1.3333333333333333
2273,2306,10,1.0
2274,2306,11,2.0
2275,2306,12,2.0
2276,2306,13,1.5
2277,2306,14,3.0
2278,2306,15,1.5
2279,2306,16,2.5
2280,2306,17,1.5
2281,2306,18,1.75
2282,2306,21,4.0
2283,2306,22,4.5
2284,2306,23,1.25
2285,2306,24,2.0
2286,2306,25,1.5
2287,2306,26,2.0
2288,2306,27,2.0
2289,2306,28,2.333333333333333
2290,2306,29,1.5
2291,2306,30,16.0
2292,2307,1,2.6666666666666665
2293,2307,2,2.0
2294,2307,3,1.75
2295,2307,4,3.0
2296,2307,5,1.0
2297,2307,6,3.0
2298,2307,7,2.5
2299,2307,8,2.333333333333333
2300,2307,9,2.6666666666666665
2301,2307,10,1.5
2302,2307,11,2.6666666666666665
2303,2307,12,2.0
2304,2307,13,2.0
2305,2307,14,2.0
2306,2307,15,2.75
2307,2307,16,2.6666666666666665
2308,2307,17,3.6666666666666665
2309,2307,18,4.25
2310,2307,19,2.0
2311,2307,20,3.5
2312,2307,21,3.0
2313,2307,22,2.0
2314,2307,23,1.5
2315,2307,24,1.75
2316,2307,25,3.0
2317,2307,26,1.75
2318,2307,27,2.6666666666666665
2319,2307,28,2.25
2320,2307,29,1.3333333333333333
2321,2307,30,5.666666666666668
2322,2309,1,1.0
2323,2309,2,1.3333333333333333
2324,2309,3,1.0
2325,2309,4,2.0
2326,2309,5,2.0
2327,2309,6,1.75
2328,2309,7,1.0
2329,2309,8,4.0
2330,2309,10,1.0
2331,2309,11,1.0
2332,2309,12,3.5
2333,2309,13,4.0
2334,2309,14,6.0
2335,2309,15,2.0
2336,2309,16,1.6666666666666667
2337,2309,17,4.5
2338,2309,18,3.5
2339,2309,19,1.0
2340,2309,20,1.0
2341,2309,21,3.0
2342,2309,22,3.0
2343,2309,23,1.3333333333333333
2344,2309,24,2.0
2345,2309,25,1.0
2346,2309,26,2.6666666666666665
2347,2309,27,2.333333333333333
2348,2309,28,1.3333333333333333
2349,2309,29,1.5
2350,2309,30,1.5
2351,2310,2,2.0
2352,2310,3,1.0
2353,2310,4,1.5
2354,2310,5,2.0
2355,2310,6,1.0
2356,2310,7,2.0
2357,2310,9,2.0
2358,2310,10,1.0
2359,2310,12,1.0
2360,2310,14,1.0
2361,2310,15,2.0
2362,2310,16,2.0
2363,2310,17,2.0
2364,2310,18,5.5
2365,2310,19,2.0
2366,2310,20,1.0
2367,2310,21,2.333333333333333
2368,2310,22,1.0
2369,2310,23,2.0
2370,2310,24,1.0
2371,2310,26,1.5
2372,2310,28,2.0
2373,2310,29,1.0
2374,2310,30,2.0
2375,2311,1,1.0
2376,2311,2,1.3333333333333333
2377,2311,3,3.0
2378,2311,4,3.0
2379,2311,5,1.5
2380,2311,6,3.0
2381,2311,7,3.6666666666666665
2382,2311,8,1.6666666666666667
2383,2311,9,1.0
2384,2311,10,3.0
2385,2311,11,2.0
2386,2311,12,3.0
2387,2311,13,2.0
2388,2311,14,1.5
2389,2311,15,3.0
2390,2311,16,2.0
2391,2311,17,5.0
2392,2311,18,5.0
2393,2311,19,1.0
2394,2311,20,1.5
2395,2311,21,1.0
2396,2311,22,2.5
2397,2311,23,2.25
2398,2311,24,2.0
2399,2311,25,1.75
2400,2311,26,1.75
2401,2311,27,1.5
2402,2311,28,2.6666666666666665
2403,2311,29,1.0
2404,2311,30,1.0
2405,2312,1,1.0
2406,2312,2,1.0
2407,2312,6,1.0
2408,2312,7,1.0
2409,2312,8,1.0
2410,2312,12,1.0
2411,2312,13,1.0
2412,2312,14,1.0
2413,2312,15,2.0
2414,2312,16,2.0
2415,2312,18,2.0
2416,2312,19,1.0
2417,2312,20,1.0
2418,2312,22,1.5
2419,2312,23,1.0
2420,2312,24,1.0
2421,2312,26,1.0
2422,2312,27,1.0
2423,2312,30,1.0
2424,2313,2,1.0
2425,2313,3,2.0
2426,2313,5,1.0
2427,2313,6,1.0
2428,2313,7,1.0
2429,2313,11,1.0
2430,2313,13,1.0
2431,2313,14,1.0
2432,2313,16,1.0
2433,2313,19,1.0
2434,2313,23,1.0
2435,2313,26,1.0
2436,2313,30,1.0
2437,2314,1,5.0
2438,2314,2,2.0
2439,2314,3,1.5
2440,2314,4,1.0
2441,2314,5,4.0
2442,2314,6,1.0
2443,2314,7,1.0
2444,2314,8,2.0
2445,2314,11,2.6666666666666665
2446,2314,12,2.0
2447,2314,13,2.0
2448,2314,15,1.3333333333333333
2449,2314,16,8.0
2450,2314,17,8.5
2451,2314,18,20.0
2452,2314,19,2.5
2453,2314,20,1.0
2454,2314,21,3.5
2455,2314,22,2.6666666666666665
2456,2314,23,3.0
2457,2314,24,2.333333333333333
2458,2314,25,2.5
2459,2314,26,1.5
2460,2314,27,2.5
2461,2314,28,3.333333333333333
2462,2314,30,2.0
2463,2316,1,1.0
2464,2316,2,1.0
2465,2316,3,2.333333333333333
2466,2316,4,4.0
2467,2316,5,1.6666666666666667
2468,2316,6,1.6666666666666667
2469,2316,7,1.0
2470,2316,8,1.0
2471,2316,9,2.5
2472,2316,10,4.0
2473,2316,11,1.0
2474,2316,12,2.0
2475,2316,13,2.0
2476,2316,14,1.0
2477,2316,15,1.6666666666666667
2478,2316,16,2.0
2479,2316,17,2.0
2480,2316,18,3.5
2481,2316,19,2.0
2482,2316,20,1.3333333333333333
2483,2316,21,1.5
2484,2316,22,2.0
2485,2316,23,1.75
2486,2316,24,2.25
2487,2316,25,1.5
2488,2316,26,1.75
2489,2316,27,1.5
2490,2316,28,2.0
2491,2316,29,1.3333333333333333
2492,2316,30,1.0
2493,2317,2,3.0
2494,2317,5,1.0
2495,2317,6,1.0
2496,2317,8,1.0
2497,2317,9,2.0
2498,2317,11,2.0
2499,2317,13,1.0
2500,2317,15,2.0
2501,2317,16,1.0
2502,2317,17,2.5
2503,2317,18,4.0
2504,2317,19,2.0
2505,2317,21,2.0
2506,2317,22,1.0
2507,2317,23,1.0
2508,2317,25,1.0
2509,2317,26,1.5
2510,2317,28,1.5
2511,2317,30,2.0
2512,3001,1,1.0
2513,3001,4,1.0
2514,3001,6,1.0
2515,3001,14,1.0
2516,3001,16,1.0
2517,3001,17,1.0
2518,3001,19,1.0
2519,3001,21,1.0
2520,3001,26,2.0
2521,3002,1,2.333333333333333
2522,3002,2,1.0
2523,3002,3,1.5
2524,3002,4,3.0
2525,3002,5,1.75
2526,3002,6,2.5
2527,3002,7,2.0
2528,3002,8,1.3333333333333333
2529,3002,9,2.6666666666666665
2530,3002,10,1.75
2531,3002,11,2.333333333333333
2532,3002,12,1.5
2533,3002,13,1.5
2534,3002,15,1.6666666666666667
2535,3002,16,2.6666666666666665
2536,3002,17,3.0
2537,3002,18,1.3333333333333333
2538,3002,19,2.0
2539,3002,20,1.0
2540,3002,21,1.3333333333333333
2541,3002,22,1.5
2542,3002,23,1.5
2543,3002,24,2.333333333333333
2544,3002,25,1.6666666666666667
2545,3002,26,1.5
2546,3002,27,1.75
2547,3002,28,5.5
2548,3002,29,3.5
2549,3002,30,1.6666666666666667
2550,3003,8,1.0
2551,3003,9,1.0
2552,3003,11,1.0
2553,3003,13,1.0
2554,3003,15,1.0
2555,3003,16,1.0
2556,3003,21,1.0
2557,3003,22,1.0
2558,3003,24,1.0
2559,3003,25,1.0
2560,3003,26,1.0
2561,3003,27,3.0
2562,3003,28,1.0
2563,3003,29,1.0
2564,3004,2,1.0
2565,3004,4,1.0
2566,3004,7,2.0
2567,3004,8,2.0
2568,3004,13,1.0
2569,3004,15,1.0
2570,3004,16,3.0
2571,3004,17,1.0
2572,3004,18,1.0
2573,3004,19,1.0
2574,3004,21,2.5
2575,3004,24,1.0
2576,3004,29,1.0
2577,3004,30,1.0
2578,3005,14,1.0
2579,3005,26,1.0
2580,3005,29,4.0
2581,3005,30,1.0
2582,3006,1,3.333333333333333
2583,3006,2,1.6666666666666667
2584,3006,3,2.25
2585,3006,4,5.0
2586,3006,5,3.0
2587,3006,6,2.0
2588,3006,7,5.75
2589,3006,8,3.6666666666666665
2590,3006,9,2.6666666666666665
2591,3006,10,3.75
2592,3006,11,5.333333333333333
2593,3006,12,3.75
2594,3006,13,2.5
2595,3006,14,3.0
2596,3006,15,2.0
2597,3006,16,4.0
2598,3006,17,4.0
2599,3006,18,4.5
2600,3006,19,4.25
2601,3006,20,2.0
2602,3006,21,5.0
2603,3006,22,1.6666666666666667
2604,3006,23,3.25
2605,3006,24,4.5
2606,3006,25,2.25
2607,3006,26,3.5
2608,3006,27,1.5
2609,3006,28,3.6666666666666665
2610,3006,29,4.333333333333333
2611,3006,30,2.333333333333333
2612,3007,1,2.0
2613,3007,2,1.3333333333333333
2614,3007,3,2.0
2615,3007,4,5.0
2616,3007,5,2.333333333333333
2617,3007,6,1.6666666666666667
2618,3007,7,1.0
2619,3007,8,1.5
2620,3007,9,1.0
2621,3007,10,1.5
2622,3007,12,2.5
2623,3007,13,1.0
2624,3007,14,2.0
2625,3007,15,4.0
2626,3007,16,4.0
2627,3007,17,3.0
2628,3007,18,2.0
2629,3007,19,3.0
2630,3007,20,1.0
2631,3007,21,6.0
2632,3007,22,1.6666666666666667
2633,3007,23,2.0
2634,3007,24,2.0
2635,3007,25,2.0
2636,3007,26,2.0
2637,3007,27,1.5
2638,3007,29,3.0
2639,3007,30,1.5
2640,3008,1,3.6666666666666665
2641,3008,2,1.75
2642,3008,3,1.6666666666666667
2643,3008,4,1.3333333333333333
2644,3008,5,1.25
2645,3008,6,2.5
2646,3008,7,1.5
2647,3008,8,1.75
2648,3008,9,4.0
2649,3008,10,2.0
2650,3008,11,1.5
2651,3008,12,2.333333333333333
2652,3008,13,1.5
2653,3008,14,1.5
2654,3008,15,1.25
2655,3008,16,1.0
2656,3008,17,2.25
2657,3008,18,1.6666666666666667
2658,3008,19,3.0
2659,3008,20,2.5
2660,3008,21,1.0
2661,3008,22,4.5
2662,3008,23,4.0
2663,3008,24,1.3333333333333333
2664,3008,25,1.3333333333333333
2665,3008,26,1.3333333333333333
2666,3008,27,2.5
2667,3008,28,1.0
2668,3008,29,1.5
2669,3008,30,1.0
2670,3010,1,1.0
2671,3010,3,1.0
2672,3010,4,3.0
2673,3010,5,2.0
2674,3010,7,1.0
2675,3010,8,3.0
2676,3010,9,2.0
2677,3010,10,1.0
2678,3010,11,1.0
2679,3010,12,1.0
2680,3010,13,1.5
2681,3010,15,1.0
2682,3010,16,2.0
2683,3010,17,1.0
2684,3010,18,1.0
2685,3010,19,1.0
2686,3010,20,1.0
2687,3010,21,1.0
2688,3010,22,1.0
2689,3010,23,1.5
2690,3010,24,1.5
2691,3010,25,1.0
2692,3010,26,1.0
2693,3010,27,1.0
2694,3010,28,1.3333333333333333
2695,3010,30,2.0
2696,3011,1,1.6666666666666667
2697,3011,2,2.0
2698,3011,3,2.0
2699,3011,4,1.3333333333333333
2700,3011,5,1.0
2701,3011,6,1.0
2702,3011,7,1.5
2703,3011,8,1.0
2704,3011,9,2.0
2705,3011,10,1.3333333333333333
2706,3011,11,1.0
2707,3011,12,1.3333333333333333
2708,3011,13,1.3333333333333333
2709,3011,15,1.0
2710,3011,16,1.0
2711,3011,17,1.0
2712,3011,18,2.6666666666666665
2713,3011,19,4.5
2714,3011,20,1.0
2715,3011,21,1.3333333333333333
2716,3011,22,1.5
2717,3011,23,1.0
2718,3011,24,1.0
2719,3011,25,1.0
2720,3011,26,1.0
2721,3011,27,2.0
2722,3011,28,1.0
2723,3011,29,2.0
2724,3011,30,1.0
2725,3013,1,3.75
2726,3013,2,3.5
2727,3013,3,4.0
2728,3013,4,4.333333333333333
2729,3013,5,3.75
2730,3013,6,3.5
2731,3013,7,2.75
2732,3013,8,3.6666666666666665
2733,3013,9,3.5
2734,3013,10,4.0
2735,3013,11,4.666666666666667
2736,3013,12,5.0
2737,3013,13,3.0
2738,3013,14,5.666666666666668
2739,3013,15,5.0
2740,3013,16,4.333333333333333
2741,3013,17,3.5
2742,3013,18,3.6666666666666665
2743,3013,19,6.0
2744,3013,20,4.333333333333333
2745,3013,21,4.25
2746,3013,22,4.0
2747,3013,23,5.333333333333333
2748,3013,24,6.5
2749,3013,25,4.0
2750,3013,26,3.75
2751,3013,27,4.0
2752,3013,28,4.0
2753,3013,29,5.5
2754,3013,30,2.6666666666666665
2755,3014,3,1.0
2756,3014,7,1.0
2757,3014,9,1.0
2758,3014,14,1.0
2759,3014,15,1.0
2760,3014,16,1.0
2761,3014,18,1.0
2762,3014,19,1.0
2763,3014,20,1.0
2764,3014,21,1.0
2765,3014,24,1.0
2766,3014,25,3.0
2767,3014,26,1.0
2768,3014,28,1.0
2769,3014,29,1.0
2770,3016,1,9.75
2771,3016,2,8.75
2772,3016,3,7.0
2773,3016,4,7.333333333333332
2774,3016,5,7.0
2775,3016,6,7.75
2776,3016,7,13.5
2777,3016,8,9.25
2778,3016,9,11.333333333333336
2779,3016,10,6.5
2780,3016,11,10.5
2781,3016,12,6.5
2782,3016,13,7.25
2783,3016,14,8.666666666666666
2784,3016,15,11.5
2785,3016,16,9.666666666666666
2786,3016,17,7.0
2787,3016,18,13.0
2788,3016,19,8.0
2789,3016,20,5.333333333333333
2790,3016,21,5.25
2791,3016,22,10.5
2792,3016,23,6.25
2793,3016,24,5.5
2794,3016,25,8.5
2795,3016,26,7.5
2796,3016,27,5.75
2797,3016,28,12.0
2798,3016,29,10.0
2799,3016,30,5.0
2800,3017,2,1.0
2801,3017,4,1.0
2802,3017,5,1.0
2803,3017,6,1.0
2804,3017,7,1.0
2805,3017,11,1.0
2806,3017,12,1.0
2807,3017,14,1.0
2808,3017,15,1.0
2809,3017,16,1.0
2810,3017,17,1.0
2811,3017,18,1.0
2812,3017,19,1.0
2813,3017,20,2.0
2814,3017,23,2.0
2815,3017,25,1.0
2816,3017,26,1.0
2817,3017,29,2.0
2818,3017,30,1.0
2819,3018,1,9.25
2820,3018,2,7.0
2821,3018,3,7.25
2822,3018,4,2.333333333333333
2823,3018,5,5.75
2824,3018,6,6.25
2825,3018,7,4.75
2826,3018,8,5.666666666666668
2827,3018,9,4.666666666666667
2828,3018,10,3.75
2829,3018,11,7.0
2830,3018,12,3.5
2831,3018,13,2.333333333333333
2832,3018,14,6.0
2833,3018,15,5.75
2834,3018,16,7.0
2835,3018,17,5.75
2836,3018,18,8.25
2837,3018,19,3.6666666666666665
2838,3018,20,6.666666666666668
2839,3018,21,7.25
2840,3018,22,4.0
2841,3018,23,5.25
2842,3018,24,4.25
2843,3018,25,3.75
2844,3018,26,6.5
2845,3018,27,7.5
2846,3018,28,5.25
2847,3018,29,6.333333333333332
2848,3018,30,4.666666666666667
2849,3102,6,1.0
2850,3102,11,1.0
2851,3102,17,1.0
2852,3102,26,1.0
2853,3105,1,1.0
2854,3105,8,1.0
2855,3105,9,1.0
2856,3105,14,1.0
2857,3105,18,1.0
2858,3107,8,1.0
2859,3107,11,1.0
2860,3107,15,1.0
2861,3107,16,1.0
2862,3107,17,1.0
2863,3107,18,1.0
2864,3107,28,1.0
2865,3109,3,2.0
2866,3109,5,1.0
2867,3109,9,2.0
2868,3109,13,2.0
2869,3109,18,2.0
2870,3109,19,1.0
2871,3109,21,1.0
2872,3109,23,1.0
2873,3109,24,1.0
2874,3109,25,1.0
2875,3110,1,1.5
2876,3110,2,1.0
2877,3110,4,2.0
2878,3110,5,4.0
2879,3110,6,1.3333333333333333
2880,3110,7,1.0
2881,3110,8,1.0
2882,3110,9,1.0
2883,3110,10,1.0
2884,3110,11,1.0
2885,3110,12,1.0
2886,3110,13,1.0
2887,3110,14,1.0
2888,3110,16,1.0
2889,3110,17,1.0
2890,3110,18,1.0
2891,3110,20,2.0
2892,3110,21,1.0
2893,3110,22,1.0
2894,3110,23,1.0
2895,3110,24,4.0
2896,3110,25,1.0
2897,3110,26,1.5
2898,3110,27,1.0
2899,3110,28,1.3333333333333333
2900,3110,29,1.0
2901,3110,30,1.0
2902,3112,1,1.0
2903,3112,3,1.0
2904,3112,5,1.0
2905,3112,7,1.0
2906,3112,13,2.0
2907,3112,14,1.0
2908,3112,17,2.0
2909,3112,19,1.0
2910,3112,22,3.0
2911,3112,23,1.0
2912,3112,24,1.0
2913,3112,25,1.0
2914,3112,26,1.0
2915,3112,29,1.0
2916,3113,5,1.0
2917,3113,7,1.0
2918,3113,19,1.0
2919,3113,24,1.0
2920,3114,1,2.333333333333333
2921,3114,2,1.0
2922,3114,3,2.0
2923,3114,4,2.0
2924,3114,5,2.0
2925,3114,6,3.0
2926,3114,7,1.0
2927,3114,8,2.0
2928,3114,9,2.0
2929,3114,10,2.5
2930,3114,11,2.0
2931,3114,12,1.5
2932,3114,13,1.3333333333333333
2933,3114,14,1.0
2934,3114,15,2.0
2935,3114,16,3.0
2936,3114,17,4.0
2937,3114,18,6.0
2938,3114,19,1.0
2939,3114,21,2.5
2940,3114,22,1.0
2941,3114,23,1.6666666666666667
2942,3114,24,2.0
2943,3114,25,3.333333333333333
2944,3114,26,2.5
2945,3114,27,2.5
2946,3114,28,1.0
2947,3114,29,2.0
2948,3116,1,2.0
2949,3116,2,1.0
2950,3116,3,1.0
2951,3116,4,1.0
2952,3116,5,2.0
2953,3116,6,2.0
2954,3116,7,1.0
2955,3116,9,3.5
2956,3116,10,1.0
2957,3116,11,2.0
2958,3116,12,2.0
2959,3116,15,1.5
2960,3116,17,1.0
2961,3116,18,1.0
2962,3116,19,1.0
2963,3116,20,1.0
2964,3116,21,1.0
2965,3116,22,1.0
2966,3116,23,2.5
2967,3116,25,1.5
2968,3116,26,1.0
2969,3116,27,1.0
2970,3116,28,2.0
2971,3116,29,1.0
2972,3116,30,2.0
2973,3117,1,1.75
2974,3117,2,1.0
2975,3117,3,1.0
2976,3117,4,3.0
2977,3117,6,1.5
2978,3117,8,1.0
2979,3117,9,5.0
2980,3117,10,1.0
2981,3117,11,2.0
2982,3117,12,2.0
2983,3117,14,2.5
2984,3117,15,1.0
2985,3117,18,3.6666666666666665
2986,3117,21,1.0
2987,3117,22,2.0
2988,3117,23,2.5
2989,3117,24,3.5
2990,3117,25,2.0
2991,3117,26,1.0
2992,3117,27,2.0
2993,3117,29,1.0
2994,3117,30,2.0
2995,3118,1,1.0
2996,3118,2,1.0
2997,3118,3,1.3333333333333333
2998,3118,4,1.5
2999,3118,5,1.0
3000,3118,6,2.5
3001,3118,7,3.0
3002,3118,8,1.0
3003,3118,9,2.0
3004,3118,11,1.0
3005,3118,12,1.0
3006,3118,13,1.0
3007,3118,14,1.5
3008,3118,15,2.0
3009,3118,16,1.5
3010,3118,18,2.25
3011,3118,19,1.0
3012,3118,20,1.0
3013,3118,21,1.0
3014,3118,22,2.0
3015,3118,23,1.0
3016,3118,24,1.0
3017,3118,25,1.25
3018,3118,27,3.0
3019,3118,28,1.3333333333333333
3020,3118,29,1.0
3021,3118,30,1.0
3022,3119,1,1.5
3023,3119,3,2.0
3024,3119,4,2.0
3025,3119,6,2.0
3026,3119,7,1.0
3027,3119,8,1.0
3028,3119,9,1.0
3029,3119,10,1.0
3030,3119,11,1.0
3031,3119,13,1.5
3032,3119,14,1.5
3033,3119,15,1.0
3034,3119,16,1.0
3035,3119,17,1.0
3036,3119,18,1.75
3037,3119,21,1.0
3038,3119,22,3.0
3039,3119,24,1.5
3040,3119,25,1.0
3041,3119,26,1.0
3042,3119,27,1.0
3043,3119,28,1.0
3044,3119,29,1.0
3045,3119,30,1.0
3046,3125,7,1.0
3047,3125,9,1.0
3048,3125,13,1.0
3049,3125,17,1.0
3050,3125,28,1.0
3051,3126,1,1.0
3052,3126,5,1.0
3053,3126,10,3.0
3054,3126,13,3.0
3055,3126,14,1.0
3056,3126,15,1.0
3057,3126,16,1.0
3058,3126,17,1.5
3059,3126,19,1.0
3060,3126,20,1.0
3061,3126,22,1.5
3062,3126,23,1.5
3063,3126,25,1.5
3064,3126,26,1.5
3065,3126,27,1.0
3066,3217,4,1.0
3067,3217,5,1.0
3068,3217,6,1.0
3069,3217,10,1.0
3070,3217,11,1.0
3071,3217,17,1.0
3072,3217,18,1.0
3073,3217,23,1.0
3074,3217,24,1.0
3075,3227,1,2.0
3076,3227,2,1.0
3077,3227,3,1.0
3078,3227,6,1.0
3079,3227,9,1.0
3080,3227,10,1.0
3081,3227,11,2.0
3082,3227,12,1.0
3083,3227,14,1.0
3084,3227,16,1.0
3085,3227,17,1.0
3086,3227,18,1.0
3087,3227,20,1.0
3088,3227,23,1.0
3089,3227,24,1.0
3090,3227,26,2.0
3091,3227,27,1.0
3092,3227,30,1.0
3093,3316,6,2.0
3094,3316,8,1.0
3095,3316,10,1.0
3096,3316,16,1.0
3097,3316,24,1.0
3098,3316,28,1.0
3099,3319,1,1.25
3100,3319,2,1.0
3101,3319,3,1.0
3102,3319,4,2.0
3103,3319,5,1.0
3104,3319,6,1.6666666666666667
3105,3319,7,3.0
3106,3319,8,3.0
3107,3319,10,1.0
3108,3319,11,4.0
3109,3319,12,1.0
3110,3319,13,2.0
3111,3319,14,2.0
3112,3319,15,4.0
3113,3319,16,1.0
3114,3319,18,1.3333333333333333
3115,3319,19,1.5
3116,3319,21,1.0
3117,3319,22,3.5
3118,3319,23,2.0
3119,3319,24,1.0
3120,3319,25,3.0
3121,3319,26,3.0
3122,3319,27,1.5
3123,3319,28,1.5
3124,3319,29,2.0
3125,3319,30,2.0
3126,3320,2,1.0
3127,3320,4,2.0
3128,3320,6,1.0
3129,3320,8,1.5
3130,3320,12,1.0
3131,3320,15,1.0
3132,3320,22,1.0
3133,3320,23,2.0
3134,3320,24,2.0
3135,3320,25,2.0
3136,3320,26,1.0
3137,3321,1,2.0
3138,3321,2,2.0
3139,3321,4,1.0
3140,3321,5,1.0
3141,3321,6,1.0
3142,3321,7,1.0
3143,3321,9,1.0
3144,3321,10,2.0
3145,3321,11,2.0
3146,3321,13,1.0
3147,3321,15,1.0
3148,3321,16,2.0
3149,3321,17,1.0
3150,3321,18,1.0
3151,3321,22,1.5
3152,3321,23,1.0
3153,3321,24,2.0
3154,3321,25,1.0
3155,3321,26,3.0
3156,3321,27,1.0
3157,3321,28,1.0
3158,3321,29,1.0
3159,3321,30,3.0
3160,3322,1,1.0
3161,3322,2,1.0
3162,3322,4,1.0
3163,3322,5,1.0
3164,3322,6,2.5
3165,3322,10,1.0
3166,3322,16,1.0
3167,3322,17,1.6666666666666667
3168,3322,19,1.0
3169,3322,22,3.0
3170,3322,23,1.0
3171,3322,25,1.0
3172,3322,26,2.0
3173,3322,29,2.0
3174,3322,30,1.0
3175,3323,2,2.0
3176,3323,4,2.0
3177,3323,5,1.0
3178,3323,7,2.0
3179,3323,8,1.0
3180,3323,9,1.0
3181,3323,10,1.0
3182,3323,15,1.0
3183,3323,16,1.0
3184,3323,19,2.0
3185,3323,20,1.0
3186,3323,22,1.0
3187,3323,23,1.0
3188,3323,24,2.0
3189,3323,26,1.0
3190,3323,29,1.0
3191,3325,14,1.0
3192,3325,15,1.0
3193,3325,21,1.0
3194,3325,26,1.0
3195,3325,29,1.0
3196,3326,6,1.0
3197,3326,9,1.0
3198,3326,16,1.0
3199,3402,1,1.5
3200,3402,3,1.0
3201,3402,4,1.5
3202,3402,5,1.0
3203,3402,6,1.0
3204,3402,7,1.0
3205,3402,9,1.0
3206,3402,12,1.0
3207,3402,14,1.0
3208,3402,16,1.5
3209,3402,17,1.25
3210,3402,18,2.0
3211,3402,20,1.0
3212,3402,21,1.0
3213,3402,22,1.0
3214,3402,23,1.0
3215,3402,24,1.0
3216,3402,26,1.0
3217,3403,5,1.0
3218,3403,6,1.0
3219,3403,10,1.0
3220,3403,12,1.0
3221,3403,15,1.0
3222,3403,16,1.0
3223,3403,17,1.0
3224,3403,18,1.0
3225,3403,19,2.0
3226,3403,20,2.0
3227,3403,21,1.0
3228,3403,22,1.0
3229,3403,25,1.0
3230,3403,26,1.0
3231,3407,1,1.0
3232,3407,4,4.0
3233,3407,7,2.0
3234,3407,10,1.0
3235,3407,11,1.0
3236,3407,12,1.0
3237,3407,13,2.0
3238,3407,14,3.0
3239,3407,16,1.0
3240,3407,17,2.0
3241,3407,18,7.0
3242,3407,19,1.0
3243,3407,20,1.6666666666666667
3244,3407,21,1.0
3245,3407,22,1.0
3246,3407,23,1.0
3247,3407,24,1.0
3248,3407,26,1.0
3249,3407,27,2.0
3250,3407,28,2.0
3251,3407,30,2.5
3252,3408,1,4.0
3253,3408,2,1.0
3254,3408,3,2.0
3255,3408,4,1.0
3256,3408,5,1.3333333333333333
3257,3408,6,2.0
3258,3408,7,2.0
3259,3408,12,3.0
3260,3408,13,1.5
3261,3408,16,2.5
3262,3408,17,1.0
3263,3408,18,2.0
3264,3408,20,2.0
3265,3408,22,1.0
3266,3408,23,1.0
3267,3408,24,1.0
3268,3408,26,1.0
3269,3408,27,1.0
3270,3408,29,1.0
3271,3415,1,1.0
3272,3415,2,1.0
3273,3415,7,2.0
3274,3415,8,1.5
3275,3415,10,1.0
3276,3415,11,1.0
3277,3415,12,1.5
3278,3415,13,1.0
3279,3415,14,2.0
3280,3415,18,2.0
3281,3415,19,1.0
3282,3415,20,1.0
3283,3415,21,2.5
3284,3415,24,1.0
3285,3415,25,3.333333333333333
3286,3415,27,3.0
3287,3415,29,1.0
3288,3417,1,1.0
3289,3417,9,1.0
3290,3417,13,1.0
3291,3417,15,1.0
3292,3417,17,1.0
3293,3417,24,3.0
3294,3417,26,1.0
3295,3417,28,1.0
3296,3423,4,1.0
3297,3423,7,2.0
3298,3423,8,1.0
3299,3423,22,1.0
3300,3423,28,1.0
3301,3423,29,2.0
3302,3424,17,1.0
3303,3424,29,5.0
3304,3426,2,1.0
3305,3426,5,1.0
3306,3426,7,1.0
3307,3426,8,1.0
3308,3426,11,1.0
3309,3426,16,1.0
3310,3426,17,1.0
3311,3426,18,1.0
3312,3426,20,1.0
3313,3426,24,1.0
3314,3426,30,2.0
3315,3431,3,1.0
3316,3431,7,1.0
3317,3431,10,1.0
3318,3431,11,1.0
3319,3431,17,1.0
3320,3431,18,1.0
3321,3431,19,3.0
3322,3431,21,1.0
3323,3431,24,1.0
3324,3431,25,1.0
3325,3431,26,1.0
3326,3431,27,1.0
3327,3431,28,1.0
3328,3431,29,2.0
3329,3431,30,4.0
0,10,1,11.0
1,10,2,10.75
2,10,3,9.25
3,10,4,8.75
4,10,5,10.75
5,10,6,6.0
6,10,7,16.5
7,10,8,11.0
8,10,9,9.333333333333334
9,10,10,9.75
10,10,11,17.5
11,10,12,13.0
12,10,13,8.5
13,10,14,14.0
14,10,15,17.25
15,10,16,10.666666666666666
16,10,17,11.0
17,10,18,11.25
18,10,19,4.75
19,10,20,9.333333333333334
20,10,21,13.25
21,10,22,14.25
22,10,23,5.75
23,10,24,6.25
24,10,25,10.5
25,10,26,9.25
26,10,27,6.75
27,10,28,15.75
28,10,29,12.333333333333336
29,10,30,10.333333333333334
30,11,1,4.5
31,11,2,2.6666666666666665
32,11,3,5.0
33,11,4,5.0
34,11,5,2.0
35,11,6,1.3333333333333333
36,11,7,1.6666666666666667
37,11,8,1.3333333333333333
38,11,9,1.6666666666666667
39,11,10,1.5
40,11,11,3.0
41,11,12,2.5
42,11,13,2.333333333333333
43,11,14,2.333333333333333
44,11,15,3.5
45,11,16,1.0
46,11,17,2.0
47,11,18,2.333333333333333
48,11,19,1.5
49,11,20,1.5
50,11,21,1.6666666666666667
51,11,22,3.5
52,11,23,1.3333333333333333
53,11,24,2.6666666666666665
54,11,25,2.0
55,11,26,2.0
56,11,27,2.0
57,11,28,3.333333333333333
58,11,29,4.5
59,11,30,1.0
60,12,1,132.25
61,12,2,117.25
62,12,3,101.25
63,12,4,87.5
64,12,5,111.25
65,12,6,107.25
66,12,7,112.75
67,12,8,128.25
68,12,9,134.0
69,12,10,102.75
70,12,11,134.5
71,12,12,135.75
72,12,13,120.5
73,12,14,161.0
74,12,15,133.25
75,12,16,147.66666666666666
76,12,17,130.5
77,12,18,171.25
78,12,19,109.75
79,12,20,107.25
80,12,21,119.25
81,12,22,129.5
82,12,23,117.0
83,12,24,118.0
84,12,25,131.25
85,12,26,117.5
86,12,27,111.75
87,12,28,127.5
88,12,29,113.33333333333331
89,12,30,112.66666666666669
90,13,1,9.5
91,13,2,9.25
92,13,3,10.5
93,13,4,6.25
94,13,5,7.5
95,13,6,8.75
96,13,7,10.0
97,13,8,6.25
98,13,9,7.333333333333332
99,13,10,8.75
100,13,11,10.75
101,13,12,8.25
102,13,13,7.75
103,13,14,7.0
104,13,15,9.25
105,13,16,5.0
106,13,17,9.75
107,13,18,9.75
108,13,19,4.25
109,13,20,9.666666666666666
110,13,21,7.25
111,13,22,6.0
112,13,23,5.5
113,13,24,6.25
114,13,25,5.25
115,13,26,6.5
116,13,27,4.0
117,13,28,8.0
118,13,29,6.0
119,13,30,10.666666666666666
120,15,1,37.25
121,15,2,32.75
122,15,3,35.75
123,15,4,43.0
124,15,5,28.75
125,15,6,35.25
126,15,7,45.25
127,15,8,41.25
128,15,9,41.333333333333336
129,15,10,37.5
130,15,11,46.5
131,15,12,43.25
132,15,13,37.0
133,15,14,57.33333333333334
134,15,15,48.25
135,15,16,48.0
136,15,17,46.0
137,15,18,60.5
138,15,19,36.5
139,15,20,35.25
140,15,21,39.5
141,15,22,43.0
142,15,23,35.5
143,15,24,39.75
144,15,25,44.0
145,15,26,41.0
146,15,27,32.0
147,15,28,47.25
148,15,29,53.66666666666666
149,15,30,43.0
150,20,1,51.75
151,20,2,46.25
152,20,3,47.25
153,20,4,54.66666666666666
154,20,5,51.0
155,20,6,49.5
156,20,7,58.5
157,20,8,43.75
158,20,9,55.33333333333334
159,20,10,47.75
160,20,11,56.25
161,20,12,51.75
162,20,13,55.25
163,20,14,48.66666666666666
164,20,15,59.25
165,20,16,72.33333333333333
166,20,17,66.25
167,20,18,64.5
168,20,19,41.25
169,20,20,33.75
170,20,21,57.5
171,20,22,43.75
172,20,23,40.0
173,20,24,38.0
174,20,25,46.0
175,20,26,54.25
176,20,27,44.0
177,20,28,48.25
178,20,29,59.0
179,20,30,49.0
180,21,1,5.5
181,21,2,3.5
182,21,3,7.25
183,21,4,5.0
184,21,5,4.25
185,21,6,7.0
186,21,7,5.333333333333333
187,21,8,5.666666666666668
188,21,9,9.666666666666666
189,21,10,8.333333333333334
190,21,11,7.75
191,21,12,2.5
192,21,13,8.333333333333334
193,21,14,5.333333333333333
194,21,15,5.75
195,21,16,11.333333333333336
196,21,17,7.25
197,21,18,6.25
198,21,19,7.0
199,21,20,2.75
200,21,21,6.5
201,21,22,4.0
202,21,23,3.6666666666666665
203,21,24,4.0
204,21,25,4.5
205,21,26,3.5
206,21,27,5.0
207,21,28,3.75
208,21,29,2.6666666666666665
209,21,30,2.333333333333333
210,22,1,63.5
211,22,2,52.75
212,22,3,82.75
213,22,4,82.75
214,22,5,50.5
215,22,6,59.25
216,22,7,73.5
217,22,8,67.0
218,22,9,85.33333333333333
219,22,10,68.25
220,22,11,87.25
221,22,12,76.25
222,22,13,83.25
223,22,14,85.0
224,22,15,104.0
225,22,16,131.33333333333334
226,22,17,97.5
227,22,18,153.75
228,22,19,53.0
229,22,20,41.0
230,22,21,76.5
231,22,22,81.25
232,22,23,66.0
233,22,24,54.0
234,22,25,67.5
235,22,26,60.75
236,22,27,56.5
237,22,28,82.25
238,22,29,76.0
239,22,30,80.33333333333333
240,23,1,11.5
241,23,2,14.5
242,23,3,13.5
243,23,4,17.0
244,23,5,11.25
245,23,6,13.75
246,23,7,13.5
247,23,8,15.25
248,23,9,14.0
249,23,10,9.75
250,23,11,15.75
251,23,12,14.25
252,23,13,11.75
253,23,14,14.666666666666664
254,23,15,18.25
255,23,16,23.33333333333333
256,23,17,30.5
257,23,18,37.25
258,23,19,10.75
259,23,20,8.0
260,23,21,19.25
261,23,22,16.5
262,23,23,14.5
263,23,24,16.75
264,23,25,18.25
265,23,26,20.0
266,23,27,14.0
267,23,28,21.75
268,23,29,13.666666666666664
269,23,30,25.66666666666667
270,30,1,34.25
271,30,2,24.5
272,30,3,23.0
273,30,4,25.0
274,30,5,25.0
275,30,6,25.5
276,30,7,32.5
277,30,8,26.5
278,30,9,28.33333333333333
279,30,10,23.25
280,30,11,28.0
281,30,12,23.5
282,30,13,20.0
283,30,14,27.66666666666667
284,30,15,30.75
285,30,16,36.0
286,30,17,25.5
287,30,18,33.5
288,30,19,28.0
289,30,20,23.0
290,30,21,27.0
291,30,22,23.25
292,30,23,24.25
293,30,24,26.5
294,30,25,24.75
295,30,26,27.0
296,30,27,23.25
297,30,28,29.0
298,30,29,35.0
299,30,30,20.0
300,31,1,8.5
301,31,2,2.75
302,31,3,4.25
303,31,4,5.0
304,31,5,6.666666666666668
305,31,6,6.0
306,31,7,3.0
307,31,8,4.0
308,31,9,10.0
309,31,10,4.5
310,31,11,5.0
311,31,12,4.25
312,31,13,6.0
313,31,14,5.666666666666668
314,31,15,4.5
315,31,16,5.0
316,31,17,6.25
317,31,18,9.75
318,31,19,2.6666666666666665
319,31,20,4.333333333333333
320,31,21,4.25
321,31,22,5.0
322,31,23,6.5
323,31,24,5.5
324,31,25,8.0
325,31,26,5.0
326,31,27,3.5
327,31,28,4.25
328,31,29,4.0
329,31,30,3.333333333333333
330,32,1,2.0
331,32,2,1.0
332,32,3,1.0
333,32,4,1.0
334,32,5,1.0
335,32,6,1.0
336,32,7,1.0
337,32,8,1.0
338,32,9,1.5
339,32,10,1.0
340,32,11,2.0
341,32,12,1.0
342,32,14,1.0
343,32,16,1.0
344,32,17,1.6666666666666667
345,32,18,1.3333333333333333
346,32,20,1.0
347,32,23,1.0
348,32,24,3.0
349,32,26,2.0
350,32,27,1.25
351,32,30,1.0
352,33,1,2.5
353,33,2,3.0
354,33,3,1.5
355,33,4,6.5
356,33,5,1.5
357,33,6,4.5
358,33,7,2.6666666666666665
359,33,8,2.75
360,33,9,3.0
361,33,10,3.0
362,33,11,6.0
363,33,12,1.0
364,33,13,2.333333333333333
365,33,14,2.6666666666666665
366,33,15,3.6666666666666665
367,33,16,3.333333333333333
368,33,17,2.6666666666666665
369,33,18,3.333333333333333
370,33,19,4.5
371,33,20,1.0
372,33,21,1.0
373,33,22,8.0
374,33,23,7.0
375,33,24,4.25
376,33,25,3.5
377,33,26,3.6666666666666665
378,33,27,1.6666666666666667
379,33,28,2.333333333333333
380,33,29,3.5
381,33,30,3.0
382,34,1,3.75
383,34,2,1.5
384,34,3,2.0
385,34,4,3.0
386,34,5,2.6666666666666665
387,34,6,2.333333333333333
388,34,7,3.75
389,34,8,2.5
390,34,9,1.0
391,34,10,2.5
392,34,11,2.0
393,34,12,3.0
394,34,13,2.75
395,34,14,5.333333333333333
396,34,15,1.0
397,34,16,5.666666666666668
398,34,17,3.75
399,34,18,5.25
400,34,19,2.6666666666666665
401,34,20,3.75
402,34,21,3.0
403,34,22,2.333333333333333
404,34,23,1.0
405,34,24,3.0
406,34,25,3.5
407,34,26,2.25
408,34,27,3.0
409,34,28,3.0
410,34,29,6.5
411,34,30,5.5
