编码,月份,星期,销量
10,1,1,11.75
10,1,2,9.5
10,1,3,34.25
10,1,4,10.2
10,1,5,8.2
10,1,6,6.2
10,1,7,7.75
10,2,1,10.0
10,2,2,15.0
10,2,3,36.0
10,2,4,11.5
10,2,5,7.0
10,2,6,3.0
10,2,7,13.333333333333334
10,3,1,9.6
10,3,2,8.5
10,3,3,20.0
10,3,4,8.0
10,3,5,5.0
10,3,6,6.5
10,3,7,8.2
10,4,1,8.5
10,4,2,13.0
10,4,3,22.6
10,4,4,11.333333333333334
10,4,5,10.0
10,4,6,8.25
10,4,7,11.5
11,1,1,0.25
11,1,2,1.5
11,1,3,2.25
11,1,4,1.2
11,1,5,0.8
11,1,6,0.4
11,1,7,0.75
11,2,1,2.0
11,2,2,4.0
11,2,3,6.0
11,2,4,3.0
11,2,5,1.0
11,2,6,0.0
11,2,7,1.6666666666666667
11,3,1,1.6
11,3,2,2.25
11,3,3,3.5
11,3,4,1.0
11,3,5,0.0
11,3,6,2.5
11,3,7,0.6
11,4,1,1.75
11,4,2,1.75
11,4,3,7.4
11,4,4,0.6666666666666666
11,4,5,1.5
11,4,6,3.0
11,4,7,1.0
12,1,1,164.5
12,1,2,146.25
12,1,3,179.25
12,1,4,119.8
12,1,5,118.6
12,1,6,108.0
12,1,7,131.25
12,2,1,160.33333333333334
12,2,2,115.5
12,2,3,118.0
12,2,4,120.5
12,2,5,102.0
12,2,6,101.0
12,2,7,116.33333333333333
12,3,1,140.0
12,3,2,106.25
12,3,3,173.0
12,3,4,106.0
12,3,5,91.5
12,3,6,111.75
12,3,7,97.2
12,4,1,125.25
12,4,2,124.5
12,4,3,186.2
12,4,4,98.33333333333333
12,4,5,119.75
12,4,6,120.75
12,4,7,121.75
13,1,1,7.25
13,1,2,6.75
13,1,3,10.75
13,1,4,8.6
13,1,5,7.2
13,1,6,7.4
13,1,7,8.5
13,2,1,7.666666666666667
13,2,2,11.0
13,2,3,7.0
13,2,4,6.5
13,2,5,6.333333333333333
13,2,6,6.5
13,2,7,7.666666666666667
13,3,1,8.6
13,3,2,10.75
13,3,3,8.5
13,3,4,8.0
13,3,5,9.0
13,3,6,6.75
13,3,7,6.0
13,4,1,7.25
13,4,2,9.0
13,4,3,8.8
13,4,4,8.333333333333334
13,4,5,9.75
13,4,6,11.75
13,4,7,7.25
14,1,1,0.0
14,1,2,0.25
14,1,3,0.25
14,1,4,0.6
14,1,5,0.8
14,1,6,0.0
14,1,7,0.0
14,2,1,0.0
14,2,2,2.5
14,2,3,0.0
14,2,4,0.0
14,2,5,0.3333333333333333
14,2,6,0.5
14,2,7,0.0
14,3,1,0.0
14,3,2,0.0
14,3,3,0.25
14,3,4,0.25
14,3,5,0.0
14,3,6,0.0
14,3,7,0.0
14,4,1,0.0
14,4,2,0.0
14,4,3,0.0
14,4,4,0.0
14,4,5,0.0
14,4,6,0.0
14,4,7,0.0
15,1,1,47.25
15,1,2,36.5
15,1,3,61.25
15,1,4,39.0
15,1,5,34.8
15,1,6,35.2
15,1,7,36.5
15,2,1,63.333333333333336
15,2,2,48.5
15,2,3,61.0
15,2,4,37.5
15,2,5,40.333333333333336
15,2,6,37.5
15,2,7,44.666666666666664
15,3,1,35.2
15,3,2,29.5
15,3,3,49.75
15,3,4,31.0
15,3,5,26.5
15,3,6,37.5
15,3,7,32.2
15,4,1,43.0
15,4,2,51.0
15,4,3,63.2
15,4,4,37.0
15,4,5,41.5
15,4,6,42.25
15,4,7,43.5
20,1,1,62.0
20,1,2,67.0
20,1,3,82.5
20,1,4,56.2
20,1,5,50.6
20,1,6,56.6
20,1,7,53.5
20,2,1,85.66666666666667
20,2,2,64.5
20,2,3,86.0
20,2,4,56.5
20,2,5,57.666666666666664
20,2,6,47.5
20,2,7,56.666666666666664
20,3,1,45.4
20,3,2,37.25
20,3,3,63.5
20,3,4,50.25
20,3,5,31.5
20,3,6,33.25
20,3,7,36.4
20,4,1,36.75
20,4,2,48.75
20,4,3,64.0
20,4,4,37.666666666666664
20,4,5,41.25
20,4,6,35.5
20,4,7,49.25
21,1,1,5.75
21,1,2,6.0
21,1,3,5.25
21,1,4,4.4
21,1,5,5.8
21,1,6,6.2
21,1,7,4.75
21,2,1,13.666666666666666
21,2,2,12.0
21,2,3,18.0
21,2,4,1.5
21,2,5,9.666666666666666
21,2,6,5.5
21,2,7,7.0
21,3,1,3.6
21,3,2,4.5
21,3,3,3.5
21,3,4,3.75
21,3,5,2.0
21,3,6,6.0
21,3,7,1.4
21,4,1,5.0
21,4,2,2.75
21,4,3,5.6
21,4,4,2.3333333333333335
21,4,5,3.75
21,4,6,2.75
21,4,7,3.75
22,1,1,57.75
22,1,2,67.75
22,1,3,110.0
22,1,4,66.6
22,1,5,80.4
22,1,6,81.6
22,1,7,80.5
22,2,1,137.66666666666666
22,2,2,76.0
22,2,3,121.0
22,2,4,78.5
22,2,5,83.66666666666667
22,2,6,64.5
22,2,7,97.0
22,3,1,54.8
22,3,2,44.5
22,3,3,85.0
22,3,4,54.75
22,3,5,60.5
22,3,6,70.0
22,3,7,63.2
22,4,1,43.0
22,4,2,73.25
22,4,3,99.0
22,4,4,73.66666666666667
22,4,5,73.5
22,4,6,101.0
22,4,7,71.0
23,1,1,9.75
23,1,2,12.5
23,1,3,13.0
23,1,4,12.2
23,1,5,17.4
23,1,6,14.0
23,1,7,13.5
23,2,1,20.333333333333332
23,2,2,15.0
23,2,3,16.0
23,2,4,15.0
23,2,5,11.0
23,2,6,15.0
23,2,7,16.0
23,3,1,14.6
23,3,2,9.5
23,3,3,11.25
23,3,4,13.75
23,3,5,16.25
23,3,6,22.25
23,3,7,16.6
23,4,1,9.0
23,4,2,16.25
23,4,3,14.4
23,4,4,24.0
23,4,5,15.0
23,4,6,23.25
23,4,7,19.5
30,1,1,34.5
30,1,2,31.25
30,1,3,43.0
30,1,4,29.6
30,1,5,20.4
30,1,6,31.2
30,1,7,23.0
30,2,1,40.333333333333336
30,2,2,24.5
30,2,3,26.0
30,2,4,23.5
30,2,5,18.666666666666668
30,2,6,20.5
30,2,7,27.666666666666668
30,3,1,26.0
30,3,2,19.5
30,3,3,38.0
30,3,4,23.25
30,3,5,20.0
30,3,6,21.75
30,3,7,20.0
30,4,1,20.75
30,4,2,28.25
30,4,3,45.4
30,4,4,28.333333333333332
30,4,5,23.5
30,4,6,17.5
30,4,7,27.25
31,1,1,4.0
31,1,2,6.25
31,1,3,6.5
31,1,4,4.8
31,1,5,4.0
31,1,6,6.2
31,1,7,2.75
31,2,1,9.333333333333334
31,2,2,8.5
31,2,3,8.0
31,2,4,3.5
31,2,5,4.0
31,2,6,4.5
31,2,7,8.0
31,3,1,6.0
31,3,2,2.75
31,3,3,10.25
31,3,4,3.5
31,3,5,4.25
31,3,6,4.25
31,3,7,5.8
31,4,1,5.25
31,4,2,2.5
31,4,3,4.4
31,4,4,3.0
31,4,5,3.75
31,4,6,3.5
31,4,7,6.5
32,1,1,0.75
32,1,2,0.75
32,1,3,0.25
32,1,4,0.4
32,1,5,0.4
32,1,6,0.6
32,1,7,1.0
32,2,1,0.6666666666666666
32,2,2,0.5
32,2,3,0.0
32,2,4,0.5
32,2,5,0.3333333333333333
32,2,6,0.0
32,2,7,0.3333333333333333
32,3,1,0.8
32,3,2,1.25
32,3,3,0.75
32,3,4,0.0
32,3,5,0.75
32,3,6,0.0
32,3,7,0.0
32,4,1,0.5
32,4,2,0.25
32,4,3,0.0
32,4,4,0.3333333333333333
32,4,5,0.25
32,4,6,0.25
32,4,7,0.25
33,1,1,3.75
33,1,2,2.0
33,1,3,1.75
33,1,4,3.6
33,1,5,3.2
33,1,6,3.4
33,1,7,3.5
33,2,1,2.6666666666666665
33,2,2,1.0
33,2,3,0.0
33,2,4,1.0
33,2,5,2.6666666666666665
33,2,6,1.5
33,2,7,3.6666666666666665
33,3,1,1.8
33,3,2,0.25
33,3,3,3.5
33,3,4,2.25
33,3,5,2.75
33,3,6,2.25
33,3,7,2.8
33,4,1,1.0
33,4,2,1.75
33,4,3,2.4
33,4,4,2.0
33,4,5,2.0
33,4,6,0.5
33,4,7,1.0
34,1,1,3.25
34,1,2,3.75
34,1,3,3.5
34,1,4,1.0
34,1,5,2.0
34,1,6,2.8
34,1,7,2.75
34,2,1,4.0
34,2,2,2.0
34,2,3,2.0
34,2,4,3.0
34,2,5,2.3333333333333335
34,2,6,2.5
34,2,7,4.0
34,3,1,2.2
34,3,2,2.0
34,3,3,3.25
34,3,4,1.5
34,3,5,2.5
34,3,6,3.0
34,3,7,0.6
34,4,1,2.25
34,4,2,4.25
34,4,3,4.4
34,4,4,2.0
34,4,5,2.5
34,4,6,2.25
34,4,7,2.5
1001,1,1,9.5
1001,1,2,7.75
1001,1,3,26.0
1001,1,4,6.8
1001,1,5,6.0
1001,1,6,4.4
1001,1,7,4.5
1001,2,1,7.333333333333333
1001,2,2,11.5
1001,2,3,25.0
1001,2,4,8.0
1001,2,5,4.333333333333333
1001,2,6,2.5
1001,2,7,10.0
1001,3,1,7.2
1001,3,2,7.5
1001,3,3,16.0
1001,3,4,6.5
1001,3,5,3.75
1001,3,6,4.75
1001,3,7,6.2
1001,4,1,5.5
1001,4,2,7.75
1001,4,3,16.8
1001,4,4,9.0
1001,4,5,8.5
1001,4,6,6.5
1001,4,7,9.25
1002,1,1,0.25
1002,1,2,0.0
1002,1,3,0.25
1002,1,4,0.2
1002,1,5,0.2
1002,1,6,0.2
1002,1,7,0.25
1002,2,1,0.6666666666666666
1002,2,2,1.0
1002,2,3,2.0
1002,2,4,0.0
1002,2,5,1.0
1002,2,6,0.0
1002,2,7,1.0
1002,3,1,0.2
1002,3,2,0.0
1002,3,3,0.5
1002,3,4,0.0
1002,3,5,0.0
1002,3,6,0.0
1002,3,7,0.0
1002,4,1,0.0
1002,4,2,0.25
1002,4,3,0.8
1002,4,4,0.0
1002,4,5,0.25
1002,4,6,0.25
1002,4,7,1.0
1004,1,1,0.75
1004,1,2,1.0
1004,1,3,5.25
1004,1,4,2.6
1004,1,5,1.2
1004,1,6,1.4
1004,1,7,2.0
1004,2,1,2.0
1004,2,2,2.5
1004,2,3,9.0
1004,2,4,3.5
1004,2,5,1.6666666666666667
1004,2,6,0.0
1004,2,7,1.3333333333333333
1004,3,1,2.0
1004,3,2,1.0
1004,3,3,2.5
1004,3,4,1.25
1004,3,5,1.0
1004,3,6,1.5
1004,3,7,1.8
1004,4,1,2.5
1004,4,2,4.0
1004,4,3,4.4
1004,4,4,2.3333333333333335
1004,4,5,1.0
1004,4,6,1.5
1004,4,7,1.25
1005,1,1,0.5
1005,1,2,0.25
1005,1,3,1.75
1005,1,4,0.2
1005,1,5,0.6
1005,1,6,0.0
1005,1,7,0.75
1005,2,1,0.0
1005,2,2,0.0
1005,2,3,0.0
1005,2,4,0.0
1005,2,5,0.0
1005,2,6,0.0
1005,2,7,0.3333333333333333
1005,3,1,0.0
1005,3,2,0.0
1005,3,3,0.75
1005,3,4,0.0
1005,3,5,0.25
1005,3,6,0.0
1005,3,7,0.2
1005,4,1,0.25
1005,4,2,1.0
1005,4,3,0.2
1005,4,4,0.0
1005,4,5,0.25
1005,4,6,0.0
1005,4,7,0.0
1006,1,1,0.25
1006,1,2,0.25
1006,1,3,0.0
1006,1,4,0.2
1006,1,5,0.0
1006,1,6,0.2
1006,1,7,0.25
1006,2,1,0.0
1006,2,2,0.0
1006,2,3,0.0
1006,2,4,0.0
1006,2,5,0.0
1006,2,6,0.0
1006,2,7,0.6666666666666666
1006,3,1,0.0
1006,3,2,0.0
1006,3,3,0.25
1006,3,4,0.0
1006,3,5,0.0
1006,3,6,0.25
1006,3,7,0.0
1006,4,1,0.0
1006,4,2,0.0
1006,4,3,0.4
1006,4,4,0.0
1006,4,5,0.0
1006,4,6,0.0
1006,4,7,0.0
1007,1,1,0.0
1007,1,2,0.25
1007,1,3,0.75
1007,1,4,0.0
1007,1,5,0.0
1007,1,6,0.0
1007,1,7,0.0
1007,2,1,0.0
1007,2,2,0.0
1007,2,3,0.0
1007,2,4,0.0
1007,2,5,0.0
1007,2,6,0.0
1007,2,7,0.0
1007,3,1,0.0
1007,3,2,0.0
1007,3,3,0.0
1007,3,4,0.0
1007,3,5,0.0
1007,3,6,0.0
1007,3,7,0.0
1007,4,1,0.0
1007,4,2,0.0
1007,4,3,0.0
1007,4,4,0.0
1007,4,5,0.0
1007,4,6,0.0
1007,4,7,0.0
1099,1,1,0.5
1099,1,2,0.0
1099,1,3,0.25
1099,1,4,0.2
1099,1,5,0.2
1099,1,6,0.0
1099,1,7,0.0
1099,2,1,0.0
1099,2,2,0.0
1099,2,3,0.0
1099,2,4,0.0
1099,2,5,0.0
1099,2,6,0.5
1099,2,7,0.0
1099,3,1,0.2
1099,3,2,0.0
1099,3,3,0.0
1099,3,4,0.25
1099,3,5,0.0
1099,3,6,0.0
1099,3,7,0.0
1099,4,1,0.25
1099,4,2,0.0
1099,4,3,0.0
1099,4,4,0.0
1099,4,5,0.0
1099,4,6,0.0
1099,4,7,0.0
1101,1,1,0.25
1101,1,2,0.5
1101,1,3,1.25
1101,1,4,0.8
1101,1,5,0.4
1101,1,6,0.4
1101,1,7,0.75
1101,2,1,0.6666666666666666
1101,2,2,0.5
1101,2,3,3.0
1101,2,4,2.0
1101,2,5,0.0
1101,2,6,0.0
1101,2,7,0.6666666666666666
1101,3,1,1.0
1101,3,2,1.0
1101,3,3,1.0
1101,3,4,0.0
1101,3,5,0.0
1101,3,6,1.0
1101,3,7,0.4
1101,4,1,1.0
1101,4,2,0.75
1101,4,3,3.0
1101,4,4,0.3333333333333333
1101,4,5,0.5
1101,4,6,2.0
1101,4,7,0.75
1102,1,1,0.0
1102,1,2,0.0
1102,1,3,0.75
1102,1,4,0.2
1102,1,5,0.2
1102,1,6,0.0
1102,1,7,0.0
1102,2,1,0.0
1102,2,2,1.5
1102,2,3,3.0
1102,2,4,1.0
1102,2,5,0.6666666666666666
1102,2,6,0.0
1102,2,7,0.3333333333333333
1102,3,1,0.4
1102,3,2,1.0
1102,3,3,2.25
1102,3,4,1.0
1102,3,5,0.0
1102,3,6,1.25
1102,3,7,0.2
1102,4,1,0.5
1102,4,2,0.75
1102,4,3,2.6
1102,4,4,0.3333333333333333
1102,4,5,0.5
1102,4,6,0.75
1102,4,7,0.0
1103,1,1,0.0
1103,1,2,1.0
1103,1,3,0.25
1103,1,4,0.2
1103,1,5,0.2
1103,1,6,0.0
1103,1,7,0.0
1103,2,1,1.3333333333333333
1103,2,2,2.0
1103,2,3,0.0
1103,2,4,0.0
1103,2,5,0.0
1103,2,6,0.0
1103,2,7,0.6666666666666666
1103,3,1,0.0
1103,3,2,0.25
1103,3,3,0.25
1103,3,4,0.0
1103,3,5,0.0
1103,3,6,0.25
1103,3,7,0.0
1103,4,1,0.25
1103,4,2,0.25
1103,4,3,1.8
1103,4,4,0.0
1103,4,5,0.0
1103,4,6,0.0
1103,4,7,0.25
1104,1,1,0.0
1104,1,2,0.0
1104,1,3,0.0
1104,1,4,0.0
1104,1,5,0.0
1104,1,6,0.0
1104,1,7,0.0
1104,2,1,0.0
1104,2,2,0.0
1104,2,3,0.0
1104,2,4,0.0
1104,2,5,0.3333333333333333
1104,2,6,0.0
1104,2,7,0.0
1104,3,1,0.2
1104,3,2,0.0
1104,3,3,0.0
1104,3,4,0.0
1104,3,5,0.0
1104,3,6,0.0
1104,3,7,0.0
1104,4,1,0.0
1104,4,2,0.0
1104,4,3,0.0
1104,4,4,0.0
1104,4,5,0.5
1104,4,6,0.25
1104,4,7,0.0
1201,1,1,118.75
1201,1,2,102.75
1201,1,3,123.25
1201,1,4,84.0
1201,1,5,79.6
1201,1,6,74.2
1201,1,7,92.75
1201,2,1,116.33333333333333
1201,2,2,83.0
1201,2,3,81.0
1201,2,4,83.5
1201,2,5,72.0
1201,2,6,63.5
1201,2,7,78.66666666666667
1201,3,1,93.8
1201,3,2,76.5
1201,3,3,104.75
1201,3,4,77.5
1201,3,5,64.0
1201,3,6,79.0
1201,3,7,66.6
1201,4,1,94.5
1201,4,2,80.75
1201,4,3,125.2
1201,4,4,64.33333333333333
1201,4,5,88.5
1201,4,6,88.5
1201,4,7,86.75
1202,1,1,11.25
1202,1,2,13.5
1202,1,3,12.75
1202,1,4,8.8
1202,1,5,8.8
1202,1,6,6.6
1202,1,7,10.75
1202,2,1,12.333333333333334
1202,2,2,10.0
1202,2,3,13.0
1202,2,4,12.5
1202,2,5,5.0
1202,2,6,13.0
1202,2,7,8.0
1202,3,1,10.4
1202,3,2,4.5
1202,3,3,9.25
1202,3,4,5.5
1202,3,5,3.75
1202,3,6,7.0
1202,3,7,5.8
1202,4,1,6.25
1202,4,2,8.0
1202,4,3,10.0
1202,4,4,6.0
1202,4,5,4.75
1202,4,6,6.75
1202,4,7,7.0
1203,1,1,31.5
1203,1,2,28.25
1203,1,3,40.25
1203,1,4,25.0
1203,1,5,27.6
1203,1,6,25.2
1203,1,7,26.25
1203,2,1,31.333333333333332
1203,2,2,21.5
1203,2,3,20.0
1203,2,4,22.5
1203,2,5,22.333333333333332
1203,2,6,24.5
1203,2,7,27.666666666666668
1203,3,1,33.0
1203,3,2,24.5
1203,3,3,57.0
1203,3,4,22.0
1203,3,5,23.0
1203,3,6,25.5
1203,3,7,24.2
1203,4,1,24.0
1203,4,2,34.5
1203,4,3,49.0
1203,4,4,27.666666666666668
1203,4,5,25.75
1203,4,6,24.75
1203,4,7,27.5
1205,1,1,3.0
1205,1,2,1.75
1205,1,3,3.0
1205,1,4,2.0
1205,1,5,2.6
1205,1,6,2.0
1205,1,7,1.5
1205,2,1,0.3333333333333333
1205,2,2,1.0
1205,2,3,4.0
1205,2,4,2.0
1205,2,5,2.6666666666666665
1205,2,6,0.0
1205,2,7,2.0
1205,3,1,2.8
1205,3,2,0.75
1205,3,3,2.0
1205,3,4,1.0
1205,3,5,0.75
1205,3,6,0.25
1205,3,7,0.6
1205,4,1,0.5
1205,4,2,1.25
1205,4,3,2.0
1205,4,4,0.3333333333333333
1205,4,5,0.75
1205,4,6,0.75
1205,4,7,0.5
1301,1,1,2.0
1301,1,2,3.75
1301,1,3,3.25
1301,1,4,2.4
1301,1,5,3.0
1301,1,6,2.8
1301,1,7,3.75
1301,2,1,2.6666666666666665
1301,2,2,4.5
1301,2,3,3.0
1301,2,4,2.0
1301,2,5,1.6666666666666667
1301,2,6,2.5
1301,2,7,1.3333333333333333
1301,3,1,3.0
1301,3,2,2.25
1301,3,3,1.5
1301,3,4,3.0
1301,3,5,1.5
1301,3,6,1.5
1301,3,7,0.6
1301,4,1,1.75
1301,4,2,3.25
1301,4,3,1.6
1301,4,4,3.0
1301,4,5,3.5
1301,4,6,4.25
1301,4,7,2.5
1302,1,1,0.5
1302,1,2,0.5
1302,1,3,2.5
1302,1,4,0.6
1302,1,5,0.8
1302,1,6,1.2
1302,1,7,1.5
1302,2,1,1.3333333333333333
1302,2,2,2.5
1302,2,3,2.0
1302,2,4,0.0
1302,2,5,0.3333333333333333
1302,2,6,0.0
1302,2,7,0.6666666666666666
1302,3,1,0.6
1302,3,2,1.0
1302,3,3,0.25
1302,3,4,0.5
1302,3,5,2.0
1302,3,6,0.0
1302,3,7,0.4
1302,4,1,0.75
1302,4,2,0.75
1302,4,3,0.4
1302,4,4,0.3333333333333333
1302,4,5,1.5
1302,4,6,1.25
1302,4,7,1.75
1306,1,1,0.5
1306,1,2,0.75
1306,1,3,1.0
1306,1,4,1.4
1306,1,5,0.8
1306,1,6,0.4
1306,1,7,0.25
1306,2,1,0.3333333333333333
1306,2,2,0.5
1306,2,3,0.0
1306,2,4,0.0
1306,2,5,0.3333333333333333
1306,2,6,0.5
1306,2,7,0.3333333333333333
1306,3,1,0.6
1306,3,2,0.5
1306,3,3,0.0
1306,3,4,0.25
1306,3,5,0.0
1306,3,6,0.25
1306,3,7,0.0
1306,4,1,0.75
1306,4,2,0.75
1306,4,3,2.6
1306,4,4,0.6666666666666666
1306,4,5,0.0
1306,4,6,0.25
1306,4,7,0.5
1308,1,1,4.25
1308,1,2,1.75
1308,1,3,4.0
1308,1,4,4.2
1308,1,5,2.6
1308,1,6,3.0
1308,1,7,3.0
1308,2,1,3.3333333333333335
1308,2,2,3.5
1308,2,3,2.0
1308,2,4,4.5
1308,2,5,4.0
1308,2,6,3.5
1308,2,7,5.333333333333333
1308,3,1,4.4
1308,3,2,7.0
1308,3,3,6.75
1308,3,4,4.25
1308,3,5,5.5
1308,3,6,5.0
1308,3,7,5.0
1308,4,1,4.0
1308,4,2,4.25
1308,4,3,4.2
1308,4,4,4.333333333333333
1308,4,5,4.75
1308,4,6,6.0
1308,4,7,2.5
1402,1,1,0.0
1402,1,2,0.0
1402,1,3,0.0
1402,1,4,0.0
1402,1,5,0.0
1402,1,6,0.0
1402,1,7,0.0
1402,2,1,0.0
1402,2,2,0.0
1402,2,3,0.0
1402,2,4,0.0
1402,2,5,0.0
1402,2,6,0.0
1402,2,7,0.0
1402,3,1,0.0
1402,3,2,0.0
1402,3,3,0.25
1402,3,4,0.25
1402,3,5,0.0
1402,3,6,0.0
1402,3,7,0.0
1402,4,1,0.0
1402,4,2,0.0
1402,4,3,0.0
1402,4,4,0.0
1402,4,5,0.0
1402,4,6,0.0
1402,4,7,0.0
1403,1,1,0.0
1403,1,2,0.25
1403,1,3,0.25
1403,1,4,0.6
1403,1,5,0.8
1403,1,6,0.0
1403,1,7,0.0
1403,2,1,0.0
1403,2,2,2.5
1403,2,3,0.0
1403,2,4,0.0
1403,2,5,0.3333333333333333
1403,2,6,0.5
1403,2,7,0.0
1403,3,1,0.0
1403,3,2,0.0
1403,3,3,0.0
1403,3,4,0.0
1403,3,5,0.0
1403,3,6,0.0
1403,3,7,0.0
1403,4,1,0.0
1403,4,2,0.0
1403,4,3,0.0
1403,4,4,0.0
1403,4,5,0.0
1403,4,6,0.0
1403,4,7,0.0
1501,1,1,3.0
1501,1,2,1.75
1501,1,3,4.5
1501,1,4,4.0
1501,1,5,3.0
1501,1,6,1.0
1501,1,7,1.75
1501,2,1,4.333333333333333
1501,2,2,4.5
1501,2,3,2.0
1501,2,4,4.5
1501,2,5,3.6666666666666665
1501,2,6,2.5
1501,2,7,3.6666666666666665
1501,3,1,2.0
1501,3,2,2.5
1501,3,3,2.75
1501,3,4,3.5
1501,3,5,2.75
1501,3,6,2.0
1501,3,7,2.6
1501,4,1,3.0
1501,4,2,3.25
1501,4,3,4.2
1501,4,4,2.3333333333333335
1501,4,5,2.0
1501,4,6,2.5
1501,4,7,3.25
1502,1,1,0.0
1502,1,2,0.0
1502,1,3,0.25
1502,1,4,0.2
1502,1,5,0.2
1502,1,6,0.0
1502,1,7,0.0
1502,2,1,0.0
1502,2,2,0.0
1502,2,3,0.0
1502,2,4,0.0
1502,2,5,0.0
1502,2,6,0.5
1502,2,7,0.0
1502,3,1,0.0
1502,3,2,0.0
1502,3,3,0.25
1502,3,4,0.0
1502,3,5,0.0
1502,3,6,0.0
1502,3,7,0.0
1502,4,1,0.25
1502,4,2,0.25
1502,4,3,0.0
1502,4,4,0.0
1502,4,5,0.75
1502,4,6,0.75
1502,4,7,0.0
1503,1,1,1.75
1503,1,2,0.25
1503,1,3,0.75
1503,1,4,1.6
1503,1,5,0.4
1503,1,6,0.0
1503,1,7,0.25
1503,2,1,1.0
1503,2,2,1.0
1503,2,3,1.0
1503,2,4,0.0
1503,2,5,0.6666666666666666
1503,2,6,1.0
1503,2,7,1.0
1503,3,1,0.0
1503,3,2,0.25
1503,3,3,1.0
1503,3,4,0.0
1503,3,5,0.25
1503,3,6,0.0
1503,3,7,0.0
1503,4,1,0.25
1503,4,2,1.25
1503,4,3,0.8
1503,4,4,0.3333333333333333
1503,4,5,0.5
1503,4,6,0.25
1503,4,7,0.5
1504,1,1,0.0
1504,1,2,0.0
1504,1,3,0.25
1504,1,4,0.2
1504,1,5,0.0
1504,1,6,0.2
1504,1,7,0.0
1504,2,1,0.3333333333333333
1504,2,2,0.0
1504,2,3,0.0
1504,2,4,1.0
1504,2,5,0.3333333333333333
1504,2,6,0.0
1504,2,7,1.0
1504,3,1,0.0
1504,3,2,0.0
1504,3,3,0.5
1504,3,4,0.0
1504,3,5,0.25
1504,3,6,0.25
1504,3,7,0.2
1504,4,1,0.25
1504,4,2,0.5
1504,4,3,0.6
1504,4,4,0.0
1504,4,5,0.25
1504,4,6,0.0
1504,4,7,0.25
1505,1,1,10.5
1505,1,2,8.0
1505,1,3,13.0
1505,1,4,8.8
1505,1,5,8.6
1505,1,6,8.6
1505,1,7,8.5
1505,2,1,10.666666666666666
1505,2,2,11.0
1505,2,3,11.0
1505,2,4,9.5
1505,2,5,10.0
1505,2,6,10.0
1505,2,7,8.666666666666666
1505,3,1,7.8
1505,3,2,7.25
1505,3,3,8.75
1505,3,4,7.5
1505,3,5,7.0
1505,3,6,12.5
1505,3,7,8.2
1505,4,1,10.25
1505,4,2,15.5
1505,4,3,19.4
1505,4,4,13.0
1505,4,5,15.0
1505,4,6,12.75
1505,4,7,12.25
1508,1,1,1.5
1508,1,2,0.75
1508,1,3,0.5
1508,1,4,1.4
1508,1,5,1.0
1508,1,6,0.6
1508,1,7,1.5
1508,2,1,1.3333333333333333
1508,2,2,1.5
1508,2,3,0.0
1508,2,4,0.5
1508,2,5,1.3333333333333333
1508,2,6,1.5
1508,2,7,0.0
1508,3,1,1.0
1508,3,2,0.25
1508,3,3,0.75
1508,3,4,1.5
1508,3,5,1.0
1508,3,6,0.75
1508,3,7,0.4
1508,4,1,1.0
1508,4,2,1.25
1508,4,3,2.2
1508,4,4,0.3333333333333333
1508,4,5,1.25
1508,4,6,0.5
1508,4,7,0.5
1509,1,1,0.0
1509,1,2,0.0
1509,1,3,0.0
1509,1,4,0.0
1509,1,5,0.0
1509,1,6,0.0
1509,1,7,0.0
1509,2,1,0.0
1509,2,2,0.0
1509,2,3,0.0
1509,2,4,0.5
1509,2,5,0.0
1509,2,6,0.0
1509,2,7,0.0
1509,3,1,0.0
1509,3,2,0.0
1509,3,3,0.75
1509,3,4,0.25
1509,3,5,0.0
1509,3,6,0.0
1509,3,7,0.2
1509,4,1,0.25
1509,4,2,0.25
1509,4,3,0.0
1509,4,4,0.0
1509,4,5,0.0
1509,4,6,0.25
1509,4,7,0.0
1510,1,1,1.5
1510,1,2,1.0
1510,1,3,2.0
1510,1,4,0.4
1510,1,5,0.8
1510,1,6,0.6
1510,1,7,0.75
1510,2,1,1.3333333333333333
1510,2,2,1.0
1510,2,3,0.0
1510,2,4,0.5
1510,2,5,1.0
1510,2,6,1.5
1510,2,7,1.0
1510,3,1,1.0
1510,3,2,0.5
1510,3,3,1.25
1510,3,4,0.75
1510,3,5,0.0
1510,3,6,1.5
1510,3,7,1.2
1510,4,1,0.75
1510,4,2,1.75
1510,4,3,1.0
1510,4,4,1.6666666666666667
1510,4,5,0.25
1510,4,6,1.0
1510,4,7,1.0
1511,1,1,0.5
1511,1,2,0.0
1511,1,3,0.0
1511,1,4,0.0
1511,1,5,0.0
1511,1,6,0.4
1511,1,7,0.5
1511,2,1,0.0
1511,2,2,0.0
1511,2,3,0.0
1511,2,4,0.0
1511,2,5,0.0
1511,2,6,0.0
1511,2,7,0.0
1511,3,1,0.0
1511,3,2,0.25
1511,3,3,0.0
1511,3,4,0.25
1511,3,5,0.0
1511,3,6,0.25
1511,3,7,0.2
1511,4,1,0.0
1511,4,2,0.25
1511,4,3,0.0
1511,4,4,0.0
1511,4,5,0.0
1511,4,6,0.0
1511,4,7,0.25
1512,1,1,1.25
1512,1,2,1.5
1512,1,3,0.75
1512,1,4,0.4
1512,1,5,1.0
1512,1,6,0.8
1512,1,7,1.75
1512,2,1,1.0
1512,2,2,0.0
1512,2,3,0.0
1512,2,4,0.5
1512,2,5,1.0
1512,2,6,0.5
1512,2,7,1.3333333333333333
1512,3,1,0.2
1512,3,2,0.0
1512,3,3,2.0
1512,3,4,0.5
1512,3,5,0.5
1512,3,6,0.25
1512,3,7,0.6
1512,4,1,0.25
1512,4,2,0.5
1512,4,3,0.4
1512,4,4,0.3333333333333333
1512,4,5,0.5
1512,4,6,0.0
1512,4,7,0.75
1513,1,1,0.5
1513,1,2,0.0
1513,1,3,1.5
1513,1,4,0.0
1513,1,5,0.0
1513,1,6,0.6
1513,1,7,1.0
1513,2,1,0.6666666666666666
1513,2,2,1.0
1513,2,3,1.0
1513,2,4,0.0
1513,2,5,0.3333333333333333
1513,2,6,0.0
1513,2,7,0.0
1513,3,1,1.2
1513,3,2,0.5
1513,3,3,0.25
1513,3,4,0.25
1513,3,5,0.0
1513,3,6,0.75
1513,3,7,0.0
1513,4,1,0.75
1513,4,2,0.75
1513,4,3,1.8
1513,4,4,0.0
1513,4,5,1.0
1513,4,6,0.0
1513,4,7,0.0
1514,1,1,0.0
1514,1,2,0.0
1514,1,3,0.0
1514,1,4,0.0
1514,1,5,0.0
1514,1,6,0.0
1514,1,7,0.0
1514,2,1,0.0
1514,2,2,0.0
1514,2,3,0.0
1514,2,4,0.0
1514,2,5,0.0
1514,2,6,0.0
1514,2,7,0.0
1514,3,1,0.2
1514,3,2,0.0
1514,3,3,0.0
1514,3,4,0.0
1514,3,5,0.25
1514,3,6,0.0
1514,3,7,0.0
1514,4,1,0.0
1514,4,2,0.0
1514,4,3,0.0
1514,4,4,0.0
1514,4,5,0.0
1514,4,6,0.0
1514,4,7,0.0
1515,1,1,0.75
1515,1,2,1.5
1515,1,3,1.5
1515,1,4,1.2
1515,1,5,1.0
1515,1,6,0.2
1515,1,7,1.25
1515,2,1,1.0
1515,2,2,1.5
1515,2,3,2.0
1515,2,4,0.0
1515,2,5,0.3333333333333333
1515,2,6,2.0
1515,2,7,0.6666666666666666
1515,3,1,0.4
1515,3,2,1.0
1515,3,3,0.5
1515,3,4,0.5
1515,3,5,0.75
1515,3,6,0.75
1515,3,7,0.0
1515,4,1,1.5
1515,4,2,0.5
1515,4,3,1.0
1515,4,4,0.6666666666666666
1515,4,5,0.5
1515,4,6,1.0
1515,4,7,0.25
1516,1,1,0.0
1516,1,2,0.0
1516,1,3,0.0
1516,1,4,0.0
1516,1,5,0.0
1516,1,6,0.0
1516,1,7,0.0
1516,2,1,0.0
1516,2,2,0.0
1516,2,3,0.0
1516,2,4,0.0
1516,2,5,0.0
1516,2,6,0.0
1516,2,7,0.0
1516,3,1,0.0
1516,3,2,0.0
1516,3,3,0.0
1516,3,4,0.0
1516,3,5,0.0
1516,3,6,0.0
1516,3,7,0.0
1516,4,1,1.25
1516,4,2,0.25
1516,4,3,0.8
1516,4,4,1.3333333333333333
1516,4,5,0.0
1516,4,6,0.5
1516,4,7,0.25
1517,1,1,4.0
1517,1,2,2.25
1517,1,3,5.25
1517,1,4,2.8
1517,1,5,4.2
1517,1,6,3.8
1517,1,7,3.5
1517,2,1,7.333333333333333
1517,2,2,3.0
1517,2,3,2.0
1517,2,4,2.0
1517,2,5,1.0
1517,2,6,1.5
1517,2,7,2.6666666666666665
1517,3,1,2.2
1517,3,2,2.25
1517,3,3,4.75
1517,3,4,2.75
1517,3,5,1.5
1517,3,6,3.75
1517,3,7,3.2
1517,4,1,3.25
1517,4,2,3.75
1517,4,3,3.4
1517,4,4,3.0
1517,4,5,3.5
1517,4,6,2.0
1517,4,7,2.75
1518,1,1,9.75
1518,1,2,9.25
1518,1,3,14.75
1518,1,4,7.0
1518,1,5,7.0
1518,1,6,8.2
1518,1,7,7.75
1518,2,1,13.0
1518,2,2,10.0
1518,2,3,20.0
1518,2,4,7.5
1518,2,5,9.0
1518,2,6,4.5
1518,2,7,7.333333333333333
1518,3,1,7.8
1518,3,2,6.5
1518,3,3,11.5
1518,3,4,6.25
1518,3,5,5.5
1518,3,6,8.0
1518,3,7,8.4
1518,4,1,10.5
1518,4,2,11.5
1518,4,3,14.6
1518,4,4,7.333333333333333
1518,4,5,8.75
1518,4,6,13.0
1518,4,7,9.25
1519,1,1,1.5
1519,1,2,0.75
1519,1,3,1.25
1519,1,4,1.6
1519,1,5,0.2
1519,1,6,1.2
1519,1,7,0.5
1519,2,1,6.666666666666667
1519,2,2,0.5
1519,2,3,8.0
1519,2,4,4.0
1519,2,5,1.6666666666666667
1519,2,6,1.5
1519,2,7,3.6666666666666665
1519,3,1,0.6
1519,3,2,0.5
1519,3,3,2.25
1519,3,4,1.0
1519,3,5,2.0
1519,3,6,0.5
1519,3,7,0.6
1519,4,1,1.5
1519,4,2,1.0
1519,4,3,1.2
1519,4,4,1.0
1519,4,5,0.5
1519,4,6,0.75
1519,4,7,2.5
1521,1,1,10.75
1521,1,2,9.5
1521,1,3,15.0
1521,1,4,9.4
1521,1,5,7.4
1521,1,6,9.0
1521,1,7,7.5
1521,2,1,14.666666666666666
1521,2,2,13.5
1521,2,3,14.0
1521,2,4,7.0
1521,2,5,10.0
1521,2,6,10.5
1521,2,7,13.666666666666666
1521,3,1,10.8
1521,3,2,7.75
1521,3,3,12.5
1521,3,4,6.0
1521,3,5,4.75
1521,3,6,6.25
1521,3,7,6.4
1521,4,1,8.0
1521,4,2,8.5
1521,4,3,11.8
1521,4,4,5.666666666666667
1521,4,5,6.75
1521,4,6,7.0
1521,4,7,9.75
2001,1,1,0.25
2001,1,2,5.25
2001,1,3,2.25
2001,1,4,3.0
2001,1,5,2.4
2001,1,6,4.8
2001,1,7,3.5
2001,2,1,3.6666666666666665
2001,2,2,0.0
2001,2,3,2.0
2001,2,4,1.0
2001,2,5,6.333333333333333
2001,2,6,4.5
2001,2,7,1.0
2001,3,1,2.0
2001,3,2,1.25
2001,3,3,5.5
2001,3,4,1.25
2001,3,5,3.0
2001,3,6,3.0
2001,3,7,2.8
2001,4,1,2.5
2001,4,2,1.75
2001,4,3,1.4
2001,4,4,1.6666666666666667
2001,4,5,2.0
2001,4,6,1.75
2001,4,7,1.0
2002,1,1,2.5
2002,1,2,2.0
2002,1,3,4.5
2002,1,4,2.4
2002,1,5,3.2
2002,1,6,1.6
2002,1,7,2.5
2002,2,1,2.6666666666666665
2002,2,2,2.0
2002,2,3,0.0
2002,2,4,2.0
2002,2,5,1.0
2002,2,6,0.5
2002,2,7,2.3333333333333335
2002,3,1,1.4
2002,3,2,2.0
2002,3,3,3.0
2002,3,4,3.25
2002,3,5,2.25
2002,3,6,1.0
2002,3,7,1.4
2002,4,1,1.75
2002,4,2,2.25
2002,4,3,1.2
2002,4,4,0.6666666666666666
2002,4,5,2.0
2002,4,6,1.5
2002,4,7,2.25
2003,1,1,1.5
2003,1,2,2.5
2003,1,3,0.75
2003,1,4,0.6
2003,1,5,1.6
2003,1,6,2.8
2003,1,7,2.25
2003,2,1,2.6666666666666665
2003,2,2,0.5
2003,2,3,0.0
2003,2,4,1.0
2003,2,5,0.0
2003,2,6,3.0
2003,2,7,2.0
2003,3,1,0.6
2003,3,2,0.5
2003,3,3,1.5
2003,3,4,0.75
2003,3,5,0.0
2003,3,6,0.75
2003,3,7,2.8
2003,4,1,0.0
2003,4,2,1.0
2003,4,3,2.2
2003,4,4,1.0
2003,4,5,0.25
2003,4,6,0.5
2003,4,7,0.75
2004,1,1,0.0
2004,1,2,0.0
2004,1,3,0.0
2004,1,4,0.0
2004,1,5,0.0
2004,1,6,0.0
2004,1,7,0.0
2004,2,1,0.0
2004,2,2,0.0
2004,2,3,0.0
2004,2,4,0.0
2004,2,5,0.0
2004,2,6,0.0
2004,2,7,0.0
2004,3,1,0.2
2004,3,2,0.0
2004,3,3,0.0
2004,3,4,0.0
2004,3,5,0.0
2004,3,6,0.0
2004,3,7,0.0
2004,4,1,0.0
2004,4,2,0.0
2004,4,3,0.0
2004,4,4,0.0
2004,4,5,0.0
2004,4,6,0.0
2004,4,7,0.5
2005,1,1,4.5
2005,1,2,3.0
2005,1,3,6.5
2005,1,4,2.6
2005,1,5,3.0
2005,1,6,3.4
2005,1,7,4.75
2005,2,1,5.666666666666667
2005,2,2,4.5
2005,2,3,4.0
2005,2,4,0.5
2005,2,5,3.6666666666666665
2005,2,6,2.5
2005,2,7,3.6666666666666665
2005,3,1,4.0
2005,3,2,4.75
2005,3,3,4.0
2005,3,4,2.75
2005,3,5,2.0
2005,3,6,3.25
2005,3,7,2.4
2005,4,1,3.25
2005,4,2,4.0
2005,4,3,5.0
2005,4,4,2.3333333333333335
2005,4,5,3.0
2005,4,6,2.75
2005,4,7,4.25
2006,1,1,10.75
2006,1,2,8.75
2006,1,3,12.25
2006,1,4,8.4
2006,1,5,6.2
2006,1,6,7.6
2006,1,7,5.0
2006,2,1,9.666666666666666
2006,2,2,7.5
2006,2,3,6.0
2006,2,4,4.0
2006,2,5,4.333333333333333
2006,2,6,4.0
2006,2,7,7.0
2006,3,1,4.8
2006,3,2,4.25
2006,3,3,6.5
2006,3,4,4.75
2006,3,5,4.0
2006,3,6,2.25
2006,3,7,1.6
2006,4,1,4.75
2006,4,2,4.25
2006,4,3,5.4
2006,4,4,2.3333333333333335
2006,4,5,5.0
2006,4,6,2.75
2006,4,7,3.5
2007,1,1,8.0
2007,1,2,5.0
2007,1,3,5.75
2007,1,4,4.8
2007,1,5,5.0
2007,1,6,3.4
2007,1,7,3.75
2007,2,1,6.0
2007,2,2,4.5
2007,2,3,7.0
2007,2,4,3.0
2007,2,5,2.6666666666666665
2007,2,6,5.0
2007,2,7,5.666666666666667
2007,3,1,2.4
2007,3,2,1.75
2007,3,3,3.25
2007,3,4,1.5
2007,3,5,2.5
2007,3,6,1.0
2007,3,7,1.8
2007,4,1,1.25
2007,4,2,2.75
2007,4,3,1.4
2007,4,4,1.6666666666666667
2007,4,5,1.25
2007,4,6,3.0
2007,4,7,1.25
2008,1,1,5.5
2008,1,2,5.5
2008,1,3,8.0
2008,1,4,7.0
2008,1,5,4.2
2008,1,6,4.2
2008,1,7,6.0
2008,2,1,9.666666666666666
2008,2,2,6.5
2008,2,3,14.0
2008,2,4,6.0
2008,2,5,6.0
2008,2,6,3.0
2008,2,7,6.333333333333333
2008,3,1,5.0
2008,3,2,3.25
2008,3,3,6.75
2008,3,4,1.75
2008,3,5,2.0
2008,3,6,3.25
2008,3,7,3.0
2008,4,1,3.5
2008,4,2,4.75
2008,4,3,4.8
2008,4,4,1.6666666666666667
2008,4,5,4.25
2008,4,6,3.5
2008,4,7,8.5
2009,1,1,3.5
2009,1,2,7.25
2009,1,3,5.75
2009,1,4,5.2
2009,1,5,3.0
2009,1,6,4.2
2009,1,7,5.0
2009,2,1,5.333333333333333
2009,2,2,5.5
2009,2,3,9.0
2009,2,4,11.5
2009,2,5,5.0
2009,2,6,3.0
2009,2,7,5.666666666666667
2009,3,1,4.4
2009,3,2,2.25
2009,3,3,4.75
2009,3,4,4.0
2009,3,5,2.25
2009,3,6,2.25
2009,3,7,2.8
2009,4,1,2.0
2009,4,2,5.25
2009,4,3,4.6
2009,4,4,3.6666666666666665
2009,4,5,3.25
2009,4,6,2.0
2009,4,7,4.0
2010,1,1,1.75
2010,1,2,2.0
2010,1,3,4.25
2010,1,4,1.0
2010,1,5,1.2
2010,1,6,1.2
2010,1,7,1.0
2010,2,1,4.0
2010,2,2,3.0
2010,2,3,5.0
2010,2,4,4.0
2010,2,5,2.0
2010,2,6,1.0
2010,2,7,2.3333333333333335
2010,3,1,1.2
2010,3,2,0.75
2010,3,3,1.0
2010,3,4,1.0
2010,3,5,0.75
2010,3,6,1.25
2010,3,7,0.6
2010,4,1,1.0
2010,4,2,1.0
2010,4,3,2.0
2010,4,4,1.6666666666666667
2010,4,5,1.25
2010,4,6,1.25
2010,4,7,0.75
2011,1,1,8.0
2011,1,2,9.75
2011,1,3,14.25
2011,1,4,7.6
2011,1,5,9.4
2011,1,6,9.8
2011,1,7,5.0
2011,2,1,18.666666666666668
2011,2,2,14.0
2011,2,3,16.0
2011,2,4,13.0
2011,2,5,8.666666666666666
2011,2,6,6.0
2011,2,7,5.333333333333333
2011,3,1,7.4
2011,3,2,4.5
2011,3,3,8.75
2011,3,4,10.75
2011,3,5,5.25
2011,3,6,7.0
2011,3,7,7.2
2011,4,1,4.75
2011,4,2,12.25
2011,4,3,19.4
2011,4,4,10.333333333333334
2011,4,5,6.0
2011,4,6,7.0
2011,4,7,7.5
2012,1,1,1.5
2012,1,2,0.25
2012,1,3,0.75
2012,1,4,0.6
2012,1,5,0.6
2012,1,6,1.0
2012,1,7,0.25
2012,2,1,1.0
2012,2,2,1.0
2012,2,3,2.0
2012,2,4,2.0
2012,2,5,0.6666666666666666
2012,2,6,0.5
2012,2,7,1.0
2012,3,1,1.2
2012,3,2,0.75
2012,3,3,0.5
2012,3,4,1.25
2012,3,5,0.5
2012,3,6,0.25
2012,3,7,1.0
2012,4,1,0.5
2012,4,2,0.25
2012,4,3,1.2
2012,4,4,0.3333333333333333
2012,4,5,0.25
2012,4,6,1.25
2012,4,7,0.75
2013,1,1,5.25
2013,1,2,5.25
2013,1,3,3.25
2013,1,4,5.0
2013,1,5,3.8
2013,1,6,4.6
2013,1,7,4.5
2013,2,1,5.0
2013,2,2,5.5
2013,2,3,4.0
2013,2,4,2.5
2013,2,5,3.6666666666666665
2013,2,6,5.5
2013,2,7,5.666666666666667
2013,3,1,2.2
2013,3,2,4.5
2013,3,3,4.75
2013,3,4,4.5
2013,3,5,3.25
2013,3,6,3.0
2013,3,7,3.2
2013,4,1,3.0
2013,4,2,4.25
2013,4,3,7.2
2013,4,4,1.3333333333333333
2013,4,5,3.75
2013,4,6,3.5
2013,4,7,4.5
2014,1,1,6.5
2014,1,2,8.25
2014,1,3,10.5
2014,1,4,7.2
2014,1,5,5.6
2014,1,6,5.4
2014,1,7,6.75
2014,2,1,8.0
2014,2,2,7.0
2014,2,3,7.0
2014,2,4,4.0
2014,2,5,10.0
2014,2,6,6.0
2014,2,7,7.333333333333333
2014,3,1,7.4
2014,3,2,3.5
2014,3,3,9.0
2014,3,4,9.5
2014,3,5,1.75
2014,3,6,2.5
2014,3,7,4.6
2014,4,1,6.25
2014,4,2,5.0
2014,4,3,8.0
2014,4,4,7.333333333333333
2014,4,5,7.25
2014,4,6,3.0
2014,4,7,6.75
2015,1,1,2.5
2015,1,2,2.25
2015,1,3,3.75
2015,1,4,0.8
2015,1,5,1.4
2015,1,6,2.6
2015,1,7,3.25
2015,2,1,3.6666666666666665
2015,2,2,3.0
2015,2,3,10.0
2015,2,4,2.0
2015,2,5,3.6666666666666665
2015,2,6,3.0
2015,2,7,1.3333333333333333
2015,3,1,1.2
2015,3,2,3.25
2015,3,3,4.25
2015,3,4,3.25
2015,3,5,2.0
2015,3,6,2.5
2015,3,7,1.2
2015,4,1,2.25
2015,4,2,0.0
2015,4,3,0.2
2015,4,4,1.6666666666666667
2015,4,5,1.75
2015,4,6,1.75
2015,4,7,3.0
2101,1,1,0.0
2101,1,2,0.5
2101,1,3,0.25
2101,1,4,1.2
2101,1,5,0.8
2101,1,6,0.8
2101,1,7,0.5
2101,2,1,0.0
2101,2,2,0.5
2101,2,3,0.0
2101,2,4,0.0
2101,2,5,0.3333333333333333
2101,2,6,0.0
2101,2,7,0.6666666666666666
2101,3,1,0.2
2101,3,2,0.25
2101,3,3,0.75
2101,3,4,0.5
2101,3,5,0.25
2101,3,6,1.75
2101,3,7,0.2
2101,4,1,0.5
2101,4,2,0.25
2101,4,3,0.6
2101,4,4,0.0
2101,4,5,0.25
2101,4,6,0.25
2101,4,7,1.25
2102,1,1,0.25
2102,1,2,0.75
2102,1,3,0.5
2102,1,4,0.2
2102,1,5,0.0
2102,1,6,0.0
2102,1,7,0.5
2102,2,1,0.0
2102,2,2,1.0
2102,2,3,0.0
2102,2,4,0.0
2102,2,5,1.3333333333333333
2102,2,6,0.0
2102,2,7,0.0
2102,3,1,0.0
2102,3,2,1.0
2102,3,3,0.0
2102,3,4,0.0
2102,3,5,0.0
2102,3,6,0.0
2102,3,7,0.2
2102,4,1,0.25
2102,4,2,0.25
2102,4,3,0.4
2102,4,4,0.0
2102,4,5,0.0
2102,4,6,0.0
2102,4,7,0.25
2103,1,1,1.25
2103,1,2,0.75
2103,1,3,0.75
2103,1,4,0.2
2103,1,5,1.0
2103,1,6,0.2
2103,1,7,0.5
2103,2,1,0.6666666666666666
2103,2,2,0.0
2103,2,3,0.0
2103,2,4,0.0
2103,2,5,0.3333333333333333
2103,2,6,0.5
2103,2,7,0.0
2103,3,1,0.6
2103,3,2,1.75
2103,3,3,0.5
2103,3,4,0.25
2103,3,5,0.25
2103,3,6,0.5
2103,3,7,0.0
2103,4,1,1.0
2103,4,2,0.0
2103,4,3,0.8
2103,4,4,0.6666666666666666
2103,4,5,0.5
2103,4,6,0.5
2103,4,7,0.5
2104,1,1,2.75
2104,1,2,1.5
2104,1,3,1.25
2104,1,4,0.2
2104,1,5,1.8
2104,1,6,1.2
2104,1,7,1.5
2104,2,1,2.3333333333333335
2104,2,2,3.0
2104,2,3,0.0
2104,2,4,0.5
2104,2,5,0.6666666666666666
2104,2,6,3.5
2104,2,7,1.0
2104,3,1,0.8
2104,3,2,0.0
2104,3,3,1.5
2104,3,4,1.25
2104,3,5,0.25
2104,3,6,1.0
2104,3,7,0.4
2104,4,1,1.0
2104,4,2,0.25
2104,4,3,1.2
2104,4,4,0.0
2104,4,5,0.5
2104,4,6,0.75
2104,4,7,0.75
2105,1,1,1.25
2105,1,2,1.75
2105,1,3,2.0
2105,1,4,2.0
2105,1,5,1.4
2105,1,6,3.2
2105,1,7,1.25
2105,2,1,8.333333333333334
2105,2,2,6.0
2105,2,3,15.0
2105,2,4,1.0
2105,2,5,4.0
2105,2,6,1.5
2105,2,7,5.0
2105,3,1,1.0
2105,3,2,1.25
2105,3,3,0.25
2105,3,4,0.75
2105,3,5,0.75
2105,3,6,2.25
2105,3,7,0.2
2105,4,1,1.0
2105,4,2,1.25
2105,4,3,1.6
2105,4,4,1.0
2105,4,5,2.25
2105,4,6,0.75
2105,4,7,1.0
2106,1,1,0.25
2106,1,2,0.75
2106,1,3,0.5
2106,1,4,0.6
2106,1,5,0.2
2106,1,6,0.8
2106,1,7,0.5
2106,2,1,1.6666666666666667
2106,2,2,1.5
2106,2,3,3.0
2106,2,4,0.0
2106,2,5,1.0
2106,2,6,0.0
2106,2,7,0.3333333333333333
2106,3,1,1.0
2106,3,2,0.0
2106,3,3,0.5
2106,3,4,1.0
2106,3,5,0.25
2106,3,6,0.5
2106,3,7,0.4
2106,4,1,1.0
2106,4,2,0.75
2106,4,3,0.8
2106,4,4,0.6666666666666666
2106,4,5,0.25
2106,4,6,0.5
2106,4,7,0.0
2107,1,1,0.0
2107,1,2,0.0
2107,1,3,0.0
2107,1,4,0.0
2107,1,5,0.6
2107,1,6,0.0
2107,1,7,0.0
2107,2,1,0.6666666666666666
2107,2,2,0.0
2107,2,3,0.0
2107,2,4,0.0
2107,2,5,2.0
2107,2,6,0.0
2107,2,7,0.0
2107,3,1,0.0
2107,3,2,0.25
2107,3,3,0.0
2107,3,4,0.0
2107,3,5,0.25
2107,3,6,0.0
2107,3,7,0.0
2107,4,1,0.0
2107,4,2,0.0
2107,4,3,0.0
2107,4,4,0.0
2107,4,5,0.0
2107,4,6,0.0
2107,4,7,0.0
2108,1,1,0.0
2108,1,2,0.0
2108,1,3,0.0
2108,1,4,0.0
2108,1,5,0.0
2108,1,6,0.0
2108,1,7,0.0
2108,2,1,0.0
2108,2,2,0.0
2108,2,3,0.0
2108,2,4,0.0
2108,2,5,0.0
2108,2,6,0.0
2108,2,7,0.0
2108,3,1,0.0
2108,3,2,0.0
2108,3,3,0.0
2108,3,4,0.0
2108,3,5,0.0
2108,3,6,0.0
2108,3,7,0.0
2108,4,1,0.25
2108,4,2,0.0
2108,4,3,0.2
2108,4,4,0.0
2108,4,5,0.0
2108,4,6,0.0
2108,4,7,0.0
2201,1,1,12.75
2201,1,2,15.25
2201,1,3,19.25
2201,1,4,15.2
2201,1,5,14.2
2201,1,6,16.6
2201,1,7,16.75
2201,2,1,19.666666666666668
2201,2,2,14.0
2201,2,3,22.0
2201,2,4,10.5
2201,2,5,11.333333333333334
2201,2,6,13.5
2201,2,7,12.333333333333334
2201,3,1,11.4
2201,3,2,10.25
2201,3,3,14.75
2201,3,4,13.5
2201,3,5,12.25
2201,3,6,15.0
2201,3,7,10.4
2201,4,1,9.5
2201,4,2,16.75
2201,4,3,15.4
2201,4,4,12.0
2201,4,5,10.25
2201,4,6,23.5
2201,4,7,12.25
2202,1,1,8.25
2202,1,2,11.25
2202,1,3,21.25
2202,1,4,13.8
2202,1,5,11.0
2202,1,6,10.6
2202,1,7,13.75
2202,2,1,21.333333333333332
2202,2,2,15.5
2202,2,3,24.0
2202,2,4,17.0
2202,2,5,15.333333333333334
2202,2,6,9.0
2202,2,7,21.0
2202,3,1,14.0
2202,3,2,8.5
2202,3,3,19.25
2202,3,4,9.25
2202,3,5,9.0
2202,3,6,12.75
2202,3,7,12.4
2202,4,1,9.75
2202,4,2,14.25
2202,4,3,20.2
2202,4,4,15.333333333333334
2202,4,5,13.5
2202,4,6,20.0
2202,4,7,15.0
2203,1,1,7.0
2203,1,2,11.0
2203,1,3,15.0
2203,1,4,7.2
2203,1,5,12.6
2203,1,6,17.8
2203,1,7,12.25
2203,2,1,24.666666666666668
2203,2,2,15.0
2203,2,3,26.0
2203,2,4,18.0
2203,2,5,18.666666666666668
2203,2,6,14.0
2203,2,7,16.666666666666668
2203,3,1,6.2
2203,3,2,3.75
2203,3,3,11.5
2203,3,4,7.75
2203,3,5,10.0
2203,3,6,9.75
2203,3,7,13.0
2203,4,1,5.75
2203,4,2,8.75
2203,4,3,15.6
2203,4,4,9.0
2203,4,5,9.5
2203,4,6,22.5
2203,4,7,10.25
2204,1,1,5.5
2204,1,2,4.5
2204,1,3,8.0
2204,1,4,3.4
2204,1,5,4.0
2204,1,6,3.4
2204,1,7,4.75
2204,2,1,11.333333333333334
2204,2,2,3.0
2204,2,3,1.0
2204,2,4,3.0
2204,2,5,6.666666666666667
2204,2,6,7.5
2204,2,7,5.666666666666667
2204,3,1,2.8
2204,3,2,5.25
2204,3,3,9.0
2204,3,4,1.5
2204,3,5,4.25
2204,3,6,5.5
2204,3,7,2.4
2204,4,1,5.0
2204,4,2,6.25
2204,4,3,9.2
2204,4,4,5.333333333333333
2204,4,5,6.0
2204,4,6,5.75
2204,4,7,6.5
2205,1,1,9.25
2205,1,2,9.5
2205,1,3,15.25
2205,1,4,8.2
2205,1,5,11.0
2205,1,6,8.6
2205,1,7,11.25
2205,2,1,15.0
2205,2,2,9.5
2205,2,3,10.0
2205,2,4,8.5
2205,2,5,9.0
2205,2,6,8.5
2205,2,7,13.333333333333334
2205,3,1,7.8
2205,3,2,4.5
2205,3,3,11.25
2205,3,4,5.25
2205,3,5,10.5
2205,3,6,6.25
2205,3,7,9.2
2205,4,1,5.25
2205,4,2,7.25
2205,4,3,10.0
2205,4,4,6.666666666666667
2205,4,5,9.5
2205,4,6,7.25
2205,4,7,6.75
2206,1,1,5.75
2206,1,2,5.25
2206,1,3,13.0
2206,1,4,7.0
2206,1,5,9.4
2206,1,6,5.8
2206,1,7,8.75
2206,2,1,11.0
2206,2,2,3.5
2206,2,3,3.0
2206,2,4,5.5
2206,2,5,4.666666666666667
2206,2,6,5.5
2206,2,7,5.666666666666667
2206,3,1,3.0
2206,3,2,5.25
2206,3,3,8.0
2206,3,4,3.75
2206,3,5,5.25
2206,3,6,4.25
2206,3,7,7.2
2206,4,1,2.5
2206,4,2,6.75
2206,4,3,11.6
2206,4,4,11.333333333333334
2206,4,5,8.25
2206,4,6,7.75
2206,4,7,5.5
2207,1,1,2.5
2207,1,2,3.0
2207,1,3,6.5
2207,1,4,4.0
2207,1,5,8.6
2207,1,6,5.0
2207,1,7,5.0
2207,2,1,11.0
2207,2,2,4.5
2207,2,3,23.0
2207,2,4,9.0
2207,2,5,9.0
2207,2,6,2.5
2207,2,7,10.666666666666666
2207,3,1,4.6
2207,3,2,1.75
2207,3,3,4.0
2207,3,4,5.5
2207,3,5,4.0
2207,3,6,5.5
2207,3,7,1.8
2207,4,1,3.25
2207,4,2,4.5
2207,4,3,4.2
2207,4,4,3.6666666666666665
2207,4,5,4.5
2207,4,6,3.25
2207,4,7,5.75
2208,1,1,2.0
2208,1,2,2.0
2208,1,3,3.0
2208,1,4,2.0
2208,1,5,2.6
2208,1,6,4.0
2208,1,7,3.0
2208,2,1,4.333333333333333
2208,2,2,3.0
2208,2,3,2.0
2208,2,4,1.0
2208,2,5,2.6666666666666665
2208,2,6,0.5
2208,2,7,0.3333333333333333
2208,3,1,2.0
2208,3,2,1.25
2208,3,3,2.75
2208,3,4,2.25
2208,3,5,1.25
2208,3,6,2.5
2208,3,7,1.2
2208,4,1,0.75
2208,4,2,2.75
2208,4,3,3.4
2208,4,4,2.3333333333333335
2208,4,5,2.25
2208,4,6,3.5
2208,4,7,2.0
2209,1,1,2.25
2209,1,2,2.25
2209,1,3,2.25
2209,1,4,2.8
2209,1,5,2.8
2209,1,6,4.0
2209,1,7,1.75
2209,2,1,6.333333333333333
2209,2,2,6.5
2209,2,3,4.0
2209,2,4,2.0
2209,2,5,1.0
2209,2,6,1.0
2209,2,7,5.0
2209,3,1,0.6
2209,3,2,0.75
2209,3,3,1.75
2209,3,4,1.0
2209,3,5,0.5
2209,3,6,2.0
2209,3,7,1.6
2209,4,1,0.25
2209,4,2,1.5
2209,4,3,2.0
2209,4,4,2.0
2209,4,5,3.0
2209,4,6,3.75
2209,4,7,2.25
2210,1,1,0.5
2210,1,2,1.75
2210,1,3,3.25
2210,1,4,0.6
2210,1,5,2.2
2210,1,6,2.8
2210,1,7,0.75
2210,2,1,5.0
2210,2,2,0.0
2210,2,3,3.0
2210,2,4,3.5
2210,2,5,2.0
2210,2,6,1.0
2210,2,7,3.0
2210,3,1,1.0
2210,3,2,1.75
2210,3,3,0.75
2210,3,4,3.25
2210,3,5,1.0
2210,3,6,4.0
2210,3,7,1.8
2210,4,1,0.75
2210,4,2,2.0
2210,4,3,5.8
2210,4,4,5.0
2210,4,5,5.25
2210,4,6,2.0
2210,4,7,2.0
2211,1,1,0.25
2211,1,2,0.25
2211,1,3,1.0
2211,1,4,1.0
2211,1,5,1.0
2211,1,6,2.2
2211,1,7,0.75
2211,2,1,0.0
2211,2,2,0.5
2211,2,3,1.0
2211,2,4,0.0
2211,2,5,0.3333333333333333
2211,2,6,1.0
2211,2,7,1.3333333333333333
2211,3,1,0.4
2211,3,2,0.75
2211,3,3,0.25
2211,3,4,0.25
2211,3,5,0.25
2211,3,6,1.5
2211,3,7,0.6
2211,4,1,0.0
2211,4,2,0.25
2211,4,3,0.4
2211,4,4,0.3333333333333333
2211,4,5,0.5
2211,4,6,0.5
2211,4,7,0.25
2212,1,1,1.75
2212,1,2,1.75
2212,1,3,2.25
2212,1,4,1.4
2212,1,5,1.0
2212,1,6,0.8
2212,1,7,1.75
2212,2,1,8.0
2212,2,2,1.0
2212,2,3,2.0
2212,2,4,0.5
2212,2,5,3.0
2212,2,6,0.5
2212,2,7,2.0
2212,3,1,1.0
2212,3,2,0.75
2212,3,3,1.75
2212,3,4,1.5
2212,3,5,2.25
2212,3,6,1.0
2212,3,7,1.6
2212,4,1,0.25
2212,4,2,2.25
2212,4,3,1.2
2212,4,4,0.6666666666666666
2212,4,5,1.0
2212,4,6,1.25
2212,4,7,2.5
2301,1,1,1.25
2301,1,2,1.0
2301,1,3,2.0
2301,1,4,0.8
2301,1,5,2.0
2301,1,6,1.4
2301,1,7,1.25
2301,2,1,1.0
2301,2,2,1.0
2301,2,3,1.0
2301,2,4,1.0
2301,2,5,1.6666666666666667
2301,2,6,1.0
2301,2,7,1.6666666666666667
2301,3,1,1.2
2301,3,2,2.0
2301,3,3,1.75
2301,3,4,2.25
2301,3,5,0.5
2301,3,6,2.75
2301,3,7,2.0
2301,4,1,1.25
2301,4,2,1.5
2301,4,3,1.6
2301,4,4,1.3333333333333333
2301,4,5,1.25
2301,4,6,0.75
2301,4,7,2.75
2302,1,1,0.5
2302,1,2,0.0
2302,1,3,0.5
2302,1,4,0.4
2302,1,5,0.8
2302,1,6,1.0
2302,1,7,0.5
2302,2,1,0.6666666666666666
2302,2,2,0.0
2302,2,3,0.0
2302,2,4,0.5
2302,2,5,0.0
2302,2,6,0.0
2302,2,7,1.3333333333333333
2302,3,1,0.6
2302,3,2,0.5
2302,3,3,0.25
2302,3,4,0.5
2302,3,5,1.5
2302,3,6,0.0
2302,3,7,1.0
2302,4,1,0.75
2302,4,2,1.75
2302,4,3,0.6
2302,4,4,2.0
2302,4,5,1.75
2302,4,6,2.75
2302,4,7,0.75
2303,1,1,2.0
2303,1,2,2.25
2303,1,3,3.0
2303,1,4,2.6
2303,1,5,3.4
2303,1,6,2.4
2303,1,7,3.0
2303,2,1,1.6666666666666667
2303,2,2,3.0
2303,2,3,5.0
2303,2,4,3.5
2303,2,5,2.3333333333333335
2303,2,6,3.0
2303,2,7,3.6666666666666665
2303,3,1,3.0
2303,3,2,0.5
2303,3,3,2.25
2303,3,4,2.0
2303,3,5,3.5
2303,3,6,3.0
2303,3,7,2.4
2303,4,1,0.75
2303,4,2,2.0
2303,4,3,3.4
2303,4,4,2.6666666666666665
2303,4,5,1.5
2303,4,6,4.5
2303,4,7,2.75
2304,1,1,0.25
2304,1,2,1.25
2304,1,3,0.5
2304,1,4,0.4
2304,1,5,1.2
2304,1,6,1.2
2304,1,7,0.25
2304,2,1,0.6666666666666666
2304,2,2,0.5
2304,2,3,0.0
2304,2,4,0.0
2304,2,5,0.3333333333333333
2304,2,6,0.0
2304,2,7,0.3333333333333333
2304,3,1,0.2
2304,3,2,0.0
2304,3,3,0.25
2304,3,4,0.25
2304,3,5,0.25
2304,3,6,0.25
2304,3,7,0.6
2304,4,1,0.25
2304,4,2,0.0
2304,4,3,0.4
2304,4,4,0.6666666666666666
2304,4,5,0.0
2304,4,6,0.5
2304,4,7,0.75
2305,1,1,0.25
2305,1,2,0.0
2305,1,3,0.75
2305,1,4,0.2
2305,1,5,0.2
2305,1,6,0.8
2305,1,7,1.25
2305,2,1,0.6666666666666666
2305,2,2,0.0
2305,2,3,0.0
2305,2,4,0.0
2305,2,5,0.6666666666666666
2305,2,6,3.5
2305,2,7,0.0
2305,3,1,0.4
2305,3,2,1.25
2305,3,3,1.25
2305,3,4,0.25
2305,3,5,0.75
2305,3,6,3.5
2305,3,7,1.4
2305,4,1,0.0
2305,4,2,1.0
2305,4,3,0.8
2305,4,4,2.6666666666666665
2305,4,5,1.5
2305,4,6,3.0
2305,4,7,3.0
2306,1,1,0.25
2306,1,2,0.5
2306,1,3,0.25
2306,1,4,1.8
2306,1,5,1.4
2306,1,6,0.4
2306,1,7,0.75
2306,2,1,1.6666666666666667
2306,2,2,1.5
2306,2,3,0.0
2306,2,4,0.0
2306,2,5,0.3333333333333333
2306,2,6,1.0
2306,2,7,0.6666666666666666
2306,3,1,1.0
2306,3,2,0.25
2306,3,3,0.75
2306,3,4,0.25
2306,3,5,1.0
2306,3,6,2.75
2306,3,7,1.6
2306,4,1,0.25
2306,4,2,1.75
2306,4,3,0.6
2306,4,4,6.0
2306,4,5,1.75
2306,4,6,2.75
2306,4,7,1.25
2307,1,1,1.0
2307,1,2,2.0
2307,1,3,2.75
2307,1,4,2.6
2307,1,5,3.0
2307,1,6,3.2
2307,1,7,2.5
2307,2,1,1.6666666666666667
2307,2,2,1.5
2307,2,3,2.0
2307,2,4,0.0
2307,2,5,1.0
2307,2,6,2.0
2307,2,7,1.3333333333333333
2307,3,1,2.6
2307,3,2,0.75
2307,3,3,2.0
2307,3,4,2.5
2307,3,5,3.5
2307,3,6,2.25
2307,3,7,2.0
2307,4,1,0.75
2307,4,2,1.25
2307,4,3,1.8
2307,4,4,3.6666666666666665
2307,4,5,1.25
2307,4,6,3.25
2307,4,7,1.75
2308,1,1,0.0
2308,1,2,0.0
2308,1,3,0.0
2308,1,4,0.0
2308,1,5,0.0
2308,1,6,0.0
2308,1,7,0.0
2308,2,1,0.0
2308,2,2,0.5
2308,2,3,0.0
2308,2,4,0.0
2308,2,5,0.0
2308,2,6,0.0
2308,2,7,0.0
2308,3,1,0.0
2308,3,2,0.0
2308,3,3,0.0
2308,3,4,0.25
2308,3,5,0.0
2308,3,6,0.0
2308,3,7,0.0
2308,4,1,0.0
2308,4,2,0.0
2308,4,3,0.0
2308,4,4,0.0
2308,4,5,0.0
2308,4,6,0.0
2308,4,7,0.0
2309,1,1,0.5
2309,1,2,0.75
2309,1,3,1.0
2309,1,4,0.2
2309,1,5,0.8
2309,1,6,1.4
2309,1,7,0.75
2309,2,1,1.0
2309,2,2,0.5
2309,2,3,0.0
2309,2,4,1.5
2309,2,5,0.3333333333333333
2309,2,6,0.5
2309,2,7,1.6666666666666667
2309,3,1,1.0
2309,3,2,0.5
2309,3,3,0.0
2309,3,4,0.5
2309,3,5,1.25
2309,3,6,1.75
2309,3,7,1.2
2309,4,1,2.75
2309,4,2,0.75
2309,4,3,2.2
2309,4,4,1.3333333333333333
2309,4,5,0.75
2309,4,6,1.0
2309,4,7,2.5
2310,1,1,0.0
2310,1,2,0.25
2310,1,3,0.0
2310,1,4,0.8
2310,1,5,0.4
2310,1,6,0.2
2310,1,7,1.0
2310,2,1,1.6666666666666667
2310,2,2,0.5
2310,2,3,0.0
2310,2,4,0.5
2310,2,5,0.0
2310,2,6,1.0
2310,2,7,0.3333333333333333
2310,3,1,1.2
2310,3,2,0.5
2310,3,3,0.25
2310,3,4,1.25
2310,3,5,0.0
2310,3,6,1.5
2310,3,7,0.0
2310,4,1,0.0
2310,4,2,0.5
2310,4,3,0.0
2310,4,4,0.0
2310,4,5,0.75
2310,4,6,0.0
2310,4,7,0.5
2311,1,1,1.5
2311,1,2,1.0
2311,1,3,1.25
2311,1,4,1.2
2311,1,5,1.2
2311,1,6,0.6
2311,1,7,1.25
2311,2,1,1.6666666666666667
2311,2,2,3.5
2311,2,3,4.0
2311,2,4,3.5
2311,2,5,1.3333333333333333
2311,2,6,2.0
2311,2,7,3.0
2311,3,1,1.2
2311,3,2,0.75
2311,3,3,0.25
2311,3,4,0.75
2311,3,5,1.25
2311,3,6,1.0
2311,3,7,0.2
2311,4,1,0.5
2311,4,2,2.75
2311,4,3,0.6
2311,4,4,1.3333333333333333
2311,4,5,1.75
2311,4,6,1.75
2311,4,7,0.75
2312,1,1,0.5
2312,1,2,0.25
2312,1,3,0.25
2312,1,4,0.2
2312,1,5,0.2
2312,1,6,0.0
2312,1,7,0.0
2312,2,1,0.6666666666666666
2312,2,2,0.0
2312,2,3,0.0
2312,2,4,0.0
2312,2,5,0.3333333333333333
2312,2,6,0.0
2312,2,7,0.0
2312,3,1,0.4
2312,3,2,0.0
2312,3,3,0.0
2312,3,4,0.0
2312,3,5,0.75
2312,3,6,0.0
2312,3,7,0.6
2312,4,1,0.0
2312,4,2,0.25
2312,4,3,0.4
2312,4,4,0.0
2312,4,5,0.25
2312,4,6,0.0
2312,4,7,0.0
2313,1,1,0.0
2313,1,2,0.25
2313,1,3,0.0
2313,1,4,0.0
2313,1,5,0.2
2313,1,6,0.2
2313,1,7,0.25
2313,2,1,0.3333333333333333
2313,2,2,0.0
2313,2,3,0.0
2313,2,4,0.0
2313,2,5,0.0
2313,2,6,0.0
2313,2,7,0.0
2313,3,1,0.6
2313,3,2,0.0
2313,3,3,0.0
2313,3,4,0.75
2313,3,5,0.0
2313,3,6,0.25
2313,3,7,0.0
2313,4,1,0.25
2313,4,2,0.25
2313,4,3,0.0
2313,4,4,0.3333333333333333
2313,4,5,0.5
2313,4,6,0.25
2313,4,7,0.25
2314,1,1,0.25
2314,1,2,1.25
2314,1,3,0.5
2314,1,4,0.2
2314,1,5,1.0
2314,1,6,0.6
2314,1,7,0.0
2314,2,1,2.6666666666666665
2314,2,2,0.0
2314,2,3,4.0
2314,2,4,2.5
2314,2,5,0.6666666666666666
2314,2,6,0.0
2314,2,7,1.3333333333333333
2314,3,1,0.0
2314,3,2,0.5
2314,3,3,0.75
2314,3,4,1.25
2314,3,5,0.25
2314,3,6,1.0
2314,3,7,1.8
2314,4,1,0.25
2314,4,2,1.5
2314,4,3,0.4
2314,4,4,0.6666666666666666
2314,4,5,0.5
2314,4,6,0.75
2314,4,7,0.5
2315,1,1,0.0
2315,1,2,0.0
2315,1,3,0.0
2315,1,4,0.0
2315,1,5,0.0
2315,1,6,0.0
2315,1,7,0.0
2315,2,1,0.0
2315,2,2,0.0
2315,2,3,0.0
2315,2,4,0.0
2315,2,5,0.0
2315,2,6,0.0
2315,2,7,0.0
2315,3,1,0.0
2315,3,2,0.0
2315,3,3,0.0
2315,3,4,0.0
2315,3,5,0.0
2315,3,6,0.0
2315,3,7,0.0
2315,4,1,0.0
2315,4,2,0.0
2315,4,3,0.0
2315,4,4,0.0
2315,4,5,0.0
2315,4,6,0.0
2315,4,7,0.0
2316,1,1,0.5
2316,1,2,1.5
2316,1,3,0.25
2316,1,4,0.4
2316,1,5,0.8
2316,1,6,0.4
2316,1,7,0.25
2316,2,1,2.3333333333333335
2316,2,2,2.5
2316,2,3,0.0
2316,2,4,2.0
2316,2,5,1.3333333333333333
2316,2,6,1.0
2316,2,7,0.3333333333333333
2316,3,1,1.0
2316,3,2,2.0
2316,3,3,0.75
2316,3,4,1.0
2316,3,5,1.5
2316,3,6,1.5
2316,3,7,1.6
2316,4,1,1.25
2316,4,2,0.5
2316,4,3,1.4
2316,4,4,0.6666666666666666
2316,4,5,1.5
2316,4,6,2.0
2316,4,7,1.5
2317,1,1,1.0
2317,1,2,0.25
2317,1,3,0.0
2317,1,4,0.4
2317,1,5,0.8
2317,1,6,0.2
2317,1,7,0.5
2317,2,1,2.0
2317,2,2,0.0
2317,2,3,0.0
2317,2,4,0.0
2317,2,5,0.6666666666666666
2317,2,6,0.0
2317,2,7,0.3333333333333333
2317,3,1,0.2
2317,3,2,0.0
2317,3,3,0.75
2317,3,4,0.0
2317,3,5,0.25
2317,3,6,0.75
2317,3,7,0.2
2317,4,1,0.0
2317,4,2,0.5
2317,4,3,0.2
2317,4,4,0.6666666666666666
2317,4,5,0.0
2317,4,6,0.0
2317,4,7,0.5
3001,1,1,0.75
3001,1,2,0.0
3001,1,3,0.0
3001,1,4,0.0
3001,1,5,0.0
3001,1,6,0.0
3001,1,7,0.25
3001,2,1,0.3333333333333333
3001,2,2,0.0
3001,2,3,0.0
3001,2,4,0.0
3001,2,5,0.0
3001,2,6,0.0
3001,2,7,0.0
3001,3,1,0.0
3001,3,2,0.0
3001,3,3,0.0
3001,3,4,0.0
3001,3,5,0.0
3001,3,6,0.0
3001,3,7,0.0
3001,4,1,0.25
3001,4,2,0.25
3001,4,3,0.2
3001,4,4,0.0
3001,4,5,0.0
3001,4,6,0.0
3001,4,7,0.25
3002,1,1,1.5
3002,1,2,1.75
3002,1,3,3.25
3002,1,4,1.8
3002,1,5,1.2
3002,1,6,2.2
3002,1,7,1.0
3002,2,1,3.0
3002,2,2,2.0
3002,2,3,3.0
3002,2,4,1.0
3002,2,5,1.6666666666666667
3002,2,6,1.0
3002,2,7,1.3333333333333333
3002,3,1,1.0
3002,3,2,0.75
3002,3,3,1.0
3002,3,4,1.0
3002,3,5,1.25
3002,3,6,0.5
3002,3,7,0.6
3002,4,1,1.0
3002,4,2,1.0
3002,4,3,2.0
3002,4,4,1.6666666666666667
3002,4,5,1.0
3002,4,6,0.75
3002,4,7,1.75
3003,1,1,0.0
3003,1,2,0.25
3003,1,3,0.25
3003,1,4,0.2
3003,1,5,0.0
3003,1,6,0.2
3003,1,7,0.0
3003,2,1,0.6666666666666666
3003,2,2,0.0
3003,2,3,0.0
3003,2,4,0.0
3003,2,5,0.0
3003,2,6,0.0
3003,2,7,0.0
3003,3,1,0.0
3003,3,2,0.0
3003,3,3,0.25
3003,3,4,0.0
3003,3,5,0.0
3003,3,6,0.25
3003,3,7,0.2
3003,4,1,0.75
3003,4,2,0.0
3003,4,3,0.4
3003,4,4,0.0
3003,4,5,0.0
3003,4,6,0.25
3003,4,7,0.0
3004,1,1,0.0
3004,1,2,0.0
3004,1,3,0.0
3004,1,4,0.0
3004,1,5,0.2
3004,1,6,0.2
3004,1,7,0.0
3004,2,1,1.3333333333333333
3004,2,2,0.0
3004,2,3,0.0
3004,2,4,0.0
3004,2,5,0.0
3004,2,6,0.0
3004,2,7,0.0
3004,3,1,0.0
3004,3,2,0.0
3004,3,3,0.25
3004,3,4,0.0
3004,3,5,0.25
3004,3,6,1.5
3004,3,7,0.6
3004,4,1,0.0
3004,4,2,0.0
3004,4,3,0.4
3004,4,4,0.0
3004,4,5,0.5
3004,4,6,0.25
3004,4,7,0.25
3005,1,1,0.0
3005,1,2,0.0
3005,1,3,0.0
3005,1,4,0.0
3005,1,5,0.0
3005,1,6,0.0
3005,1,7,0.0
3005,2,1,0.0
3005,2,2,0.0
3005,2,3,0.0
3005,2,4,0.0
3005,2,5,0.0
3005,2,6,0.0
3005,2,7,0.0
3005,3,1,0.0
3005,3,2,0.0
3005,3,3,0.0
3005,3,4,0.0
3005,3,5,0.0
3005,3,6,0.0
3005,3,7,0.0
3005,4,1,0.0
3005,4,2,0.25
3005,4,3,0.8
3005,4,4,0.3333333333333333
3005,4,5,0.0
3005,4,6,0.0
3005,4,7,0.25
3006,1,1,4.5
3006,1,2,2.0
3006,1,3,4.75
3006,1,4,1.2
3006,1,5,2.2
3006,1,6,3.6
3006,1,7,2.0
3006,2,1,3.3333333333333335
3006,2,2,3.0
3006,2,3,1.0
3006,2,4,3.5
3006,2,5,2.6666666666666665
3006,2,6,2.5
3006,2,7,2.0
3006,3,1,3.2
3006,3,2,4.0
3006,3,3,4.0
3006,3,4,2.5
3006,3,5,1.0
3006,3,6,3.25
3006,3,7,2.6
3006,4,1,1.25
3006,4,2,4.0
3006,4,3,4.0
3006,4,4,2.0
3006,4,5,1.25
3006,4,6,2.25
3006,4,7,4.5
3007,1,1,1.25
3007,1,2,0.5
3007,1,3,1.0
3007,1,4,1.4
3007,1,5,1.6
3007,1,6,1.2
3007,1,7,1.0
3007,2,1,1.6666666666666667
3007,2,2,2.0
3007,2,3,0.0
3007,2,4,2.0
3007,2,5,1.3333333333333333
3007,2,6,0.0
3007,2,7,3.0
3007,3,1,1.4
3007,3,2,1.0
3007,3,3,1.5
3007,3,4,0.0
3007,3,5,1.0
3007,3,6,0.5
3007,3,7,0.8
3007,4,1,0.5
3007,4,2,0.5
3007,4,3,2.8
3007,4,4,2.0
3007,4,5,0.25
3007,4,6,0.0
3007,4,7,2.25
3008,1,1,1.25
3008,1,2,2.5
3008,1,3,1.0
3008,1,4,2.2
3008,1,5,0.8
3008,1,6,1.6
3008,1,7,1.5
3008,2,1,2.0
3008,2,2,2.5
3008,2,3,2.0
3008,2,4,1.0
3008,2,5,1.0
3008,2,6,0.5
3008,2,7,3.0
3008,3,1,0.2
3008,3,2,1.5
3008,3,3,1.25
3008,3,4,1.25
3008,3,5,0.75
3008,3,6,0.25
3008,3,7,0.6
3008,4,1,1.25
3008,4,2,1.25
3008,4,3,2.4
3008,4,4,2.3333333333333335
3008,4,5,1.25
3008,4,6,1.25
3008,4,7,2.25
3009,1,1,0.25
3009,1,2,0.0
3009,1,3,0.0
3009,1,4,0.0
3009,1,5,0.0
3009,1,6,0.0
3009,1,7,0.0
3009,2,1,0.0
3009,2,2,0.5
3009,2,3,0.0
3009,2,4,0.5
3009,2,5,0.3333333333333333
3009,2,6,0.5
3009,2,7,0.3333333333333333
3009,3,1,0.0
3009,3,2,0.0
3009,3,3,0.0
3009,3,4,0.25
3009,3,5,0.0
3009,3,6,0.0
3009,3,7,0.4
3009,4,1,0.0
3009,4,2,0.0
3009,4,3,0.0
3009,4,4,0.6666666666666666
3009,4,5,0.0
3009,4,6,0.0
3009,4,7,0.0
3010,1,1,0.25
3010,1,2,0.5
3010,1,3,0.25
3010,1,4,1.2
3010,1,5,0.4
3010,1,6,0.4
3010,1,7,0.25
3010,2,1,0.0
3010,2,2,0.5
3010,2,3,0.0
3010,2,4,0.0
3010,2,5,0.0
3010,2,6,0.0
3010,2,7,0.3333333333333333
3010,3,1,0.6
3010,3,2,0.0
3010,3,3,1.0
3010,3,4,1.0
3010,3,5,0.25
3010,3,6,0.75
3010,3,7,0.6
3010,4,1,0.5
3010,4,2,0.5
3010,4,3,0.2
3010,4,4,1.3333333333333333
3010,4,5,1.0
3010,4,6,0.25
3010,4,7,0.5
3011,1,1,2.0
3011,1,2,0.25
3011,1,3,1.25
3011,1,4,1.2
3011,1,5,1.0
3011,1,6,1.4
3011,1,7,1.25
3011,2,1,1.3333333333333333
3011,2,2,1.5
3011,2,3,1.0
3011,2,4,1.0
3011,2,5,1.3333333333333333
3011,2,6,0.0
3011,2,7,1.3333333333333333
3011,3,1,0.4
3011,3,2,0.0
3011,3,3,0.75
3011,3,4,0.0
3011,3,5,1.5
3011,3,6,0.25
3011,3,7,0.6
3011,4,1,0.5
3011,4,2,0.75
3011,4,3,0.4
3011,4,4,0.3333333333333333
3011,4,5,0.25
3011,4,6,0.25
3011,4,7,1.0
3012,1,1,0.25
3012,1,2,0.0
3012,1,3,0.0
3012,1,4,0.0
3012,1,5,0.0
3012,1,6,0.0
3012,1,7,0.5
3012,2,1,0.0
3012,2,2,0.0
3012,2,3,0.0
3012,2,4,0.0
3012,2,5,0.0
3012,2,6,0.5
3012,2,7,0.0
3012,3,1,0.0
3012,3,2,0.0
3012,3,3,0.0
3012,3,4,0.0
3012,3,5,0.25
3012,3,6,0.25
3012,3,7,0.0
3012,4,1,0.0
3012,4,2,0.0
3012,4,3,0.0
3012,4,4,0.0
3012,4,5,0.0
3012,4,6,0.0
3012,4,7,0.0
3013,1,1,3.75
3013,1,2,4.5
3013,1,3,5.75
3013,1,4,2.6
3013,1,5,2.4
3013,1,6,4.8
3013,1,7,2.0
3013,2,1,3.6666666666666665
3013,2,2,2.0
3013,2,3,4.0
3013,2,4,4.5
3013,2,5,2.0
3013,2,6,1.5
3013,2,7,4.666666666666667
3013,3,1,5.2
3013,3,2,3.5
3013,3,3,6.25
3013,3,4,4.25
3013,3,5,3.25
3013,3,6,3.25
3013,3,7,2.2
3013,4,1,3.5
3013,4,2,4.5
3013,4,3,5.4
3013,4,4,3.0
3013,4,5,6.5
3013,4,6,2.75
3013,4,7,4.75
3014,1,1,0.5
3014,1,2,0.25
3014,1,3,0.25
3014,1,4,0.2
3014,1,5,0.0
3014,1,6,0.0
3014,1,7,0.25
3014,2,1,0.6666666666666666
3014,2,2,0.5
3014,2,3,0.0
3014,2,4,0.0
3014,2,5,0.0
3014,2,6,1.0
3014,2,7,0.3333333333333333
3014,3,1,0.0
3014,3,2,0.25
3014,3,3,0.75
3014,3,4,0.25
3014,3,5,0.0
3014,3,6,0.25
3014,3,7,0.0
3014,4,1,0.0
3014,4,2,0.0
3014,4,3,0.2
3014,4,4,0.0
3014,4,5,0.0
3014,4,6,0.0
3014,4,7,0.0
3015,1,1,0.0
3015,1,2,0.0
3015,1,3,0.0
3015,1,4,0.2
3015,1,5,0.0
3015,1,6,0.0
3015,1,7,0.25
3015,2,1,0.0
3015,2,2,0.0
3015,2,3,0.0
3015,2,4,0.0
3015,2,5,0.0
3015,2,6,0.0
3015,2,7,0.3333333333333333
3015,3,1,0.0
3015,3,2,0.0
3015,3,3,0.0
3015,3,4,0.0
3015,3,5,0.0
3015,3,6,0.0
3015,3,7,0.0
3015,4,1,0.25
3015,4,2,0.0
3015,4,3,0.2
3015,4,4,0.0
3015,4,5,0.5
3015,4,6,0.0
3015,4,7,0.0
3016,1,1,12.0
3016,1,2,9.75
3016,1,3,15.5
3016,1,4,9.0
3016,1,5,5.8
3016,1,6,9.2
3016,1,7,8.5
3016,2,1,15.0
3016,2,2,6.5
3016,2,3,9.0
3016,2,4,5.5
3016,2,5,5.333333333333333
3016,2,6,10.0
3016,2,7,7.333333333333333
3016,3,1,7.4
3016,3,2,4.25
3016,3,3,13.25
3016,3,4,7.5
3016,3,5,6.0
3016,3,6,6.75
3016,3,7,6.4
3016,4,1,5.0
3016,4,2,9.5
3016,4,3,18.4
3016,4,4,7.333333333333333
3016,4,5,5.5
3016,4,6,7.0
3016,4,7,4.75
3017,1,1,0.75
3017,1,2,0.25
3017,1,3,0.25
3017,1,4,0.0
3017,1,5,0.2
3017,1,6,0.2
3017,1,7,0.5
3017,2,1,0.0
3017,2,2,0.0
3017,2,3,1.0
3017,2,4,0.5
3017,2,5,0.0
3017,2,6,0.0
3017,2,7,0.0
3017,3,1,0.4
3017,3,2,0.0
3017,3,3,0.75
3017,3,4,0.25
3017,3,5,0.0
3017,3,6,0.0
3017,3,7,0.0
3017,4,1,1.0
3017,4,2,0.25
3017,4,3,0.6
3017,4,4,0.6666666666666666
3017,4,5,0.0
3017,4,6,0.0
3017,4,7,0.25
3018,1,1,5.5
3018,1,2,8.75
3018,1,3,9.5
3018,1,4,8.4
3018,1,5,4.6
3018,1,6,6.2
3018,1,7,3.75
3018,2,1,7.333333333333333
3018,2,2,3.5
3018,2,3,5.0
3018,2,4,4.0
3018,2,5,3.0
3018,2,6,3.0
3018,2,7,3.6666666666666665
3018,3,1,6.2
3018,3,2,4.25
3018,3,3,7.0
3018,3,4,5.0
3018,3,5,4.5
3018,3,6,4.0
3018,3,7,4.4
3018,4,1,5.0
3018,4,2,5.5
3018,4,3,7.0
3018,4,4,6.666666666666667
3018,4,5,5.5
3018,4,6,2.5
3018,4,7,4.5
3101,1,1,0.0
3101,1,2,0.0
3101,1,3,0.0
3101,1,4,0.0
3101,1,5,0.0
3101,1,6,0.0
3101,1,7,0.0
3101,2,1,0.0
3101,2,2,0.0
3101,2,3,0.0
3101,2,4,0.0
3101,2,5,0.0
3101,2,6,0.0
3101,2,7,0.0
3101,3,1,0.0
3101,3,2,0.0
3101,3,3,0.0
3101,3,4,0.0
3101,3,5,0.0
3101,3,6,0.0
3101,3,7,0.0
3101,4,1,0.0
3101,4,2,0.0
3101,4,3,0.0
3101,4,4,0.0
3101,4,5,0.0
3101,4,6,0.0
3101,4,7,0.25
3102,1,1,0.25
3102,1,2,0.25
3102,1,3,0.0
3102,1,4,0.0
3102,1,5,0.0
3102,1,6,0.0
3102,1,7,0.0
3102,2,1,0.0
3102,2,2,0.0
3102,2,3,1.0
3102,2,4,0.0
3102,2,5,0.0
3102,2,6,0.0
3102,2,7,0.0
3102,3,1,0.0
3102,3,2,0.0
3102,3,3,0.0
3102,3,4,0.0
3102,3,5,0.0
3102,3,6,0.0
3102,3,7,0.0
3102,4,1,0.0
3102,4,2,0.0
3102,4,3,0.0
3102,4,4,0.0
3102,4,5,0.25
3102,4,6,0.0
3102,4,7,0.0
3104,1,1,0.0
3104,1,2,0.0
3104,1,3,0.0
3104,1,4,0.0
3104,1,5,0.0
3104,1,6,0.0
3104,1,7,0.0
3104,2,1,0.0
3104,2,2,0.0
3104,2,3,0.0
3104,2,4,0.0
3104,2,5,0.0
3104,2,6,0.0
3104,2,7,0.6666666666666666
3104,3,1,0.0
3104,3,2,0.0
3104,3,3,0.0
3104,3,4,0.0
3104,3,5,0.0
3104,3,6,0.0
3104,3,7,0.0
3104,4,1,0.0
3104,4,2,0.0
3104,4,3,0.0
3104,4,4,0.0
3104,4,5,0.0
3104,4,6,0.0
3104,4,7,0.0
3105,1,1,0.0
3105,1,2,0.0
3105,1,3,0.0
3105,1,4,0.2
3105,1,5,0.2
3105,1,6,0.0
3105,1,7,0.0
3105,2,1,0.0
3105,2,2,0.0
3105,2,3,0.0
3105,2,4,0.0
3105,2,5,0.0
3105,2,6,0.0
3105,2,7,0.3333333333333333
3105,3,1,0.0
3105,3,2,0.0
3105,3,3,0.0
3105,3,4,0.0
3105,3,5,0.0
3105,3,6,0.25
3105,3,7,0.0
3105,4,1,0.0
3105,4,2,0.0
3105,4,3,0.0
3105,4,4,0.0
3105,4,5,0.0
3105,4,6,0.25
3105,4,7,0.0
3106,1,1,0.25
3106,1,2,0.0
3106,1,3,0.0
3106,1,4,0.0
3106,1,5,0.2
3106,1,6,0.0
3106,1,7,0.0
3106,2,1,0.0
3106,2,2,0.0
3106,2,3,1.0
3106,2,4,0.0
3106,2,5,0.0
3106,2,6,0.0
3106,2,7,0.0
3106,3,1,0.0
3106,3,2,0.0
3106,3,3,0.0
3106,3,4,0.25
3106,3,5,0.0
3106,3,6,0.0
3106,3,7,0.0
3106,4,1,0.0
3106,4,2,0.0
3106,4,3,0.0
3106,4,4,0.6666666666666666
3106,4,5,0.25
3106,4,6,0.0
3106,4,7,0.0
3107,1,1,0.0
3107,1,2,0.0
3107,1,3,0.0
3107,1,4,0.0
3107,1,5,0.0
3107,1,6,0.0
3107,1,7,0.0
3107,2,1,0.3333333333333333
3107,2,2,0.0
3107,2,3,0.0
3107,2,4,0.0
3107,2,5,0.0
3107,2,6,0.5
3107,2,7,0.3333333333333333
3107,3,1,0.0
3107,3,2,0.0
3107,3,3,0.25
3107,3,4,0.0
3107,3,5,0.0
3107,3,6,0.0
3107,3,7,0.2
3107,4,1,0.0
3107,4,2,0.0
3107,4,3,0.0
3107,4,4,0.0
3107,4,5,0.0
3107,4,6,0.25
3107,4,7,0.0
3108,1,1,0.0
3108,1,2,0.0
3108,1,3,0.0
3108,1,4,0.2
3108,1,5,0.0
3108,1,6,0.0
3108,1,7,0.0
3108,2,1,0.0
3108,2,2,0.0
3108,2,3,0.0
3108,2,4,0.0
3108,2,5,0.0
3108,2,6,0.0
3108,2,7,0.0
3108,3,1,0.0
3108,3,2,0.0
3108,3,3,0.0
3108,3,4,0.0
3108,3,5,0.0
3108,3,6,0.0
3108,3,7,0.0
3108,4,1,0.0
3108,4,2,0.25
3108,4,3,0.2
3108,4,4,0.0
3108,4,5,0.0
3108,4,6,0.0
3108,4,7,0.0
3109,1,1,0.25
3109,1,2,0.5
3109,1,3,0.0
3109,1,4,0.0
3109,1,5,0.0
3109,1,6,0.0
3109,1,7,0.25
3109,2,1,0.0
3109,2,2,0.0
3109,2,3,0.0
3109,2,4,0.5
3109,2,5,0.0
3109,2,6,0.0
3109,2,7,0.0
3109,3,1,0.6
3109,3,2,0.5
3109,3,3,0.0
3109,3,4,0.0
3109,3,5,0.0
3109,3,6,0.25
3109,3,7,0.0
3109,4,1,0.0
3109,4,2,0.0
3109,4,3,0.0
3109,4,4,0.0
3109,4,5,0.25
3109,4,6,0.0
3109,4,7,0.0
3110,1,1,0.25
3110,1,2,0.0
3110,1,3,0.25
3110,1,4,0.2
3110,1,5,0.6
3110,1,6,0.8
3110,1,7,0.25
3110,2,1,1.0
3110,2,2,0.5
3110,2,3,1.0
3110,2,4,0.5
3110,2,5,0.6666666666666666
3110,2,6,1.0
3110,2,7,0.6666666666666666
3110,3,1,0.0
3110,3,2,0.0
3110,3,3,1.0
3110,3,4,0.5
3110,3,5,0.5
3110,3,6,0.75
3110,3,7,0.4
3110,4,1,1.5
3110,4,2,0.5
3110,4,3,0.2
3110,4,4,0.0
3110,4,5,0.25
3110,4,6,0.0
3110,4,7,1.25
3111,1,1,0.0
3111,1,2,0.25
3111,1,3,0.25
3111,1,4,0.0
3111,1,5,0.0
3111,1,6,0.0
3111,1,7,0.0
3111,2,1,0.0
3111,2,2,1.0
3111,2,3,0.0
3111,2,4,0.0
3111,2,5,0.0
3111,2,6,0.0
3111,2,7,0.0
3111,3,1,0.0
3111,3,2,0.0
3111,3,3,0.25
3111,3,4,0.5
3111,3,5,0.0
3111,3,6,0.0
3111,3,7,0.2
3111,4,1,0.0
3111,4,2,0.0
3111,4,3,0.0
3111,4,4,0.0
3111,4,5,0.5
3111,4,6,0.0
3111,4,7,0.0
3112,1,1,0.5
3112,1,2,0.5
3112,1,3,0.0
3112,1,4,0.6
3112,1,5,0.2
3112,1,6,0.2
3112,1,7,0.0
3112,2,1,0.0
3112,2,2,0.5
3112,2,3,0.0
3112,2,4,0.0
3112,2,5,0.0
3112,2,6,0.0
3112,2,7,0.3333333333333333
3112,3,1,0.0
3112,3,2,0.0
3112,3,3,0.25
3112,3,4,0.0
3112,3,5,0.0
3112,3,6,0.5
3112,3,7,0.2
3112,4,1,0.0
3112,4,2,0.0
3112,4,3,0.2
3112,4,4,0.0
3112,4,5,1.25
3112,4,6,0.0
3112,4,7,0.5
3113,1,1,0.0
3113,1,2,0.0
3113,1,3,0.25
3113,1,4,0.0
3113,1,5,0.0
3113,1,6,0.0
3113,1,7,0.0
3113,2,1,0.0
3113,2,2,0.0
3113,2,3,0.0
3113,2,4,0.0
3113,2,5,0.0
3113,2,6,0.0
3113,2,7,0.0
3113,3,1,0.0
3113,3,2,0.25
3113,3,3,0.0
3113,3,4,0.0
3113,3,5,0.0
3113,3,6,0.0
3113,3,7,0.0
3113,4,1,0.0
3113,4,2,0.0
3113,4,3,0.0
3113,4,4,0.0
3113,4,5,0.0
3113,4,6,0.0
3113,4,7,0.5
3114,1,1,0.5
3114,1,2,1.5
3114,1,3,0.75
3114,1,4,0.4
3114,1,5,0.6
3114,1,6,1.4
3114,1,7,0.0
3114,2,1,3.0
3114,2,2,1.0
3114,2,3,0.0
3114,2,4,1.0
3114,2,5,0.6666666666666666
3114,2,6,0.5
3114,2,7,1.0
3114,3,1,0.6
3114,3,2,0.0
3114,3,3,2.75
3114,3,4,0.75
3114,3,5,0.75
3114,3,6,1.0
3114,3,7,1.0
3114,4,1,1.0
3114,4,2,0.25
3114,4,3,1.6
3114,4,4,0.0
3114,4,5,0.25
3114,4,6,0.75
3114,4,7,1.5
3115,1,1,0.0
3115,1,2,0.0
3115,1,3,0.0
3115,1,4,0.0
3115,1,5,0.0
3115,1,6,0.0
3115,1,7,0.0
3115,2,1,0.3333333333333333
3115,2,2,0.0
3115,2,3,0.0
3115,2,4,0.0
3115,2,5,0.0
3115,2,6,0.0
3115,2,7,0.3333333333333333
3115,3,1,0.4
3115,3,2,0.0
3115,3,3,0.0
3115,3,4,0.0
3115,3,5,0.25
3115,3,6,0.0
3115,3,7,0.2
3115,4,1,0.0
3115,4,2,0.0
3115,4,3,0.0
3115,4,4,0.0
3115,4,5,0.0
3115,4,6,0.0
3115,4,7,0.0
3116,1,1,1.0
3116,1,2,0.0
3116,1,3,1.0
3116,1,4,0.4
3116,1,5,0.8
3116,1,6,0.0
3116,1,7,0.25
3116,2,1,0.0
3116,2,2,1.0
3116,2,3,2.0
3116,2,4,1.5
3116,2,5,0.6666666666666666
3116,2,6,0.0
3116,2,7,1.0
3116,3,1,2.0
3116,3,2,0.5
3116,3,3,1.25
3116,3,4,0.0
3116,3,5,0.25
3116,3,6,0.0
3116,3,7,0.0
3116,4,1,0.25
3116,4,2,0.5
3116,4,3,0.4
3116,4,4,0.6666666666666666
3116,4,5,0.0
3116,4,6,0.25
3116,4,7,1.25
3117,1,1,0.0
3117,1,2,0.0
3117,1,3,1.25
3117,1,4,0.6
3117,1,5,0.4
3117,1,6,1.8
3117,1,7,0.5
3117,2,1,2.0
3117,2,2,0.5
3117,2,3,2.0
3117,2,4,0.0
3117,2,5,0.0
3117,2,6,0.0
3117,2,7,1.3333333333333333
3117,3,1,0.6
3117,3,2,0.5
3117,3,3,1.5
3117,3,4,0.75
3117,3,5,0.25
3117,3,6,0.25
3117,3,7,0.8
3117,4,1,1.0
3117,4,2,0.0
3117,4,3,0.8
3117,4,4,0.0
3117,4,5,0.0
3117,4,6,0.5
3117,4,7,0.25
3118,1,1,0.5
3118,1,2,0.25
3118,1,3,1.25
3118,1,4,0.8
3118,1,5,0.8
3118,1,6,0.4
3118,1,7,1.0
3118,2,1,1.3333333333333333
3118,2,2,0.5
3118,2,3,1.0
3118,2,4,0.0
3118,2,5,1.3333333333333333
3118,2,6,1.0
3118,2,7,1.0
3118,3,1,0.4
3118,3,2,0.5
3118,3,3,1.25
3118,3,4,0.5
3118,3,5,0.75
3118,3,6,0.25
3118,3,7,0.6
3118,4,1,1.25
3118,4,2,1.0
3118,4,3,0.4
3118,4,4,0.6666666666666666
3118,4,5,0.0
3118,4,6,1.0
3118,4,7,0.25
3119,1,1,0.0
3119,1,2,0.75
3119,1,3,0.75
3119,1,4,0.4
3119,1,5,0.0
3119,1,6,0.4
3119,1,7,0.5
3119,2,1,0.3333333333333333
3119,2,2,1.0
3119,2,3,0.0
3119,2,4,0.0
3119,2,5,0.6666666666666666
3119,2,6,0.5
3119,2,7,0.0
3119,3,1,0.4
3119,3,2,0.0
3119,3,3,1.25
3119,3,4,0.0
3119,3,5,0.25
3119,3,6,0.5
3119,3,7,1.4
3119,4,1,0.0
3119,4,2,0.0
3119,4,3,0.0
3119,4,4,0.0
3119,4,5,0.25
3119,4,6,0.25
3119,4,7,0.0
3120,1,1,0.0
3120,1,2,0.0
3120,1,3,0.0
3120,1,4,0.0
3120,1,5,0.0
3120,1,6,0.0
3120,1,7,0.0
3120,2,1,0.0
3120,2,2,0.0
3120,2,3,0.0
3120,2,4,0.0
3120,2,5,0.0
3120,2,6,0.0
3120,2,7,0.0
3120,3,1,0.6
3120,3,2,0.25
3120,3,3,0.25
3120,3,4,0.0
3120,3,5,0.0
3120,3,6,0.25
3120,3,7,0.0
3120,4,1,0.25
3120,4,2,0.0
3120,4,3,0.2
3120,4,4,0.0
3120,4,5,0.0
3120,4,6,0.25
3120,4,7,0.0
3121,1,1,0.0
3121,1,2,0.75
3121,1,3,0.0
3121,1,4,0.2
3121,1,5,0.0
3121,1,6,0.0
3121,1,7,0.0
3121,2,1,0.0
3121,2,2,0.0
3121,2,3,0.0
3121,2,4,0.0
3121,2,5,0.0
3121,2,6,0.5
3121,2,7,0.3333333333333333
3121,3,1,0.0
3121,3,2,0.0
3121,3,3,0.0
3121,3,4,0.25
3121,3,5,0.0
3121,3,6,0.0
3121,3,7,0.0
3121,4,1,0.0
3121,4,2,0.0
3121,4,3,0.2
3121,4,4,0.0
3121,4,5,0.0
3121,4,6,0.0
3121,4,7,0.0
3122,1,1,0.25
3122,1,2,0.25
3122,1,3,0.5
3122,1,4,0.4
3122,1,5,0.2
3122,1,6,0.8
3122,1,7,0.0
3122,2,1,0.3333333333333333
3122,2,2,1.0
3122,2,3,0.0
3122,2,4,0.0
3122,2,5,0.0
3122,2,6,0.0
3122,2,7,0.3333333333333333
3122,3,1,0.2
3122,3,2,0.0
3122,3,3,0.0
3122,3,4,0.0
3122,3,5,0.0
3122,3,6,0.0
3122,3,7,0.6
3122,4,1,0.0
3122,4,2,0.0
3122,4,3,0.0
3122,4,4,0.3333333333333333
3122,4,5,0.0
3122,4,6,0.0
3122,4,7,0.0
3125,1,1,0.0
3125,1,2,0.0
3125,1,3,0.25
3125,1,4,0.0
3125,1,5,0.0
3125,1,6,0.2
3125,1,7,0.0
3125,2,1,0.3333333333333333
3125,2,2,0.0
3125,2,3,0.0
3125,2,4,0.0
3125,2,5,0.0
3125,2,6,0.5
3125,2,7,0.0
3125,3,1,0.0
3125,3,2,0.0
3125,3,3,0.0
3125,3,4,0.0
3125,3,5,0.25
3125,3,6,0.0
3125,3,7,0.0
3125,4,1,0.0
3125,4,2,0.0
3125,4,3,0.0
3125,4,4,0.0
3125,4,5,0.0
3125,4,6,0.0
3125,4,7,0.0
3126,1,1,0.25
3126,1,2,1.25
3126,1,3,0.0
3126,1,4,0.4
3126,1,5,0.0
3126,1,6,0.2
3126,1,7,0.0
3126,2,1,0.3333333333333333
3126,2,2,1.5
3126,2,3,0.0
3126,2,4,0.0
3126,2,5,0.0
3126,2,6,0.0
3126,2,7,0.3333333333333333
3126,3,1,0.2
3126,3,2,0.0
3126,3,3,0.25
3126,3,4,0.0
3126,3,5,1.0
3126,3,6,0.25
3126,3,7,0.2
3126,4,1,0.0
3126,4,2,0.0
3126,4,3,0.2
3126,4,4,0.6666666666666666
3126,4,5,0.5
3126,4,6,0.0
3126,4,7,0.75
3128,1,1,0.0
3128,1,2,0.0
3128,1,3,0.0
3128,1,4,0.0
3128,1,5,0.0
3128,1,6,0.0
3128,1,7,0.0
3128,2,1,0.0
3128,2,2,0.0
3128,2,3,0.0
3128,2,4,0.0
3128,2,5,0.0
3128,2,6,0.0
3128,2,7,0.0
3128,3,1,0.0
3128,3,2,0.25
3128,3,3,0.0
3128,3,4,0.0
3128,3,5,0.0
3128,3,6,0.0
3128,3,7,0.0
3128,4,1,0.0
3128,4,2,0.0
3128,4,3,0.0
3128,4,4,0.0
3128,4,5,0.0
3128,4,6,0.0
3128,4,7,0.0
3212,1,1,0.0
3212,1,2,0.0
3212,1,3,0.0
3212,1,4,0.0
3212,1,5,0.0
3212,1,6,0.0
3212,1,7,0.25
3212,2,1,0.0
3212,2,2,0.0
3212,2,3,0.0
3212,2,4,0.0
3212,2,5,0.0
3212,2,6,0.0
3212,2,7,0.0
3212,3,1,0.0
3212,3,2,0.0
3212,3,3,0.0
3212,3,4,0.0
3212,3,5,0.0
3212,3,6,0.0
3212,3,7,0.0
3212,4,1,0.0
3212,4,2,0.0
3212,4,3,0.0
3212,4,4,0.0
3212,4,5,0.0
3212,4,6,0.0
3212,4,7,0.0
3213,1,1,0.0
3213,1,2,0.25
3213,1,3,0.0
3213,1,4,0.0
3213,1,5,0.0
3213,1,6,0.2
3213,1,7,0.0
3213,2,1,0.3333333333333333
3213,2,2,0.0
3213,2,3,0.0
3213,2,4,0.0
3213,2,5,0.0
3213,2,6,0.0
3213,2,7,0.0
3213,3,1,0.0
3213,3,2,0.0
3213,3,3,0.0
3213,3,4,0.0
3213,3,5,0.0
3213,3,6,0.0
3213,3,7,0.0
3213,4,1,0.0
3213,4,2,0.0
3213,4,3,0.0
3213,4,4,0.0
3213,4,5,0.0
3213,4,6,0.0
3213,4,7,0.0
3215,1,1,0.0
3215,1,2,0.0
3215,1,3,0.25
3215,1,4,0.0
3215,1,5,0.0
3215,1,6,0.0
3215,1,7,0.0
3215,2,1,0.0
3215,2,2,0.0
3215,2,3,0.0
3215,2,4,0.0
3215,2,5,0.0
3215,2,6,0.0
3215,2,7,0.0
3215,3,1,0.0
3215,3,2,0.0
3215,3,3,0.0
3215,3,4,0.0
3215,3,5,0.0
3215,3,6,0.0
3215,3,7,0.0
3215,4,1,0.0
3215,4,2,0.0
3215,4,3,0.0
3215,4,4,0.0
3215,4,5,0.0
3215,4,6,0.0
3215,4,7,0.0
3216,1,1,0.0
3216,1,2,0.0
3216,1,3,0.0
3216,1,4,0.0
3216,1,5,0.0
3216,1,6,0.0
3216,1,7,0.0
3216,2,1,0.0
3216,2,2,0.0
3216,2,3,0.0
3216,2,4,0.0
3216,2,5,0.0
3216,2,6,0.0
3216,2,7,0.0
3216,3,1,0.0
3216,3,2,0.25
3216,3,3,0.0
3216,3,4,0.0
3216,3,5,0.25
3216,3,6,0.0
3216,3,7,0.0
3216,4,1,0.0
3216,4,2,0.0
3216,4,3,0.0
3216,4,4,0.0
3216,4,5,0.0
3216,4,6,0.0
3216,4,7,0.0
3217,1,1,0.25
3217,1,2,0.0
3217,1,3,0.0
3217,1,4,0.0
3217,1,5,0.2
3217,1,6,0.0
3217,1,7,0.5
3217,2,1,0.0
3217,2,2,0.0
3217,2,3,0.0
3217,2,4,0.5
3217,2,5,0.0
3217,2,6,0.0
3217,2,7,0.0
3217,3,1,0.2
3217,3,2,0.5
3217,3,3,0.25
3217,3,4,0.0
3217,3,5,0.25
3217,3,6,0.0
3217,3,7,0.0
3217,4,1,0.0
3217,4,2,0.0
3217,4,3,0.0
3217,4,4,0.0
3217,4,5,0.0
3217,4,6,0.25
3217,4,7,0.0
3218,1,1,0.0
3218,1,2,0.0
3218,1,3,0.0
3218,1,4,0.0
3218,1,5,0.0
3218,1,6,0.4
3218,1,7,0.0
3218,2,1,0.0
3218,2,2,0.0
3218,2,3,0.0
3218,2,4,0.0
3218,2,5,0.3333333333333333
3218,2,6,0.0
3218,2,7,0.3333333333333333
3218,3,1,0.0
3218,3,2,0.0
3218,3,3,0.0
3218,3,4,0.0
3218,3,5,0.25
3218,3,6,0.0
3218,3,7,0.0
3218,4,1,0.0
3218,4,2,0.0
3218,4,3,0.0
3218,4,4,0.0
3218,4,5,0.0
3218,4,6,0.0
3218,4,7,0.0
3227,1,1,0.5
3227,1,2,0.5
3227,1,3,0.0
3227,1,4,0.4
3227,1,5,0.2
3227,1,6,0.0
3227,1,7,0.25
3227,2,1,0.3333333333333333
3227,2,2,0.5
3227,2,3,0.0
3227,2,4,0.0
3227,2,5,0.0
3227,2,6,0.0
3227,2,7,0.0
3227,3,1,0.6
3227,3,2,0.5
3227,3,3,0.5
3227,3,4,0.0
3227,3,5,0.0
3227,3,6,0.0
3227,3,7,0.0
3227,4,1,0.5
3227,4,2,0.25
3227,4,3,0.0
3227,4,4,0.3333333333333333
3227,4,5,0.25
3227,4,6,0.0
3227,4,7,0.25
3301,1,1,0.0
3301,1,2,0.0
3301,1,3,0.0
3301,1,4,0.0
3301,1,5,0.0
3301,1,6,0.0
3301,1,7,0.0
3301,2,1,0.0
3301,2,2,0.0
3301,2,3,0.0
3301,2,4,0.0
3301,2,5,0.3333333333333333
3301,2,6,0.0
3301,2,7,0.0
3301,3,1,0.0
3301,3,2,0.0
3301,3,3,0.0
3301,3,4,0.0
3301,3,5,0.0
3301,3,6,0.25
3301,3,7,0.0
3301,4,1,0.0
3301,4,2,0.25
3301,4,3,0.0
3301,4,4,0.0
3301,4,5,0.5
3301,4,6,0.0
3301,4,7,0.0
3303,1,1,0.0
3303,1,2,0.0
3303,1,3,0.0
3303,1,4,0.0
3303,1,5,0.0
3303,1,6,0.2
3303,1,7,0.0
3303,2,1,0.0
3303,2,2,0.0
3303,2,3,0.0
3303,2,4,0.0
3303,2,5,0.0
3303,2,6,0.0
3303,2,7,0.0
3303,3,1,0.0
3303,3,2,0.0
3303,3,3,0.0
3303,3,4,0.0
3303,3,5,0.0
3303,3,6,0.0
3303,3,7,0.0
3303,4,1,0.0
3303,4,2,0.0
3303,4,3,0.0
3303,4,4,0.0
3303,4,5,0.0
3303,4,6,0.0
3303,4,7,0.0
3313,1,1,0.0
3313,1,2,0.0
3313,1,3,0.0
3313,1,4,0.0
3313,1,5,0.2
3313,1,6,0.0
3313,1,7,0.0
3313,2,1,0.0
3313,2,2,0.0
3313,2,3,0.0
3313,2,4,0.0
3313,2,5,0.0
3313,2,6,0.0
3313,2,7,0.0
3313,3,1,0.0
3313,3,2,0.0
3313,3,3,0.0
3313,3,4,0.0
3313,3,5,0.0
3313,3,6,0.0
3313,3,7,0.0
3313,4,1,0.0
3313,4,2,0.0
3313,4,3,0.0
3313,4,4,0.0
3313,4,5,0.0
3313,4,6,0.0
3313,4,7,0.0
3314,1,1,0.0
3314,1,2,0.25
3314,1,3,0.0
3314,1,4,0.0
3314,1,5,0.0
3314,1,6,0.0
3314,1,7,0.0
3314,2,1,0.0
3314,2,2,0.0
3314,2,3,0.0
3314,2,4,0.0
3314,2,5,0.0
3314,2,6,0.0
3314,2,7,0.0
3314,3,1,0.0
3314,3,2,0.0
3314,3,3,0.0
3314,3,4,0.0
3314,3,5,0.0
3314,3,6,0.0
3314,3,7,0.0
3314,4,1,0.0
3314,4,2,0.0
3314,4,3,0.0
3314,4,4,0.0
3314,4,5,0.0
3314,4,6,0.0
3314,4,7,0.0
3315,1,1,0.25
3315,1,2,0.0
3315,1,3,0.0
3315,1,4,0.2
3315,1,5,0.2
3315,1,6,0.6
3315,1,7,0.0
3315,2,1,0.0
3315,2,2,0.0
3315,2,3,0.0
3315,2,4,0.0
3315,2,5,0.0
3315,2,6,0.0
3315,2,7,0.0
3315,3,1,0.0
3315,3,2,0.0
3315,3,3,0.0
3315,3,4,0.0
3315,3,5,0.0
3315,3,6,0.25
3315,3,7,0.0
3315,4,1,0.0
3315,4,2,0.25
3315,4,3,0.2
3315,4,4,0.0
3315,4,5,0.0
3315,4,6,0.0
3315,4,7,0.0
3316,1,1,0.0
3316,1,2,0.0
3316,1,3,0.0
3316,1,4,0.0
3316,1,5,0.2
3316,1,6,0.2
3316,1,7,0.0
3316,2,1,0.0
3316,2,2,0.0
3316,2,3,0.0
3316,2,4,0.0
3316,2,5,0.6666666666666666
3316,2,6,0.0
3316,2,7,0.3333333333333333
3316,3,1,0.0
3316,3,2,0.0
3316,3,3,0.0
3316,3,4,0.0
3316,3,5,0.0
3316,3,6,0.25
3316,3,7,0.0
3316,4,1,0.0
3316,4,2,0.0
3316,4,3,0.0
3316,4,4,0.0
3316,4,5,0.0
3316,4,6,0.0
3316,4,7,0.0
3319,1,1,1.25
3319,1,2,1.0
3319,1,3,1.25
3319,1,4,0.8
3319,1,5,0.4
3319,1,6,0.6
3319,1,7,2.0
3319,2,1,0.0
3319,2,2,0.5
3319,2,3,0.0
3319,2,4,0.0
3319,2,5,0.3333333333333333
3319,2,6,0.0
3319,2,7,0.6666666666666666
3319,3,1,0.8
3319,3,2,0.25
3319,3,3,1.5
3319,3,4,0.5
3319,3,5,1.5
3319,3,6,1.0
3319,3,7,1.6
3319,4,1,0.25
3319,4,2,1.0
3319,4,3,1.4
3319,4,4,0.0
3319,4,5,0.25
3319,4,6,0.0
3319,4,7,0.25
3320,1,1,0.0
3320,1,2,0.0
3320,1,3,0.0
3320,1,4,0.4
3320,1,5,0.4
3320,1,6,0.4
3320,1,7,0.25
3320,2,1,0.0
3320,2,2,0.0
3320,2,3,0.0
3320,2,4,0.5
3320,2,5,0.0
3320,2,6,0.0
3320,2,7,0.0
3320,3,1,0.2
3320,3,2,0.0
3320,3,3,0.75
3320,3,4,0.25
3320,3,5,0.0
3320,3,6,0.0
3320,3,7,0.4
3320,4,1,0.25
3320,4,2,0.0
3320,4,3,0.2
3320,4,4,0.0
3320,4,5,0.5
3320,4,6,0.5
3320,4,7,0.5
3321,1,1,1.0
3321,1,2,0.25
3321,1,3,0.25
3321,1,4,1.0
3321,1,5,1.4
3321,1,6,0.6
3321,1,7,1.0
3321,2,1,0.3333333333333333
3321,2,2,0.0
3321,2,3,0.0
3321,2,4,0.0
3321,2,5,0.6666666666666666
3321,2,6,0.5
3321,2,7,0.6666666666666666
3321,3,1,0.4
3321,3,2,0.0
3321,3,3,0.25
3321,3,4,0.0
3321,3,5,0.25
3321,3,6,0.5
3321,3,7,0.2
3321,4,1,0.5
3321,4,2,0.0
3321,4,3,0.2
3321,4,4,1.0
3321,4,5,0.5
3321,4,6,0.0
3321,4,7,0.0
3322,1,1,0.75
3322,1,2,0.5
3322,1,3,0.0
3322,1,4,1.0
3322,1,5,0.2
3322,1,6,0.2
3322,1,7,0.25
3322,2,1,0.3333333333333333
3322,2,2,0.5
3322,2,3,0.0
3322,2,4,0.0
3322,2,5,0.0
3322,2,6,0.0
3322,2,7,0.0
3322,3,1,0.2
3322,3,2,0.0
3322,3,3,0.25
3322,3,4,0.25
3322,3,5,0.75
3322,3,6,0.0
3322,3,7,0.0
3322,4,1,0.0
3322,4,2,0.0
3322,4,3,0.2
3322,4,4,0.0
3322,4,5,0.25
3322,4,6,0.0
3322,4,7,0.0
3323,1,1,0.5
3323,1,2,0.0
3323,1,3,0.0
3323,1,4,0.0
3323,1,5,0.2
3323,1,6,0.6
3323,1,7,0.0
3323,2,1,0.6666666666666666
3323,2,2,0.0
3323,2,3,0.0
3323,2,4,0.0
3323,2,5,0.0
3323,2,6,1.0
3323,2,7,0.6666666666666666
3323,3,1,0.2
3323,3,2,0.0
3323,3,3,0.5
3323,3,4,1.0
3323,3,5,0.25
3323,3,6,0.0
3323,3,7,0.2
3323,4,1,0.0
3323,4,2,0.0
3323,4,3,0.2
3323,4,4,1.0
3323,4,5,0.0
3323,4,6,0.0
3323,4,7,0.0
3325,1,1,0.0
3325,1,2,0.0
3325,1,3,0.25
3325,1,4,0.2
3325,1,5,0.0
3325,1,6,0.0
3325,1,7,0.0
3325,2,1,0.0
3325,2,2,0.0
3325,2,3,0.0
3325,2,4,0.0
3325,2,5,0.0
3325,2,6,0.0
3325,2,7,0.0
3325,3,1,0.0
3325,3,2,0.0
3325,3,3,0.0
3325,3,4,0.0
3325,3,5,0.0
3325,3,6,0.0
3325,3,7,0.2
3325,4,1,0.0
3325,4,2,0.25
3325,4,3,0.0
3325,4,4,0.0
3325,4,5,0.0
3325,4,6,0.0
3325,4,7,0.25
3326,1,1,0.0
3326,1,2,0.0
3326,1,3,0.0
3326,1,4,0.0
3326,1,5,0.0
3326,1,6,0.0
3326,1,7,0.0
3326,2,1,0.6666666666666666
3326,2,2,0.0
3326,2,3,0.0
3326,2,4,0.0
3326,2,5,0.3333333333333333
3326,2,6,0.0
3326,2,7,0.0
3326,3,1,0.0
3326,3,2,0.0
3326,3,3,0.0
3326,3,4,0.0
3326,3,5,0.0
3326,3,6,0.0
3326,3,7,0.0
3326,4,1,0.0
3326,4,2,0.0
3326,4,3,0.0
3326,4,4,0.0
3326,4,5,0.0
3326,4,6,0.0
3326,4,7,0.0
3328,1,1,0.0
3328,1,2,0.0
3328,1,3,0.0
3328,1,4,0.0
3328,1,5,0.0
3328,1,6,0.0
3328,1,7,0.0
3328,2,1,0.3333333333333333
3328,2,2,0.0
3328,2,3,0.0
3328,2,4,0.0
3328,2,5,0.3333333333333333
3328,2,6,0.0
3328,2,7,0.3333333333333333
3328,3,1,0.0
3328,3,2,0.0
3328,3,3,0.0
3328,3,4,0.0
3328,3,5,0.0
3328,3,6,0.0
3328,3,7,0.2
3328,4,1,0.0
3328,4,2,0.0
3328,4,3,0.0
3328,4,4,0.0
3328,4,5,0.0
3328,4,6,0.0
3328,4,7,0.0
3330,1,1,0.0
3330,1,2,0.0
3330,1,3,0.0
3330,1,4,0.0
3330,1,5,0.0
3330,1,6,0.0
3330,1,7,0.0
3330,2,1,0.3333333333333333
3330,2,2,0.0
3330,2,3,0.0
3330,2,4,0.5
3330,2,5,0.0
3330,2,6,0.0
3330,2,7,1.0
3330,3,1,0.0
3330,3,2,0.0
3330,3,3,0.25
3330,3,4,0.25
3330,3,5,0.0
3330,3,6,0.0
3330,3,7,0.0
3330,4,1,0.0
3330,4,2,0.0
3330,4,3,0.0
3330,4,4,0.0
3330,4,5,0.0
3330,4,6,0.0
3330,4,7,0.0
3401,1,1,0.0
3401,1,2,0.0
3401,1,3,0.0
3401,1,4,0.0
3401,1,5,0.0
3401,1,6,0.0
3401,1,7,0.0
3401,2,1,0.6666666666666666
3401,2,2,0.0
3401,2,3,0.0
3401,2,4,0.0
3401,2,5,0.0
3401,2,6,0.0
3401,2,7,0.0
3401,3,1,0.0
3401,3,2,0.0
3401,3,3,0.0
3401,3,4,0.0
3401,3,5,0.0
3401,3,6,0.0
3401,3,7,0.0
3401,4,1,0.0
3401,4,2,0.0
3401,4,3,0.0
3401,4,4,0.0
3401,4,5,0.0
3401,4,6,0.0
3401,4,7,0.0
3402,1,1,0.25
3402,1,2,0.0
3402,1,3,0.5
3402,1,4,0.0
3402,1,5,0.2
3402,1,6,0.6
3402,1,7,0.25
3402,2,1,1.0
3402,2,2,0.0
3402,2,3,0.0
3402,2,4,0.5
3402,2,5,0.0
3402,2,6,0.5
3402,2,7,0.6666666666666666
3402,3,1,0.0
3402,3,2,0.25
3402,3,3,0.0
3402,3,4,0.25
3402,3,5,0.25
3402,3,6,0.5
3402,3,7,0.2
3402,4,1,0.5
3402,4,2,0.25
3402,4,3,0.2
3402,4,4,0.0
3402,4,5,0.75
3402,4,6,0.5
3402,4,7,0.25
3403,1,1,0.5
3403,1,2,1.0
3403,1,3,0.0
3403,1,4,0.0
3403,1,5,0.0
3403,1,6,0.0
3403,1,7,0.0
3403,2,1,0.3333333333333333
3403,2,2,0.5
3403,2,3,0.0
3403,2,4,0.5
3403,2,5,0.0
3403,2,6,0.0
3403,2,7,0.3333333333333333
3403,3,1,0.0
3403,3,2,0.0
3403,3,3,0.25
3403,3,4,0.0
3403,3,5,0.5
3403,3,6,0.0
3403,3,7,0.0
3403,4,1,0.0
3403,4,2,0.0
3403,4,3,0.2
3403,4,4,0.0
3403,4,5,0.0
3403,4,6,0.0
3403,4,7,0.25
3404,1,1,0.0
3404,1,2,0.0
3404,1,3,0.0
3404,1,4,0.0
3404,1,5,0.0
3404,1,6,0.0
3404,1,7,0.0
3404,2,1,0.0
3404,2,2,0.0
3404,2,3,0.0
3404,2,4,0.0
3404,2,5,0.0
3404,2,6,0.0
3404,2,7,0.0
3404,3,1,0.0
3404,3,2,0.0
3404,3,3,0.0
3404,3,4,0.0
3404,3,5,0.0
3404,3,6,0.0
3404,3,7,0.0
3404,4,1,0.0
3404,4,2,0.0
3404,4,3,0.0
3404,4,4,0.0
3404,4,5,0.0
3404,4,6,0.25
3404,4,7,0.0
3406,1,1,0.0
3406,1,2,0.0
3406,1,3,0.0
3406,1,4,0.0
3406,1,5,0.0
3406,1,6,0.2
3406,1,7,0.0
3406,2,1,0.0
3406,2,2,0.0
3406,2,3,0.0
3406,2,4,0.0
3406,2,5,0.0
3406,2,6,0.0
3406,2,7,0.6666666666666666
3406,3,1,0.0
3406,3,2,0.0
3406,3,3,0.0
3406,3,4,0.0
3406,3,5,0.0
3406,3,6,0.0
3406,3,7,0.0
3406,4,1,0.0
3406,4,2,0.0
3406,4,3,0.0
3406,4,4,0.0
3406,4,5,0.0
3406,4,6,0.0
3406,4,7,0.25
3407,1,1,0.25
3407,1,2,0.25
3407,1,3,0.0
3407,1,4,0.2
3407,1,5,0.2
3407,1,6,0.4
3407,1,7,0.0
3407,2,1,0.3333333333333333
3407,2,2,0.0
3407,2,3,0.0
3407,2,4,0.0
3407,2,5,0.3333333333333333
3407,2,6,1.0
3407,2,7,0.0
3407,3,1,0.6
3407,3,2,0.25
3407,3,3,1.25
3407,3,4,0.5
3407,3,5,0.75
3407,3,6,0.25
3407,3,7,0.0
3407,4,1,1.25
3407,4,2,2.0
3407,4,3,0.2
3407,4,4,1.3333333333333333
3407,4,5,0.25
3407,4,6,0.25
3407,4,7,0.5
3408,1,1,1.25
3408,1,2,1.25
3408,1,3,0.0
3408,1,4,0.2
3408,1,5,1.0
3408,1,6,0.4
3408,1,7,0.0
3408,2,1,0.3333333333333333
3408,2,2,0.0
3408,2,3,0.0
3408,2,4,0.5
3408,2,5,0.3333333333333333
3408,2,6,0.0
3408,2,7,1.3333333333333333
3408,3,1,0.0
3408,3,2,0.5
3408,3,3,0.25
3408,3,4,0.25
3408,3,5,0.5
3408,3,6,0.0
3408,3,7,0.2
3408,4,1,0.0
3408,4,2,0.5
3408,4,3,0.2
3408,4,4,0.3333333333333333
3408,4,5,0.0
3408,4,6,0.0
3408,4,7,0.25
3409,1,1,0.0
3409,1,2,0.25
3409,1,3,0.75
3409,1,4,0.0
3409,1,5,0.2
3409,1,6,0.0
3409,1,7,0.0
3409,2,1,0.0
3409,2,2,0.0
3409,2,3,0.0
3409,2,4,0.0
3409,2,5,0.3333333333333333
3409,2,6,0.0
3409,2,7,0.0
3409,3,1,0.0
3409,3,2,0.0
3409,3,3,0.0
3409,3,4,0.0
3409,3,5,0.0
3409,3,6,0.0
3409,3,7,0.0
3409,4,1,0.0
3409,4,2,0.0
3409,4,3,0.0
3409,4,4,0.0
3409,4,5,0.25
3409,4,6,0.0
3409,4,7,0.0
3410,1,1,0.0
3410,1,2,0.0
3410,1,3,0.5
3410,1,4,0.2
3410,1,5,0.0
3410,1,6,0.0
3410,1,7,0.0
3410,2,1,0.3333333333333333
3410,2,2,0.0
3410,2,3,0.0
3410,2,4,0.0
3410,2,5,0.0
3410,2,6,0.0
3410,2,7,0.0
3410,3,1,0.0
3410,3,2,0.0
3410,3,3,0.0
3410,3,4,0.25
3410,3,5,0.0
3410,3,6,0.0
3410,3,7,0.0
3410,4,1,0.0
3410,4,2,0.0
3410,4,3,0.0
3410,4,4,0.0
3410,4,5,0.0
3410,4,6,0.0
3410,4,7,0.0
3412,1,1,0.0
3412,1,2,0.25
3412,1,3,0.0
3412,1,4,0.4
3412,1,5,0.0
3412,1,6,0.0
3412,1,7,0.0
3412,2,1,0.3333333333333333
3412,2,2,0.0
3412,2,3,0.0
3412,2,4,0.0
3412,2,5,0.0
3412,2,6,0.0
3412,2,7,0.0
3412,3,1,0.0
3412,3,2,0.0
3412,3,3,0.0
3412,3,4,0.0
3412,3,5,0.0
3412,3,6,0.0
3412,3,7,0.0
3412,4,1,0.0
3412,4,2,0.25
3412,4,3,0.4
3412,4,4,0.0
3412,4,5,0.0
3412,4,6,0.0
3412,4,7,0.0
3415,1,1,0.25
3415,1,2,0.25
3415,1,3,1.25
3415,1,4,0.0
3415,1,5,0.0
3415,1,6,0.2
3415,1,7,1.5
3415,2,1,0.0
3415,2,2,0.5
3415,2,3,1.0
3415,2,4,1.0
3415,2,5,1.0
3415,2,6,0.0
3415,2,7,0.6666666666666666
3415,3,1,0.2
3415,3,2,0.25
3415,3,3,0.25
3415,3,4,0.25
3415,3,5,0.25
3415,3,6,1.5
3415,3,7,0.2
3415,4,1,0.0
3415,4,2,0.0
3415,4,3,0.4
3415,4,4,0.0
3415,4,5,0.25
3415,4,6,1.0
3415,4,7,0.0
3416,1,1,0.0
3416,1,2,0.0
3416,1,3,0.0
3416,1,4,0.0
3416,1,5,0.0
3416,1,6,0.0
3416,1,7,0.0
3416,2,1,0.0
3416,2,2,0.0
3416,2,3,0.0
3416,2,4,0.0
3416,2,5,0.0
3416,2,6,0.0
3416,2,7,0.0
3416,3,1,0.0
3416,3,2,0.0
3416,3,3,0.0
3416,3,4,0.0
3416,3,5,0.0
3416,3,6,0.25
3416,3,7,0.0
3416,4,1,0.0
3416,4,2,0.0
3416,4,3,0.0
3416,4,4,0.0
3416,4,5,0.0
3416,4,6,0.0
3416,4,7,0.0
3417,1,1,0.0
3417,1,2,0.0
3417,1,3,0.0
3417,1,4,0.0
3417,1,5,0.0
3417,1,6,0.6
3417,1,7,0.0
3417,2,1,0.0
3417,2,2,0.0
3417,2,3,0.0
3417,2,4,0.0
3417,2,5,0.3333333333333333
3417,2,6,0.5
3417,2,7,0.0
3417,3,1,0.2
3417,3,2,0.0
3417,3,3,0.0
3417,3,4,0.0
3417,3,5,0.25
3417,3,6,0.0
3417,3,7,0.0
3417,4,1,0.0
3417,4,2,0.0
3417,4,3,0.4
3417,4,4,0.0
3417,4,5,0.25
3417,4,6,0.0
3417,4,7,0.25
3419,1,1,0.0
3419,1,2,0.0
3419,1,3,0.0
3419,1,4,0.0
3419,1,5,0.0
3419,1,6,0.0
3419,1,7,0.0
3419,2,1,0.3333333333333333
3419,2,2,0.0
3419,2,3,0.0
3419,2,4,0.0
3419,2,5,0.0
3419,2,6,0.0
3419,2,7,0.0
3419,3,1,0.0
3419,3,2,0.0
3419,3,3,0.0
3419,3,4,0.0
3419,3,5,0.0
3419,3,6,0.0
3419,3,7,0.0
3419,4,1,0.0
3419,4,2,0.0
3419,4,3,0.0
3419,4,4,0.0
3419,4,5,0.0
3419,4,6,0.0
3419,4,7,0.0
3423,1,1,0.0
3423,1,2,0.0
3423,1,3,0.0
3423,1,4,0.0
3423,1,5,0.0
3423,1,6,0.0
3423,1,7,0.0
3423,2,1,0.0
3423,2,2,0.0
3423,2,3,0.0
3423,2,4,0.0
3423,2,5,0.0
3423,2,6,0.5
3423,2,7,0.0
3423,3,1,0.0
3423,3,2,0.0
3423,3,3,0.25
3423,3,4,0.0
3423,3,5,0.0
3423,3,6,0.5
3423,3,7,0.0
3423,4,1,0.0
3423,4,2,0.0
3423,4,3,0.8
3423,4,4,0.0
3423,4,5,0.0
3423,4,6,0.0
3423,4,7,0.0
3424,1,1,0.0
3424,1,2,0.0
3424,1,3,0.0
3424,1,4,0.0
3424,1,5,0.0
3424,1,6,0.0
3424,1,7,0.0
3424,2,1,0.0
3424,2,2,0.0
3424,2,3,0.0
3424,2,4,0.0
3424,2,5,0.0
3424,2,6,0.0
3424,2,7,0.0
3424,3,1,0.0
3424,3,2,0.0
3424,3,3,0.0
3424,3,4,0.0
3424,3,5,0.0
3424,3,6,0.0
3424,3,7,0.0
3424,4,1,0.0
3424,4,2,0.0
3424,4,3,1.0
3424,4,4,0.0
3424,4,5,0.25
3424,4,6,0.0
3424,4,7,0.0
3426,1,1,0.0
3426,1,2,0.0
3426,1,3,0.0
3426,1,4,0.0
3426,1,5,0.2
3426,1,6,0.2
3426,1,7,0.5
3426,2,1,0.3333333333333333
3426,2,2,0.0
3426,2,3,0.0
3426,2,4,0.5
3426,2,5,0.0
3426,2,6,0.0
3426,2,7,0.3333333333333333
3426,3,1,0.4
3426,3,2,0.25
3426,3,3,0.0
3426,3,4,0.0
3426,3,5,0.0
3426,3,6,0.0
3426,3,7,0.0
3426,4,1,0.25
3426,4,2,0.25
3426,4,3,0.0
3426,4,4,0.0
3426,4,5,0.0
3426,4,6,0.0
3426,4,7,0.0
3427,1,1,0.0
3427,1,2,0.0
3427,1,3,0.25
3427,1,4,0.0
3427,1,5,0.0
3427,1,6,0.0
3427,1,7,0.0
3427,2,1,0.0
3427,2,2,0.0
3427,2,3,0.0
3427,2,4,0.0
3427,2,5,0.0
3427,2,6,0.0
3427,2,7,0.0
3427,3,1,0.0
3427,3,2,0.25
3427,3,3,0.0
3427,3,4,0.0
3427,3,5,0.0
3427,3,6,0.0
3427,3,7,0.0
3427,4,1,0.25
3427,4,2,0.25
3427,4,3,0.2
3427,4,4,0.3333333333333333
3427,4,5,0.5
3427,4,6,0.0
3427,4,7,0.5
3428,1,1,0.0
3428,1,2,0.0
3428,1,3,0.0
3428,1,4,0.0
3428,1,5,0.0
3428,1,6,0.0
3428,1,7,0.0
3428,2,1,0.0
3428,2,2,0.0
3428,2,3,0.0
3428,2,4,0.0
3428,2,5,0.0
3428,2,6,0.0
3428,2,7,0.0
3428,3,1,0.0
3428,3,2,0.0
3428,3,3,0.5
3428,3,4,0.0
3428,3,5,0.0
3428,3,6,0.0
3428,3,7,0.0
3428,4,1,0.0
3428,4,2,0.0
3428,4,3,0.0
3428,4,4,0.0
3428,4,5,0.0
3428,4,6,0.0
3428,4,7,0.0
3429,1,1,0.0
3429,1,2,0.0
3429,1,3,0.0
3429,1,4,0.0
3429,1,5,0.0
3429,1,6,0.0
3429,1,7,0.0
3429,2,1,0.0
3429,2,2,0.0
3429,2,3,0.0
3429,2,4,0.0
3429,2,5,0.0
3429,2,6,0.0
3429,2,7,0.0
3429,3,1,0.0
3429,3,2,0.0
3429,3,3,0.5
3429,3,4,0.0
3429,3,5,0.0
3429,3,6,0.0
3429,3,7,0.0
3429,4,1,0.0
3429,4,2,0.0
3429,4,3,0.0
3429,4,4,0.0
3429,4,5,0.0
3429,4,6,0.0
3429,4,7,0.0
3431,1,1,0.75
3431,1,2,0.25
3431,1,3,0.25
3431,1,4,0.0
3431,1,5,0.0
3431,1,6,0.2
3431,1,7,0.25
3431,2,1,0.0
3431,2,2,1.0
3431,2,3,1.0
3431,2,4,0.0
3431,2,5,0.0
3431,2,6,0.0
3431,2,7,0.0
3431,3,1,0.8
3431,3,2,0.25
3431,3,3,0.0
3431,3,4,0.0
3431,3,5,0.0
3431,3,6,0.0
3431,3,7,0.0
3431,4,1,0.0
3431,4,2,0.5
3431,4,3,0.4
3431,4,4,0.0
3431,4,5,0.0
3431,4,6,0.25
3431,4,7,0.25
3432,1,1,0.0
3432,1,2,0.25
3432,1,3,0.0
3432,1,4,0.0
3432,1,5,0.2
3432,1,6,0.0
3432,1,7,0.0
3432,2,1,0.0
3432,2,2,0.0
3432,2,3,0.0
3432,2,4,0.0
3432,2,5,0.0
3432,2,6,0.0
3432,2,7,0.0
3432,3,1,0.0
3432,3,2,0.0
3432,3,3,0.0
3432,3,4,0.0
3432,3,5,0.0
3432,3,6,0.0
3432,3,7,0.0
3432,4,1,0.0
3432,4,2,0.25
3432,4,3,0.0
3432,4,4,0.0
3432,4,5,0.0
3432,4,6,0.0
3432,4,7,0.0
3436,1,1,0.0
3436,1,2,0.0
3436,1,3,0.0
3436,1,4,0.0
3436,1,5,0.0
3436,1,6,0.0
3436,1,7,0.25
3436,2,1,0.0
3436,2,2,0.0
3436,2,3,0.0
3436,2,4,0.0
3436,2,5,0.0
3436,2,6,0.0
3436,2,7,0.0
3436,3,1,0.0
3436,3,2,0.0
3436,3,3,0.0
3436,3,4,0.0
3436,3,5,0.0
3436,3,6,0.0
3436,3,7,0.0
3436,4,1,0.0
3436,4,2,0.0
3436,4,3,0.0
3436,4,4,0.0
3436,4,5,0.0
3436,4,6,0.0
3436,4,7,0.0
