id,custid,大类编码,大类名称,中类编码,中类名称,小类编码,小类名称,销售日期,销售月份,商品编码,规格型号,商品类型,单位,销售数量,销售金额,商品单价,是否促销
12301,95,20,粮油,2013,调味酱,201302,辣酱,20150201,201502,DW-2013020073,200g,一般商品,瓶,1,5.9,5.9,否
12302,106,13,熟食,1308,现制中式面点,130803,现制烙类,20150201,201502,DW-1308030035,个,生鲜,个,4,4,1,否
12303,174,20,粮油,2011,液体调料,201102,生抽酱油,20150201,201502,DW-2011020021,500ml,一般商品,瓶,1,6.9,7.9,否
12304,410,20,粮油,2009,盐/糖,200905,红糖,20150201,201502,DW-2009050008,400g,一般商品,袋,1,5.6,5.7,否
12305,410,22,休闲,2205,炒货,220513,香瓜子,20150201,201502,DW-2205130089,散装,一般商品,KG,0.312,4.3,13.8,否
12306,1135,12,蔬果,1201,蔬菜,120104,花果,20150201,201502,DW-1201040035,散称,生鲜,千克,0.308,4,9.6,否
12307,1728,20,粮油,2009,盐/糖,200902,功能盐,20150201,201502,DW-2009020012,400g,一般商品,袋,1,2.3,2.3,否
12308,2062,15,日配,1521,蛋类,152101,新鲜蛋品,20150201,201502,DW-1521010043,散称,一般商品,千克,0.294,3.82,8.5,否
12309,2228,15,日配,1512,冷冻汤圆,151206,无馅汤圆,20150201,201502,DW-1512060001,250g,一般商品,袋,1,5,4.9,否
12310,2308,22,休闲,2209,巧克力,220904,牛奶巧克力,20150201,201502,DW-2209040042,82g,一般商品,袋,1,12.5,16.5,是
12311,2391,12,蔬果,1203,水果,120307,蕉类,20150201,201502,DW-1203070022,散称,生鲜,KG,0.724,3.3,5.96,否
12312,2449,12,蔬果,1201,蔬菜,120103,芽菜,20150201,201502,DW-1201030001,散称,生鲜,千克,0.388,1,1.76,否
12313,3590,22,休闲,2206,即食熟制品,220607,豆干类,20150201,201502,DW-2206070241,散称,一般商品,kg,0.42,8.31,39.8,是
12314,3919,12,蔬果,1203,水果,120309,进口水果,20150201,201502,DW-1203090216,散称,生鲜,KG,0.508,13.5,15.9,否
12315,4417,12,蔬果,1201,蔬菜,120102,根茎,20150201,201502,DW-1201020037,散称,生鲜,千克,0.31,2.22,3.96,否
12316,4417,12,蔬果,1203,水果,120309,进口水果,20150201,201502,DW-1203090210,散称,生鲜,KG,1.866,21.98,17.6,否
12317,4477,30,洗化,3013,口腔卫生用品,301303,成人牙刷,20150201,201502,DW-3013030396,1016,一般商品,支,1,15.5,15.7,否
12318,4488,12,蔬果,1203,水果,120303,梨类,20150201,201502,DW-1203030177,散称,生鲜,KG,2.048,8.9,3.18,否
12319,4606,15,日配,1518,常温乳品,151805,利乐枕纯奶,20150201,201502,DW-1518050001,240ml,一般商品,袋,16,43.2,2.7,否
12320,4759,12,蔬果,1201,蔬菜,120102,根茎,20150201,201502,DW-1201020037,散称,生鲜,千克,0.532,3.81,3.96,否
12321,4759,20,粮油,2005,煮食面/粉,200501,挂面,20150201,201502,DW-2005010042,400g,一般商品,袋,1,4.2,5.7,否
12322,4759,34,针织,3406,童袜,340601,儿童袜,20150201,201502,DW-3406010425,1-4岁,一般商品,双,1,6,6,否
12323,5099,31,家居,3121,家事收纳,312102,整理箱,20150201,201502,DW-3121020138,X-6134,一般商品,只,1,69,69,否
12324,769,30,洗化,3008,洗护发用品,300802,润发护发,20150201,201502,DW-3008020459,270ml,一般商品,瓶,1,36.9,38.9,否
12325,1037,12,蔬果,1201,蔬菜,120104,花果,20150201,201502,DW-1201040035,散称,生鲜,千克,0.1,1.3,9.6,否
12326,1113,20,粮油,2009,盐/糖,200902,功能盐,20150201,201502,DW-2009020015,400g,一般商品,袋,1,2.8,2.8,否
12327,1116,22,休闲,2210,果冻,221003,杯装果冻,20150201,201502,DW-2210030027,200g,一般商品,杯,1,4.1,4.5,否
12328,1499,31,家居,3114,一次性用品,311405,一次性垃圾袋,20150201,201502,DW-3114050088,6198,一般商品,只,1,2.9,5,否
12329,1499,31,家居,3116,保鲜用品,311604,保鲜袋,20150201,201502,DW-3116040005,25CM*17CM*25,一般商品,卷,1,9,10,否
12330,1956,12,蔬果,1202,加工豆类,120201,豆腐,20150201,201502,DW-1202018267,块,生鲜,块,2,3,1.5,否
12331,1971,12,蔬果,1203,水果,120302,苹果类,20150201,201502,DW-1203020218,散称,生鲜,KG,0.476,8.83,10,否
12332,2012,22,休闲,2212,无糖食品,221202,无糖休闲食品,20150201,201502,DW-2212020297,500g,一般商品,包,1,25.9,25.9,否
12333,2062,12,蔬果,1201,蔬菜,120107,有机蔬菜,20150201,201502,DW-1201070001,散称,生鲜,KG,0.523,2.9,5,否
12334,2228,20,粮油,2007,南北干货,200706,红枣,20150201,201502,DW-2007060065,散称,一般商品,kg,0.234,8.8,37.8,否
12335,2229,12,蔬果,1202,加工豆类,120201,豆腐,20150201,201502,DW-1202018073,散称,生鲜,千克,0.452,1.79,2.96,否
12336,2308,22,休闲,2203,膨化点心,220302,袋装薯片,20150201,201502,DW-2203020184,104g,一般商品,罐,1,7.5,7.5,否
12337,2449,12,蔬果,1205,其它加工,120501,咸菜干货,20150201,201502,DW-1205010017,散称,生鲜,kg,0.406,1.04,2,否
12338,2606,12,蔬果,1205,其它加工,120501,咸菜干货,20150201,201502,DW-1205010005,散称,生鲜,kg,0.401,2.23,2,否
12339,2925,20,粮油,2002,袋装速食面组,200201,牛肉口味,20150201,201502,DW-2002010021,114g*5,一般商品,包,1,7.5,7.5,否
12340,3511,20,粮油,2006,五谷杂粮,200608,杂粮粉,20150201,201502,DW-2006080038,700g,一般商品,袋,1,7.5,4.3,否
12341,3590,31,家居,3104,水壶,310499,其他水壶,20150201,201502,DW-3104990004,1.8L,一般商品,只,1,159,129,否
12342,3669,30,洗化,3009,剃须护理用品,300901,剃须刀片,20150201,201502,DW-3009010043,4个刀头,一般商品,支,1,38.9,38.9,否
12343,4427,22,休闲,2202,糕点,220208,散称糕点,20150201,201502,DW-2202080030, ,一般商品,KG,0.188,2.91,15.6,否
12344,4620,10,肉禽,1001,猪肉,100101,鲜猪肉,20150201,201502,DW-1001010196,散称,生鲜,千克,0.948,22.53,27.8,否
12345,4620,22,休闲,2203,膨化点心,220304,薯条,20150201,201502,DW-2203040016,45g,一般商品,袋,1,2.8,3.3,否
12346,4620,31,家居,3115,香/烛,311599,其他香、蜡烛,20150201,201502,DW-3115990053,HB12101,一般商品,个,1,9.9,16,是
12347,4998,20,粮油,2009,盐/糖,200902,功能盐,20150201,201502,DW-2009020015,400g,一般商品,袋,1,2.8,2.8,否
12348,46,15,日配,1521,蛋类,152101,新鲜蛋品,20150201,201502,DW-1521010005,散称,一般商品,千克,0.788,7.05,6.78,否
12349,410,20,粮油,2008,调味料,200809,淀/酵/碱粉,20150201,201502,DW-2008090015,15g,一般商品,袋,1,1.2,1.3,否
12350,1037,15,日配,1505,冷藏乳品,150504,冷藏乳酸菌,20150201,201502,DW-1505040017,100ml*5,一般商品,组,1,8,11.5,是
12351,1057,31,家居,3126,粘合用品,312603,家居保护垫,20150201,201502,DW-3126030029,JY5497,一般商品,个,1,5,5,否
12352,1113,15,日配,1505,冷藏乳品,150501,冷藏原味酸乳,20150201,201502,DW-1505010115,330ml,一般商品,瓶,1,4.5,6,是
12353,1338,20,粮油,2014,酱菜类,201401,榨菜,20150201,201502,DW-2014010018,60g,一般商品,袋,1,0.5,0.5,否
12354,1406,12,蔬果,1201,蔬菜,120104,花果,20150201,201502,DW-1201040049,散称,生鲜,千克,0.43,3.13,5.8,否
12355,1406,30,洗化,3002,浴厕厨清洁剂,300202,洁厕剂,20150201,201502,DW-3002020103,50g,一般商品,卡,1,1.9,2.7,是
12356,1406,30,洗化,3013,口腔卫生用品,301301,成人牙膏,20150201,201502,DW-3013010638,180g,一般商品,支,1,15.9,15.9,否
12357,53,12,蔬果,1202,加工豆类,120201,豆腐,20150201,201502,DW-1202018267,块,生鲜,块,2,3,1.5,否
12358,106,20,粮油,2013,调味酱,201306,甜面/豆瓣酱,20150201,201502,DW-2013060015,180g,一般商品,袋,1,2,2,否
12359,1499,20,粮油,2009,盐/糖,200903,绵白糖,20150201,201502,DW-2009030002,散称,一般商品,kg,1,6,6.8,否
12360,1673,31,家居,3116,保鲜用品,311604,保鲜袋,20150201,201502,DW-3116040003,35CM*25CM*15,一般商品,卷,1,9,10,否
12361,174,20,粮油,2014,酱菜类,201401,榨菜,20150201,201502,DW-2014010010,60g,一般商品,袋,1,0.5,0.5,否
12362,2012,12,蔬果,1201,蔬菜,120101,叶菜,20150201,201502,DW-1201010004,散称,生鲜,千克,0.171,0.97,5.6,否
12363,2050,13,熟食,1301,凉拌熟食,130101,凉拌素食,20150201,201502,DW-1301010076,散称,联营商品,kg,0.001,5,20,否
12364,2325,12,蔬果,1201,蔬菜,120102,根茎,20150201,201502,DW-1201020029,散称,生鲜,千克,0.77,3.52,3.96,否
12365,49,22,休闲,2201,饼干,220111,趣味/休闲,20150201,201502,DW-2201110013,25g,一般商品,杯,1,3.3,3.3,否
12366,106,20,粮油,2013,调味酱,201306,甜面/豆瓣酱,20150201,201502,DW-2013060012,400g,一般商品,袋,1,3.5,3.7,否
12367,2449,12,蔬果,1201,蔬菜,120107,有机蔬菜,20150201,201502,DW-1201070001,散称,生鲜,KG,0.48,2.65,5,否
12368,2606,34,针织,3402,女内衣裤,340201,盒装女内裤,20150201,201502,DW-3402010076,M-XXL,一般商品,盒,1,30,30,否
12369,1135,22,休闲,2207,糖果,220703,软糖,20150201,201502,DW-2207030107,150g,一般商品,瓶,1,12.9,12.9,否
12370,1406,30,洗化,3011,保养用品,301102,洁面乳,20150201,201502,DW-3011020646,100g,一般商品,支,1,21.9,22.9,否
12371,106,20,粮油,2007,南北干货,200703,菇类,20150201,201502,DW-2007030061,150g,一般商品,袋,1,19.5,12.9,否
12372,541,15,日配,1521,蛋类,152101,新鲜蛋品,20150201,201502,DW-1521010005,散称,一般商品,千克,0.95,8.53,6.78,否
12373,541,20,粮油,2007,南北干货,200706,红枣,20150201,201502,DW-2007060065,散称,一般商品,kg,0.348,13.15,37.8,否
12374,1966,13,熟食,1308,现制中式面点,130803,现制烙类,20150201,201502,DW-1308030035,个,生鲜,个,2,2,1,否
12375,2012,22,休闲,2202,糕点,220205,中式糕点,20150201,201502,DW-2202050038,330g,一般商品,袋,1,8.9,9.3,否
12376,95,15,日配,1503,冷藏料理,150305,冷藏面食类,20150201,201502,DW-1503050032,330g,一般商品,袋,1,4.7,5.7,否
12377,106,12,蔬果,1202,加工豆类,120201,豆腐,20150201,201502,DW-1202018267,块,生鲜,块,2,3,1.5,否
12378,174,15,日配,1512,冷冻汤圆,151299,其它汤圆,20150201,201502,DW-1512990001,500g,一般商品,袋,1,7.9,8.3,否
12379,2308,15,日配,1517,常温肉制品,151701,猪肉火腿肠,20150201,201502,DW-1517010003,60g*10,一般商品,袋,1,13.9,16.3,是
12380,1057,15,日配,1519,外送面包糕点,151902,外送甜面包,20150201,201502,DW-1519020024,散称,一般商品,千克,0.428,7.27,17.8,否
12381,1116,22,休闲,2207,糖果,220703,软糖,20150201,201502,DW-2207030041,33g,一般商品,支,1,2,2,否
12382,1116,22,休闲,2210,果冻,221003,杯装果冻,20150201,201502,DW-2210030018,178g,一般商品,只,1,3.9,3.9,否
12383,272,12,蔬果,1202,加工豆类,120201,豆腐,20150201,201502,DW-1202018073,散称,生鲜,千克,0.648,2.5,2.96,否
12384,410,22,休闲,2205,炒货,220502,带壳花生,20150201,201502,DW-2205020048,散称,一般商品,kg,0.28,3.3,11.8,否
12385,541,12,蔬果,1201,蔬菜,120104,花果,20150201,201502,DW-1201040053,散称,生鲜,千克,0.744,7.42,12,否
12386,1113,23,酒饮,2306,运动机能饮料,230601,咖啡饮料,20150201,201502,DW-2306010022,268ml,一般商品,瓶,1,4.8,6,否
12387,1406,22,休闲,2202,糕点,220206,煎饼,20150201,201502,DW-2202060001,100g,一般商品,袋,1,6.8,7.3,否
12388,3511,20,粮油,2006,五谷杂粮,200607,杂粮,20150201,201502,DW-2006070025,散称,一般商品,千克,1.308,7.03,6.98,是
12389,541,15,日配,1521,蛋类,152101,新鲜蛋品,20150201,201502,DW-1521010074,18枚,生鲜,提,1,19.9,19.9,否
12390,4036,22,休闲,2204,蜜饯,220403,梅,20150201,201502,DW-2204030375,散称,一般商品,kg,0.28,14.5,47.8,否
12391,1499,12,蔬果,1201,蔬菜,120102,根茎,20150201,201502,DW-1201020037,散称,生鲜,千克,0.26,1.86,3.96,否
12392,1499,12,蔬果,1201,蔬菜,120104,花果,20150201,201502,DW-1201040035,散称,生鲜,千克,0.298,3.92,9.6,否
12393,1728,20,粮油,2008,调味料,200803,鸡精,20150201,201502,DW-2008030025,200g,一般商品,袋,1,6.5,7.3,否
12394,1728,23,酒饮,2301,碳酸饮料,230101,可乐型,20150201,201502,DW-2301010017,600ml,一般商品,瓶,1,2.8,2.8,否
12395,1113,33,文体,3321,学生用品,332103,橡皮,20150201,201502,DW-3321030111,12012,一般商品,袋,1,2,1.7,否
12396,1135,22,休闲,2207,糖果,220799,其他糖果,20150201,201502,DW-2207990065,5.5g,一般商品,袋,1,1,1,否
12397,1956,12,蔬果,1201,蔬菜,120103,芽菜,20150201,201502,DW-1201030018,散称,生鲜,kg,0.558,2.23,1.48,否
12398,1966,12,蔬果,1201,蔬菜,120102,根茎,20150201,201502,DW-1201020018,散称,生鲜,千克,0.36,2.15,5.56,否
12399,2050,22,休闲,2203,膨化点心,220302,袋装薯片,20150201,201502,DW-2203020164,104g,一般商品,盒,1,7.8,8.5,否
12400,2062,20,粮油,2009,盐/糖,200903,绵白糖,20150201,201502,DW-2009030002,散称,一般商品,kg,1,6,6.8,否
12401,2228,20,粮油,2007,南北干货,200702,银耳,20150201,201502,DW-2007020012,散称,一般商品,kg,0.132,12.5,99,否
12402,4488,22,休闲,2205,炒货,220513,香瓜子,20150201,201502,DW-2205130089,散装,一般商品,KG,0.3,4.14,13.8,否
12403,3006,20,粮油,2006,五谷杂粮,200604,糯米粉,20150201,201502,DW-2006040002,1000g,一般商品,袋,1,7.9,7.9,否
12404,2229,12,蔬果,1201,蔬菜,120103,芽菜,20150201,201502,DW-1201030002,散称,生鲜,千克,0.288,0.85,2.78,否
12405,1673,22,休闲,2205,炒货,220515,南瓜子,20150201,201502,DW-2205150038,128g,一般商品,袋,1,5.9,5.9,否
12406,106,22,休闲,2206,即食熟制品,220605,鱼类,20150201,201502,DW-2206050160,散称,一般商品,kg,0.106,10.34,97.6,否
12407,2606,15,日配,1521,蛋类,152101,新鲜蛋品,20150201,201502,DW-1521010043,散称,一般商品,千克,0.432,5.61,8.5,否
12408,2703,12,蔬果,1203,水果,120301,柑桔柚类,20150201,201502,DW-1203010218,散称,生鲜,KG,2.248,16.59,7.96,否
12409,4759,20,粮油,2006,五谷杂粮,200606,豆,20150201,201502,DW-2006060040,1000g,一般商品,袋,1,14.5,11,否
12410,4759,34,针织,3408,男袜,340802,男绅士袜,20150201,201502,DW-3408021327,26-28CM,一般商品,双,1,14.5,14.5,否
12411,2925,30,洗化,3016,纸制品,301603,无芯纸,20150201,201502,DW-3016030118,200抽,一般商品,提,1,18.9,24.9,是
12412,2925,30,洗化,3016,纸制品,301606,手帕纸,20150201,201502,DW-3016060004,10包,一般商品,条,1,4.5,5.9,是
12413,3511,20,粮油,2005,煮食面/粉,200599,其他煮食面/粉,20150201,201502,DW-2005990031,散称,一般商品,kg,-0.552,-5.96,10.8,否
12414,3511,20,粮油,2005,煮食面/粉,200599,其他煮食面/粉,20150201,201502,DW-2005990031,散称,一般商品,kg,0.552,5.96,10.8,否
12415,3511,30,洗化,3018,卫生巾,301804,卫生护垫,20150201,201502,DW-3018040046,20P,一般商品,包,1,2.9,4.7,是
12416,2012,22,休闲,2204,蜜饯,220406,地瓜,20150201,201502,DW-2204060013,散称,一般商品,KG,0.37,7.32,19.8,否
12417,2229,12,蔬果,1201,蔬菜,120101,叶菜,20150201,201502,DW-1201010395,散称,生鲜,Kg,0.508,3.64,6,否
12418,5036,30,洗化,3008,洗护发用品,300801,洗发水,20150201,201502,DW-3008011356,200g,一般商品,瓶,1,12.9,12.9,否
12419,2606,12,蔬果,1201,蔬菜,120101,叶菜,20150201,201502,DW-1201010004,散称,生鲜,千克,0.287,1.6,5.6,否
12420,2606,15,日配,1521,蛋类,152104,咸蛋,20150201,201502,DW-1521040022,8枚,一般商品,盒,1,17.9,17.9,否
12421,2325,12,蔬果,1201,蔬菜,120104,花果,20150201,201502,DW-1201040043,散称,生鲜,千克,0.112,1.17,9,否
12422,2449,12,蔬果,1201,蔬菜,120101,叶菜,20150201,201502,DW-1201010020, ,生鲜,包,1,2.6,4.98,否
12423,2449,12,蔬果,1201,蔬菜,120104,花果,20150201,201502,DW-1201040035,散称,生鲜,千克,0.112,1.47,9.6,否
12424,3511,20,粮油,2006,五谷杂粮,200607,杂粮,20150201,201502,DW-2006070025,散称,一般商品,千克,1.364,7.33,6.98,是
12425,2847,30,洗化,3018,卫生巾,301801,日用卫生巾,20150201,201502,DW-3018010145,10片,一般商品,包,1,8.9,8.9,否
12426,1116,22,休闲,2210,果冻,221003,杯装果冻,20150201,201502,DW-2210030005,200g,一般商品,杯,1,3.6,3.6,否
12427,3511,20,粮油,2006,五谷杂粮,200607,杂粮,20150201,201502,DW-2006070025,散称,一般商品,千克,1.474,7.93,6.98,是
12428,3569,15,日配,1521,蛋类,152101,新鲜蛋品,20150201,201502,DW-1521010050,45枚,一般商品,只,1,89,89,否
12429,3569,15,日配,1518,常温乳品,151803,利乐砖营养奶,20150201,201502,DW-1518030028,250ml,一般商品,盒,12,52.8,4.4,否
12430,2890,22,休闲,2202,糕点,220201,派,20150201,201502,DW-2202010035,30g*10,一般商品,袋,1,7.5,7.7,否
12431,2890,22,休闲,2203,膨化点心,220301,米制点心,20150201,201502,DW-2203010039,105g,一般商品,袋,1,7.8,8.5,否
12432,3006,20,粮油,2006,五谷杂粮,200602,袋装白米,20150201,201502,DW-2006020028,5Kg,一般商品,袋,1,33.5,35.9,否
12433,4215,30,洗化,3008,洗护发用品,300801,洗发水,20150201,201502,DW-3008010168,400ml,一般商品,瓶,1,33.9,32.9,否
12434,4327,15,日配,1510,冷冻水饺,151003,菜肉水饺,20150201,201502,DW-1510030036,720g,一般商品,袋,1,19.9,31.7,是
12435,4327,22,休闲,2201,饼干,220106,钙奶,20150201,201502,DW-2201060006,225g,一般商品,袋,1,3.7,3.7,否
12436,1338,12,蔬果,1203,水果,120309,进口水果,20150201,201502,DW-1203090216,散称,生鲜,KG,0.602,16,15.9,否
12437,1406,30,洗化,3018,卫生巾,301804,卫生护垫,20150201,201502,DW-3018040184,8P,一般商品,包,1,5.5,5.7,否
12438,1499,20,粮油,2011,液体调料,201102,生抽酱油,20150201,201502,DW-2011020021,500ml,一般商品,瓶,1,6.9,7.9,否
12439,4215,22,休闲,2205,炒货,220503,去壳花生,20150201,201502,DW-2205030101,350g,一般商品,袋,1,6.8,6.8,否
12440,4606,12,蔬果,1203,水果,120313,其它水果,20150201,201502,DW-1203130444,散称,生鲜,KG,0.454,9.98,10,否
12441,1626,22,休闲,2205,炒货,220502,带壳花生,20150201,201502,DW-2205020048,散称,一般商品,kg,0.298,3.5,11.8,否
12442,1673,22,休闲,2205,炒货,220514,西瓜子,20150201,201502,DW-2205140046,308g,一般商品,袋,1,11.8,11.8,否
12443,1673,22,休闲,2209,巧克力,220904,牛奶巧克力,20150201,201502,DW-2209040042,82g,一般商品,袋,1,12.5,16.5,是
12444,1673,22,休闲,2209,巧克力,220906,果仁巧克力,20150201,201502,DW-2209060019,82g,一般商品,个,1,12.5,17,是
12445,3511,20,粮油,2007,南北干货,200701,木耳,20150201,201502,DW-2007010021,散称,一般商品,kg,0.066,3.81,89.8,是
12446,4327,22,休闲,2201,饼干,220106,钙奶,20150201,201502,DW-2201060004,240g,一般商品,袋,1,3.9,3.9,否
12447,4417,10,肉禽,1001,猪肉,100101,鲜猪肉,20150201,201502,DW-1001010195,散称,生鲜,千克,0.25,7.45,27.8,否
12448,5036,30,洗化,3008,洗护发用品,300802,润发护发,20150201,201502,DW-3008020409,450ml,一般商品,瓶,1,6.9,6.9,否
12449,1966,12,蔬果,1201,蔬菜,120102,根茎,20150201,201502,DW-1201020025,散称,生鲜,千克,0.57,1.7,2.56,否
12450,1966,12,蔬果,1201,蔬菜,120102,根茎,20150201,201502,DW-1201020029,散称,生鲜,千克,0.41,1.87,3.96,否
12451,1971,13,熟食,1308,现制中式面点,130803,现制烙类,20150201,201502,DW-1308030035,个,生鲜,个,2,2,1,否
12452,4036,22,休闲,2202,糕点,220202,蛋糕,20150201,201502,DW-2202020177,散称,一般商品,KG,0.44,22.7,51.6,否
12453,4036,22,休闲,2202,糕点,220205,中式糕点,20150201,201502,DW-2202050126,散称,一般商品,kg,0.656,25.97,39.6,否
12454,4620,12,蔬果,1203,水果,120301,柑桔柚类,20150201,201502,DW-1203010204,散称,生鲜,KG,0.912,4.17,3.98,否
12455,4620,20,粮油,2011,液体调料,201107,滴醋,20150201,201502,DW-2011070010,480mL,一般商品,瓶,1,3.8,3.8,否
12456,4620,22,休闲,2202,糕点,220208,散称糕点,20150201,201502,DW-2202080026,散称,一般商品,KG,0.162,3.7,33.8,是
12457,4707,12,蔬果,1203,水果,120307,蕉类,20150201,201502,DW-1203070022,散称,生鲜,KG,0.542,2.48,5.96,否
12458,4417,12,蔬果,1201,蔬菜,120102,根茎,20150201,201502,DW-1201020029,散称,生鲜,千克,0.607,2.78,3.96,否
12459,4488,15,日配,1505,冷藏乳品,150505,冷藏营养酸乳,20150201,201502,DW-1505050003,100g*8,一般商品,袋,1,9.9,9.9,否
12460,4759,12,蔬果,1201,蔬菜,120102,根茎,20150201,201502,DW-1201020029,散称,生鲜,千克,0.631,2.89,3.96,否
12461,4759,34,针织,3408,男袜,340899,其他男袜,20150201,201502,DW-3408990037,24-28,一般商品,双,1,3.5,8.9,是
12462,4759,31,家居,3122,地垫类,312205,马桶垫,20150201,201502,DW-3122050064,70,一般商品,只,1,6.9,8,是
12463,5099,31,家居,3112,厨房整理,311204,塑料盆,20150201,201502,DW-3112040146,30655,一般商品,只,1,30,30,否
12464,5084,30,洗化,3007,洗浴用品,300701,香皂,20150201,201502,DW-3007010189,115g,一般商品,块,1,4.3,4.9,否
12465,2925,30,洗化,3006,洗衣用品,300604,洗衣皂,20150201,201502,DW-3006040111,242g*2,一般商品,组,1,9.9,9.9,否
12466,4707,12,蔬果,1203,水果,120302,苹果类,20150201,201502,DW-1203020172,散称,生鲜,KG,0.944,9.98,11.98,否
12467,4215,30,洗化,3006,洗衣用品,300602,洗衣液,20150201,201502,DW-3006020193,1kg,一般商品,袋,1,9.9,9.9,否
12468,4215,30,洗化,3010,婴幼儿用品,301004,婴幼儿护肤用品,20150201,201502,DW-3010040031,25g,一般商品,袋,1,1.8,1.5,否
12469,4427,12,蔬果,1203,水果,120307,蕉类,20150201,201502,DW-1203070022,散称,生鲜,KG,0.98,4.48,5.96,否
12470,4707,12,蔬果,1203,水果,120313,其它水果,20150201,201502,DW-1203130446,散称,生鲜,KG,0.584,9.04,30,否
12471,46,15,日配,1517,常温肉制品,151799,其它火腿肠,20150201,201502,DW-1517990018,38g*10,一般商品,袋,1,11.9,14.9,是
12472,106,20,粮油,2013,调味酱,201302,辣酱,20150201,201502,DW-2013020105,280g,一般商品,瓶,1,6.8,7.9,否
12473,175,15,日配,1521,蛋类,152101,新鲜蛋品,20150201,201502,DW-1521010036,6枚,一般商品,盒,1,7.9,8.9,否
12474,541,12,蔬果,1201,蔬菜,120102,根茎,20150201,201502,DW-1201020010,散称,生鲜,千克,0.529,1.2,3.8,否
12475,1057,22,休闲,2203,膨化点心,220301,米制点心,20150201,201502,DW-2203010018,520g,一般商品,袋,1,19.9,19.9,否
12476,1406,10,肉禽,1002,牛肉,100202,熟牛肉,20150201,201502,DW-1002020061,散称,生鲜,千克,0.196,19.6,80,否
12477,1499,12,蔬果,1201,蔬菜,120107,有机蔬菜,20150201,201502,DW-1201070001,散称,生鲜,KG,0.385,2.15,5,否
12478,1499,20,粮油,2010,食用油,201002,调和油,20150201,201502,DW-2010020060,5L,一般商品,桶,1,131.9,131.9,否
12479,1728,22,休闲,2209,巧克力,220906,果仁巧克力,20150201,201502,DW-2209060042,243g,一般商品,碗,1,28.3,39.8,是
12480,1956,12,蔬果,1205,其它加工,120501,咸菜干货,20150201,201502,DW-1205010021,散称,生鲜,kg,1.008,4.8,2,否
12481,1971,12,蔬果,1201,蔬菜,120109,其它蔬菜,20150201,201502,DW-1201090311, ,生鲜,个,4,2,2,否
12482,2050,22,休闲,2206,即食熟制品,220606,海苔,20150201,201502,DW-2206060013,12g,一般商品,袋,1,10.9,10.9,否
12483,2062,15,日配,1518,常温乳品,151801,利乐砖纯奶,20150201,201502,DW-1518010040,190ml,一般商品,盒,10,60,6,否
12484,2391,12,蔬果,1203,水果,120301,柑桔柚类,20150201,201502,DW-1203010221,散称,生鲜,KG,0.497,3.8,15.98,否
12485,2606,12,蔬果,1201,蔬菜,120101,叶菜,20150201,201502,DW-1201010020, ,生鲜,包,2,5.2,4.98,否
12486,2890,12,蔬果,1203,水果,120309,进口水果,20150201,201502,DW-1203090210,散称,生鲜,KG,0.544,6.4,17.6,否
12487,3006,12,蔬果,1203,水果,120303,梨类,20150201,201502,DW-1203030177,散称,生鲜,KG,1.176,5.1,3.18,否
12488,3006,31,家居,3110,料理切具,311008,筷子,20150201,201502,DW-3110080128,10双装,一般商品,双,1,13,13,否
12489,3590,31,家居,3104,水壶,310499,其他水壶,20150201,201502,DW-3104990004,1.8L,一般商品,只,-1,-159,129,否
12490,3919,15,日配,1517,常温肉制品,151701,猪肉火腿肠,20150201,201502,DW-1517010003,60g*10,一般商品,袋,1,13.9,16.3,是
12491,4427,12,蔬果,1203,水果,120301,柑桔柚类,20150201,201502,DW-1203010204,散称,生鲜,KG,1.704,7.8,3.98,否
12492,4477,30,洗化,3015,计生用品,301501,安全套,20150201,201502,DW-3015010035,10片,一般商品,盒,1,24.8,27,否
12493,4606,12,蔬果,1203,水果,120305,瓜类,20150201,201502,DW-1203050050,散称,生鲜,KG,0.576,5.72,19.8,否
12494,4759,33,文体,3319,笔类,331903,中性笔,20150201,201502,DW-3319030070,150,一般商品,袋,1,3,3,否
12495,4759,34,针织,3408,男袜,340802,男绅士袜,20150201,201502,DW-3408021356,26-28CM,一般商品,双,1,7.5,7.5,否
12496,4998,12,蔬果,1201,蔬菜,120105,鲜调味,20150201,201502,DW-1201050255,散称,生鲜,千克,0.158,1,9.6,否
12497,49,22,休闲,2201,饼干,220111,趣味/休闲,20150201,201502,DW-2201110020,25g,一般商品,杯,1,3.3,3.3,否
12498,53,11,水产,1101,冰鲜水产,110107,贝蛤类,20150201,201502,DW-1101070017,散称,生鲜,kg,0.576,16,30,否
12499,541,30,洗化,3008,洗护发用品,300801,洗发水,20150201,201502,DW-3008010785,750ml,一般商品,瓶,1,46.9,79.9,是
12500,547,20,粮油,2010,食用油,201003,花生油,20150201,201502,DW-2010030004,5L,一般商品,瓶,1,138,145,否
12501,738,12,蔬果,1203,水果,120303,梨类,20150201,201502,DW-1203030177,散称,生鲜,KG,3.136,13.7,3.18,否
12502,1057,30,洗化,3016,纸制品,301603,无芯纸,20150201,201502,DW-3016030007,10卷,一般商品,提,1,11.9,14.5,是
12503,1499,13,熟食,1308,现制中式面点,130801,现制蒸类,20150201,201502,DW-1308010192,个,生鲜,个,4,2,0.5,否
12504,1956,12,蔬果,1205,其它加工,120501,咸菜干货,20150201,201502,DW-1205010021,散称,生鲜,kg,0.584,2.79,2,否
12505,2062,12,蔬果,1201,蔬菜,120104,花果,20150201,201502,DW-1201040004,散称,生鲜,千克,0.384,3.97,5.8,否
12506,2235,12,蔬果,1203,水果,120302,苹果类,20150201,201502,DW-1203020172,散称,生鲜,KG,1.936,20.4,11.98,否
12507,2325,12,蔬果,1201,蔬菜,120104,花果,20150201,201502,DW-1201040042,散称,生鲜,千克,0.334,3.26,7.8,否
12508,2391,12,蔬果,1201,蔬菜,120103,芽菜,20150201,201502,DW-1201030001,散称,生鲜,千克,0.314,0.81,1.76,否
12509,2449,20,粮油,2002,袋装速食面组,200201,牛肉口味,20150201,201502,DW-2002010015,100g*5,一般商品,组,1,11.6,14.7,否
12510,2449,21,冲调,2105,冲调食品,210504,藕/葛藤粉,20150201,201502,DW-2105040015,500g,一般商品,袋,1,32,36.5,是
12511,3590,11,水产,1103,干货水产,110301,干货鱼类,20150201,201502,DW-1103010066,散称,生鲜,千克,0.44,13.64,30,否
12512,3590,22,休闲,2202,糕点,220205,中式糕点,20150201,201502,DW-2202050139,散称,一般商品,KG,0.36,7.05,19.6,否
12513,3590,31,家居,3117,厨房清洁,311703,刷刷块,20150201,201502,DW-3117030008,1*1,一般商品,袋,1,3,3,否
12514,4000,15,日配,1521,蛋类,152101,新鲜蛋品,20150201,201502,DW-1521010005,散称,一般商品,千克,0.924,8.29,6.78,否
12515,4477,30,洗化,3016,纸制品,301603,无芯纸,20150201,201502,DW-3016030026, ,一般商品,提,1,16.5,16.5,否
12516,5036,30,洗化,3016,纸制品,301607,盒装面纸,20150201,201502,DW-3016070059,200抽*3,一般商品,提,1,9.9,14.7,是
12517,53,20,粮油,2009,盐/糖,200902,功能盐,20150201,201502,DW-2009020012,400g,一般商品,袋,1,2.3,2.3,否
12518,106,12,蔬果,1201,蔬菜,120101,叶菜,20150201,201502,DW-1201010021,散称,生鲜,千克,0.38,2.5,6.56,否
12519,1116,20,粮油,2006,五谷杂粮,200602,袋装白米,20150201,201502,DW-2006020022,5kg,一般商品,袋,1,34.9,39.7,否
12520,1116,22,休闲,2203,膨化点心,220302,袋装薯片,20150201,201502,DW-2203020019,40g,一般商品,袋,1,3.3,3.5,否
12521,1116,22,休闲,2205,炒货,220512,豆类,20150201,201502,DW-2205120042,110g,一般商品,袋,1,3.9,3.9,否
12522,1116,22,休闲,2210,果冻,221001,果冻/布丁,20150201,201502,DW-2210010004,120g,一般商品,杯,1,1.9,1.9,否
12523,1116,23,酒饮,2302,纯果汁,230202,纯桃汁,20150201,201502,DW-2302020001,1L,一般商品,盒,1,13.8,11.9,否
12524,410,20,粮油,2007,南北干货,200705,桂圆,20150201,201502,DW-2007050037,散称,一般商品,kg,0.208,4.1,19.8,否
12525,53,12,蔬果,1201,蔬菜,120102,根茎,20150201,201502,DW-1201020011,散称,生鲜,千克,0.556,6.5,16,否
12526,1250,23,酒饮,2303,果汁饮料,230304,植物蛋白饮料,20150201,201502,DW-2303040002,1L,一般商品,盒,6,63,12.7,是
12527,1406,23,酒饮,2303,果汁饮料,230304,植物蛋白饮料,20150201,201502,DW-2303040015,245ml,一般商品,盒,6,17.4,2.9,否
12528,547,30,洗化,3013,口腔卫生用品,301301,成人牙膏,20150201,201502,DW-3013010183,190g,一般商品,盒,1,14.9,14.9,否
12529,1338,20,粮油,2014,酱菜类,201401,榨菜,20150201,201502,DW-2014010057,175g,一般商品,袋,1,3.9,3.9,否
12530,1113,33,文体,3321,学生用品,332102,修正液/带,20150201,201502,DW-3321020067,8103,一般商品,卡,1,4.5,4.7,否
12531,1135,12,蔬果,1201,蔬菜,120101,叶菜,20150201,201502,DW-1201010020, ,生鲜,包,1,2.6,4.98,否
12532,1135,12,蔬果,1201,蔬菜,120105,鲜调味,20150201,201502,DW-1201050255,散称,生鲜,千克,0.24,1.5,9.6,否
12533,1499,12,蔬果,1201,蔬菜,120102,根茎,20150201,201502,DW-1201020043,散称,生鲜,千克,0.304,0.9,1.8,否
12534,2012,20,粮油,2014,酱菜类,201401,榨菜,20150201,201502,DW-2014010010,60g,一般商品,袋,2,1,0.5,否
12535,2062,22,休闲,2205,炒货,220502,带壳花生,20150201,201502,DW-2205020048,散称,一般商品,kg,0.544,6.41,11.8,否
12536,2325,12,蔬果,1201,蔬菜,120104,花果,20150201,201502,DW-1201040035,散称,生鲜,千克,0.296,3.9,9.6,否
12537,1956,11,水产,1101,冰鲜水产,110107,贝蛤类,20150201,201502,DW-1101070017,散称,生鲜,kg,0.504,14.01,30,否
12538,1966,12,蔬果,1201,蔬菜,120109,其它蔬菜,20150201,201502,DW-1201090311, ,生鲜,个,4,2,2,否
12539,2606,15,日配,1521,蛋类,152101,新鲜蛋品,20150201,201502,DW-1521010005,散称,一般商品,千克,2.298,20.63,6.78,否
12540,2706,15,日配,1518,常温乳品,151805,利乐枕纯奶,20150201,201502,DW-1518050007,240ml,一般商品,袋,16,33.9,2.7,是
12541,2890,12,蔬果,1201,蔬菜,120101,叶菜,20150201,201502,DW-1201010018,散称,生鲜,千克,0.358,3,12,否
12542,2890,30,洗化,3016,纸制品,301608,软抽纸巾,20150201,201502,DW-3016080270,400张*6,一般商品,提,1,9.9,13.9,是
12543,2925,30,洗化,3006,洗衣用品,300601,洗衣粉,20150201,201502,DW-3006010007,500g,一般商品,袋,1,5.5,5.7,否
12544,2325,12,蔬果,1203,水果,120303,梨类,20150201,201502,DW-1203030155,散称,生鲜,KG,1.628,8.75,11.98,否
12545,2050,22,休闲,2207,糖果,220701,硬糖,20150201,201502,DW-2207010136,120g,一般商品,袋,1,6.9,6.9,否
12546,2062,15,日配,1505,冷藏乳品,150503,冷藏果粒酸乳,20150201,201502,DW-1505030006,250g,一般商品,盒,1,6.9,6.9,否
12547,46,12,蔬果,1203,水果,120313,其它水果,20150201,201502,DW-1203130445,计量,生鲜,根,1,12,7,否
12548,49,12,蔬果,1202,加工豆类,120201,豆腐,20150201,201502,DW-1202018073,散称,生鲜,千克,0.535,2.1,2.96,否
12549,95,20,粮油,2006,五谷杂粮,200607,杂粮,20150201,201502,DW-2006070164,1000g,一般商品,袋,1,10.5,8,否
12550,106,22,休闲,2202,糕点,220205,中式糕点,20150201,201502,DW-2202050162,散称,一般商品,KG,0.31,6.66,21.6,否
12551,175,15,日配,1521,蛋类,152101,新鲜蛋品,20150201,201502,DW-1521010005,散称,一般商品,千克,0.966,8.67,6.78,否
12552,272,20,粮油,2002,袋装速食面组,200201,牛肉口味,20150201,201502,DW-2002010015,100g*5,一般商品,组,1,11.6,14.7,否
12553,272,20,粮油,2002,袋装速食面组,200202,猪肉口味,20150201,201502,DW-2002020021,82.7g,一般商品,包,1,12.5,14.7,否
12554,410,20,粮油,2009,盐/糖,200906,冰糖,20150201,201502,DW-2009060004,258g,一般商品,袋,1,5.9,5.9,否
12555,2308,22,休闲,2203,膨化点心,220302,袋装薯片,20150201,201502,DW-2203020165,104g,一般商品,盒,1,7.5,8.5,否
12556,2449,12,蔬果,1201,蔬菜,120101,叶菜,20150201,201502,DW-1201010018,散称,生鲜,千克,0.364,3,12,否
12557,2606,12,蔬果,1201,蔬菜,120106,菌菇类,20150201,201502,DW-1201060003,散称,生鲜,千克,0.484,4.05,6.56,否
12558,2606,22,休闲,2205,炒货,220513,香瓜子,20150201,201502,DW-2205130006,260g,一般商品,袋,1,8.7,8.7,否
12559,547,30,洗化,3013,口腔卫生用品,301301,成人牙膏,20150201,201502,DW-3013010621,150g,一般商品,支,1,18.9,21.9,否
12560,1057,13,熟食,1308,现制中式面点,130801,现制蒸类,20150201,201502,DW-1308010191,散称,生鲜,千克,0.588,2.33,6,否
12561,1499,12,蔬果,1201,蔬菜,120102,根茎,20150201,201502,DW-1201020029,散称,生鲜,千克,0.504,2.3,3.96,否
12562,1499,12,蔬果,1201,蔬菜,120105,鲜调味,20150201,201502,DW-1201050004,散称,生鲜,千克,0.47,2.81,5.98,否
12563,1626,23,酒饮,2303,果汁饮料,230304,植物蛋白饮料,20150201,201502,DW-2303040022,500ml,一般商品,瓶,1,3.8,4,否
12564,46,12,蔬果,1203,水果,120303,梨类,20150201,201502,DW-1203030177,散称,生鲜,KG,1.634,7.15,3.18,否
12565,106,20,粮油,2006,五谷杂粮,200607,杂粮,20150201,201502,DW-2006070074,散称,一般商品,公斤,0.28,3.86,18.3,否
12566,3590,12,蔬果,1201,蔬菜,120105,鲜调味,20150201,201502,DW-1201050255,散称,生鲜,千克,0.298,1.9,9.6,否
12567,106,20,粮油,2008,调味料,200805,香辛粉,20150201,201502,DW-2008050014,10g,一般商品,袋,1,2,2,否
12568,174,20,粮油,2005,煮食面/粉,200501,挂面,20150201,201502,DW-2005010081,1000g,一般商品,卷,1,8.9,8.9,否
12569,410,20,粮油,2007,南北干货,200706,红枣,20150201,201502,DW-2007060065,散称,一般商品,kg,0.408,15.4,37.8,否
12570,1966,12,蔬果,1201,蔬菜,120102,根茎,20150201,201502,DW-1201020042,散称,生鲜,千克,0.12,1.43,7.8,否
12571,1971,15,日配,1521,蛋类,152101,新鲜蛋品,20150201,201502,DW-1521010005,散称,一般商品,千克,0.908,8.1,6.78,否
12572,3006,10,肉禽,1002,牛肉,100202,熟牛肉,20150201,201502,DW-1002020061,散称,生鲜,千克,0.252,24.4,80,否
12573,4000,10,肉禽,1001,猪肉,100101,鲜猪肉,20150201,201502,DW-1001010196,散称,生鲜,千克,0.528,12.57,27.8,否
12574,4036,22,休闲,2203,膨化点心,220301,米制点心,20150201,201502,DW-2203010104,散称,一般商品,KG,0.252,4.43,27.8,是
12575,4488,12,蔬果,1203,水果,120313,其它水果,20150201,201502,DW-1203130444,散称,生鲜,KG,0.554,12.16,10,否
12576,1116,22,休闲,2203,膨化点心,220399,其他膨化点心,20150201,201502,DW-2203990015,40g,一般商品,袋,1,2.7,2.9,否
12577,53,12,蔬果,1201,蔬菜,120101,叶菜,20150201,201502,DW-1201010004,散称,生鲜,千克,0.316,1.8,5.6,否
12578,106,12,蔬果,1201,蔬菜,120105,鲜调味,20150201,201502,DW-1201050007,散称,生鲜,千克,0.264,1.84,15.6,否
12579,4620,22,休闲,2210,果冻,221001,果冻/布丁,20150201,201502,DW-2210010016,150g,一般商品,杯,1,7.5,7.5,否
12580,3919,20,粮油,2001,袋装速食面,200102,猪肉口味,20150201,201502,DW-2001020021,82.6g,一般商品,袋,1,2.5,3,否
12581,3919,22,休闲,2206,即食熟制品,220699,其他即食熟制品,20150201,201502,DW-2206990121,45g,一般商品,包,1,1.2,1.2,否
12582,4427,22,休闲,2205,炒货,220513,香瓜子,20150201,201502,DW-2205130089,散装,一般商品,KG,0.226,3.11,13.8,否
12583,4580,22,休闲,2201,饼干,220101,苏打,20150201,201502,DW-2201010001,100g,一般商品,袋,1,3,3.5,否
12584,4658,12,蔬果,1201,蔬菜,120102,根茎,20150201,201502,DW-1201020026,散称,生鲜,千克,0.494,0.97,2.56,否
12585,4658,12,蔬果,1203,水果,120301,柑桔柚类,20150201,201502,DW-1203010204,散称,生鲜,KG,1.166,5.34,3.98,否
12586,4658,12,蔬果,1203,水果,120303,梨类,20150201,201502,DW-1203030155,散称,生鲜,KG,1.08,5.81,11.98,否
12587,4658,20,粮油,2002,袋装速食面组,200201,牛肉口味,20150201,201502,DW-2002010015,100g*5,一般商品,组,1,11.6,14.7,否
12588,5036,31,家居,3105,陶瓷餐具,310505,陶瓷杯子,20150201,201502,DW-3105050035,1*1,一般商品,个,1,10,10,否
12589,4759,34,针织,3408,男袜,340802,男绅士袜,20150201,201502,DW-3408021326,26-28CM,一般商品,双,1,14.5,14.5,否
12590,4606,15,日配,1505,冷藏乳品,150501,冷藏原味酸乳,20150201,201502,DW-1505010016,480g,一般商品,盒,1,8.6,8.6,否
12591,4620,20,粮油,2009,盐/糖,200902,功能盐,20150201,201502,DW-2009020012,400g,一般商品,袋,2,4.6,2.3,否
12592,2606,20,粮油,2007,南北干货,200701,木耳,20150201,201502,DW-2007010021,散称,一般商品,kg,0.102,6.01,89.8,是
12593,5084,15,日配,1521,蛋类,152101,新鲜蛋品,20150201,201502,DW-1521010005,散称,一般商品,千克,0.932,8.3,6.78,否
12594,5398,23,酒饮,2311,国产白酒,231103,普通高度白酒,20150201,201502,DW-2311030040,55%475ml,一般商品,瓶,1,9.8,10.3,否
12595,5036,30,洗化,3016,纸制品,301603,无芯纸,20150201,201502,DW-3016030007,10卷,一般商品,提,1,11.9,14.5,是
12596,1406,22,休闲,2210,果冻,221099,其他果冻,20150201,201502,DW-2210990005,散称,一般商品,kg,0.858,11.84,13.8,否
12597,1499,10,肉禽,1001,猪肉,100101,鲜猪肉,20150201,201502,DW-1001010194,散称,生鲜,千克,0.114,3.06,29.8,否
12598,3511,20,粮油,2005,煮食面/粉,200599,其他煮食面/粉,20150201,201502,DW-2005990031,散称,一般商品,kg,-0.54,-5.83,10.8,否
12599,3511,20,粮油,2005,煮食面/粉,200599,其他煮食面/粉,20150201,201502,DW-2005990031,散称,一般商品,kg,0.54,5.83,10.8,否
12600,3511,30,洗化,3016,纸制品,301602,平板纸,20150201,201502,DW-3016020006,460g,一般商品,包,4,12,3.7,是
12601,1343,30,洗化,3018,卫生巾,301804,卫生护垫,20150201,201502,DW-3018040094,12+2,一般商品,包,1,9.5,11.9,否
12602,1406,12,蔬果,1201,蔬菜,120101,叶菜,20150201,201502,DW-1201010004,散称,生鲜,千克,0.334,1.93,5.6,否
12603,1406,30,洗化,3018,卫生巾,301801,日用卫生巾,20150201,201502,DW-3018010293,5P,一般商品,包,1,8.9,9.9,否
12604,1728,22,休闲,2209,巧克力,220904,牛奶巧克力,20150201,201502,DW-2209040041,36g,一般商品,袋,1,7.9,7.9,否
12605,1406,30,洗化,3018,卫生巾,301804,卫生护垫,20150201,201502,DW-3018040146,22p,一般商品,包,1,10.9,10.9,否
12606,4000,12,蔬果,1201,蔬菜,120102,根茎,20150201,201502,DW-1201020010,散称,生鲜,千克,0.582,1.3,3.8,否
12607,174,20,粮油,2014,酱菜类,201401,榨菜,20150201,201502,DW-2014010015,60g,一般商品,袋,1,0.5,0.5,否
12608,175,12,蔬果,1201,蔬菜,120105,鲜调味,20150201,201502,DW-1201050011,散称,生鲜,千克,0.434,0.83,6.56,否
12609,2308,12,蔬果,1203,水果,120309,进口水果,20150201,201502,DW-1203090210,散称,生鲜,KG,0.732,8.6,17.6,否
12610,2391,12,蔬果,1201,蔬菜,120105,鲜调味,20150201,201502,DW-1201050011,散称,生鲜,千克,0.399,0.79,6.56,否
12611,2391,13,熟食,1308,现制中式面点,130801,现制蒸类,20150201,201502,DW-1308010191,散称,生鲜,千克,0.427,1.7,6,否
12612,1966,12,蔬果,1202,加工豆类,120201,豆腐,20150201,201502,DW-1202018073,散称,生鲜,千克,0.414,1.64,2.96,否
12613,2050,15,日配,1505,冷藏乳品,150504,冷藏乳酸菌,20150201,201502,DW-1505040017,100ml*5,一般商品,组,1,8,11.5,是
12614,2050,22,休闲,2203,膨化点心,220304,薯条,20150201,201502,DW-2203040010,40g,一般商品,袋,1,3.4,3.5,否
12615,410,22,休闲,2204,蜜饯,220405,山楂,20150201,201502,DW-2204050019,200g,一般商品,扎,1,6.9,6.9,否
12616,4488,22,休闲,2205,炒货,220502,带壳花生,20150201,201502,DW-2205020048,散称,一般商品,kg,0.492,5.8,11.8,否
12617,4759,31,家居,3110,料理切具,311008,筷子,20150201,201502,DW-3110080125,KZ1011,一般商品,双,1,4.9,8,是
12618,5036,30,洗化,3011,保养用品,301102,洁面乳,20150201,201502,DW-3011020646,100g,一般商品,支,1,21.9,22.9,否
12619,5084,15,日配,1501,冷藏肉制品,150102,棒状火腿,20150201,201502,DW-1501020004,260g,一般商品,袋,1,9.9,13.3,是
12620,2050,22,休闲,2206,即食熟制品,220601,牛肉干,20150201,201502,DW-2206010062,108g,一般商品,袋,1,12.9,12.9,否
12621,2062,33,文体,3319,笔类,331909,铅芯,20150201,201502,DW-3319090020,1*1,一般商品,个,1,1.5,1.7,否
12622,2847,30,洗化,3018,卫生巾,301805,套装卫生巾,20150201,201502,DW-3018050009,4P,一般商品,包,1,8.9,8.9,否
12623,1037,10,肉禽,1005,鸭产品,100504,加工鸭肉,20150201,201502,DW-1005040006,散称,生鲜,Kg,0.15,3.5,23,否
12624,1113,22,休闲,2202,糕点,220201,派,20150201,201502,DW-2202010026,360g,一般商品,盒,1,10.8,18.9,是
12625,1116,22,休闲,2207,糖果,220708,凝胶糖,20150201,201502,DW-2207080025,50g,一般商品,袋,1,5.9,6,否
12626,1343,30,洗化,3018,卫生巾,301804,卫生护垫,20150201,201502,DW-3018040067,18片,一般商品,盒,1,5.2,5.3,否
12627,1406,12,蔬果,1202,加工豆类,120201,豆腐,20150201,201502,DW-1202018267,块,生鲜,块,1,1.5,1.5,否
12628,1406,22,休闲,2202,糕点,220206,煎饼,20150201,201502,DW-2202060010,150g,一般商品,袋,1,6.9,6.9,否
12629,1406,30,洗化,3018,卫生巾,301801,日用卫生巾,20150201,201502,DW-3018010157,10片,一般商品,包,1,3.9,3.9,否
12630,1626,22,休闲,2205,炒货,220513,香瓜子,20150201,201502,DW-2205130089,散装,一般商品,KG,0.336,4.6,13.8,否
12631,2229,22,休闲,2202,糕点,220201,派,20150201,201502,DW-2202010026,360g,一般商品,盒,1,10.8,18.9,是
12632,2449,15,日配,1517,常温肉制品,151701,猪肉火腿肠,20150201,201502,DW-1517010002,40g*10,一般商品,袋,1,10.9,13.3,是
12633,2606,12,蔬果,1201,蔬菜,120102,根茎,20150201,201502,DW-1201020365,散称,生鲜,千克,0.657,3.8,3.96,否
12634,2847,22,休闲,2211,进口食品,221101,进口休闲食品,20150201,201502,DW-2211012149,100g,一般商品,袋,1,12.9,13.9,否
12635,2925,30,洗化,3006,洗衣用品,300602,洗衣液,20150201,201502,DW-3006020290,1.5kg+1.5kg,一般商品,组,1,39.9,45.9,是
12636,106,22,休闲,2206,即食熟制品,220607,豆干类,20150201,201502,DW-2206070241,散称,一般商品,kg,0.158,3.1,39.8,是
12637,2606,12,蔬果,1201,蔬菜,120101,叶菜,20150201,201502,DW-1201010395,散称,生鲜,Kg,0.45,3.21,6,否
12638,3590,31,家居,3117,厨房清洁,311706,锅刷,20150201,201502,DW-3117060037,MHPBC,一般商品,个,1,6,6,否
12639,1728,20,粮油,2005,煮食面/粉,200501,挂面,20150201,201502,DW-2005010078,1000g,一般商品,袋,1,8.2,8.2,否
12640,1956,12,蔬果,1201,蔬菜,120104,花果,20150201,201502,DW-1201040036,散称,生鲜,千克,0.68,2.57,1.8,否
12641,1971,12,蔬果,1203,水果,120307,蕉类,20150201,201502,DW-1203070022,散称,生鲜,KG,1.142,5.23,5.96,否
12642,4215,22,休闲,2206,即食熟制品,220607,豆干类,20150201,201502,DW-2206070248,150g,一般商品,袋,1,3.9,3.9,否
12643,4000,12,蔬果,1201,蔬菜,120104,花果,20150201,201502,DW-1201040010,散称,生鲜,千克,0.408,3.24,2.58,否
12644,416,30,洗化,3016,纸制品,301603,无芯纸,20150201,201502,DW-3016030007,10卷,一般商品,提,2,23.8,14.5,是
12645,2606,12,蔬果,1201,蔬菜,120102,根茎,20150201,201502,DW-1201020008,散称,生鲜,千克,0.368,2.56,5.8,否
12646,2606,34,针织,3406,童袜,340601,儿童袜,20150201,201502,DW-3406010455,24-26CM,一般商品,双,1,11,11,否
12647,2703,12,蔬果,1203,水果,120307,蕉类,20150201,201502,DW-1203070022,散称,生鲜,KG,2.856,13.01,5.96,否
12648,2847,30,洗化,3007,洗浴用品,300704,沐浴露,20150201,201502,DW-3007040743,200ml,一般商品,支,1,12.9,12.9,否
12649,541,12,蔬果,1201,蔬菜,120106,菌菇类,20150201,201502,DW-1201060010,散称,生鲜,千克,0.184,1.9,9,否
12650,738,20,粮油,2007,南北干货,200709,粉丝/条,20150201,201502,DW-2007090053,275g,一般商品,份,2,8.4,4.3,否
12651,2050,23,酒饮,2303,果汁饮料,230305,混合果汁饮料,20150201,201502,DW-2303050027,1.8L*2,一般商品,组,1,18,18,否
12652,2449,12,蔬果,1203,水果,120303,梨类,20150201,201502,DW-1203030177,散称,生鲜,KG,1.446,1.44,3.18,否
12653,4215,12,蔬果,1203,水果,120309,进口水果,20150201,201502,DW-1203090210,散称,生鲜,KG,1.042,12.2,17.6,否
12654,4606,12,蔬果,1201,蔬菜,120101,叶菜,20150201,201502,DW-1201010018,散称,生鲜,千克,0.222,1.8,12,否
12655,4620,22,休闲,2203,膨化点心,220399,其他膨化点心,20150201,201502,DW-2203990005,50g,一般商品,袋,1,2.7,2.7,否
12656,4707,21,冲调,2104,冲饮品,210402,奶茶饮品,20150201,201502,DW-2104020117,72g*4,一般商品,组,1,9.9,9.9,否
12657,4215,30,洗化,3007,洗浴用品,300704,沐浴露,20150201,201502,DW-3007040525,400ml,一般商品,瓶,1,19.9,19.9,否
12658,4327,15,日配,1519,外送面包糕点,151902,外送甜面包,20150201,201502,DW-1519020001,300g,一般商品,袋,1,5,5.3,否
12659,4606,20,粮油,2013,调味酱,201304,色拉酱,20150201,201502,DW-2013040002,200g,一般商品,瓶,1,9.9,9.9,否
12660,1406,30,洗化,3008,洗护发用品,300802,润发护发,20150201,201502,DW-3008020388,300g,一般商品,瓶,1,36.9,36.9,否
12661,1406,30,洗化,3011,保养用品,301101,护肤用品,20150201,201502,DW-3011010757,200ml,一般商品,瓶,1,39.9,40,否
12662,2890,12,蔬果,1201,蔬菜,120102,根茎,20150201,201502,DW-1201020361,散称,生鲜,kg,0.49,7.1,56,否
12663,4759,12,蔬果,1201,蔬菜,120102,根茎,20150201,201502,DW-1201020010,散称,生鲜,千克,0.428,1,3.8,否
12664,4759,20,粮油,2006,五谷杂粮,200607,杂粮,20150201,201502,DW-2006070070,散称,一般商品,公斤,0.958,20.9,11.8,否
12665,4759,34,针织,3402,女内衣裤,340201,盒装女内裤,20150201,201502,DW-3402010315,M-XXL,一般商品,盒,1,29.9,30,否
12666,4998,12,蔬果,1201,蔬菜,120101,叶菜,20150201,201502,DW-1201010006,散称,生鲜,千克,0.128,1,12,否
12667,1966,12,蔬果,1201,蔬菜,120101,叶菜,20150201,201502,DW-1201010006,散称,生鲜,千克,0.092,1.01,12,否
12668,1966,22,休闲,2202,糕点,220205,中式糕点,20150201,201502,DW-2202050145,散称,一般商品,KG,-1,-15.8,15.8,否
12669,1966,22,休闲,2202,糕点,220205,中式糕点,20150201,201502,DW-2202050145,散称,一般商品,KG,1,15.8,15.8,否
12670,1971,12,蔬果,1203,水果,120302,苹果类,20150201,201502,DW-1203020164,散称,生鲜,KG,0.724,7.24,17.8,否
12671,2012,12,蔬果,1201,蔬菜,120104,花果,20150201,201502,DW-1201040010,散称,生鲜,千克,0.24,1.91,2.58,否
12672,2012,20,粮油,2014,酱菜类,201401,榨菜,20150201,201502,DW-2014010018,60g,一般商品,袋,2,1,0.5,否
12673,2228,21,冲调,2101,奶粉,210103,幼儿奶粉,20150201,201502,DW-2101030038,400g,一般商品,盒,1,49,49,否
12674,2229,12,蔬果,1203,水果,120307,蕉类,20150201,201502,DW-1203070022,散称,生鲜,KG,0.845,3.82,5.96,否
12675,2606,20,粮油,2007,南北干货,200709,粉丝/条,20150201,201502,DW-2007090041,320g,一般商品,袋,1,5.4,5.7,否
12676,4417,12,蔬果,1201,蔬菜,120104,花果,20150201,201502,DW-1201040004,散称,生鲜,千克,0.354,3.67,5.8,否
12677,4580,22,休闲,2201,饼干,220101,苏打,20150201,201502,DW-2201010003,100g,一般商品,袋,1,3.5,3.5,否
12678,4620,22,休闲,2207,糖果,220707,棉花糖,20150201,201502,DW-2207070026,100g,一般商品,袋,1,3.7,3.7,否
12679,4658,10,肉禽,1001,猪肉,100101,鲜猪肉,20150201,201502,DW-1001010196,散称,生鲜,千克,0.474,11.28,27.8,否
12680,5084,12,蔬果,1201,蔬菜,120106,菌菇类,20150201,201502,DW-1201060003,散称,生鲜,千克,0.29,2.4,6.56,否
12681,5084,20,粮油,2005,煮食面/粉,200599,其他煮食面/粉,20150201,201502,DW-2005990030,800g,一般商品,把,1,4.9,4.9,否
12682,3590,20,粮油,2006,五谷杂粮,200602,袋装白米,20150201,201502,DW-2006020105,10kg,一般商品,袋,1,41.9,49.9,是
12683,5036,30,洗化,3013,口腔卫生用品,301303,成人牙刷,20150201,201502,DW-3013030397,1019,一般商品,支,1,9.9,19.7,是
12684,786,12,蔬果,1203,水果,120303,梨类,20150202,201502,DW-1203030177,散称,生鲜,KG,1.088,4.5,3.18,否
12685,1119,20,粮油,2003,桶杯装速食面,200301,牛肉口味,20150202,201502,DW-2003010020,120g,一般商品,桶,1,3.9,3.9,否
12686,1515,10,肉禽,1001,猪肉,100101,鲜猪肉,20150202,201502,DW-1001010194,散称,生鲜,千克,0.226,6.1,29.8,否
12687,1828,20,粮油,2013,调味酱,201302,辣酱,20150202,201502,DW-2013020197,160g,一般商品,瓶,1,5.9,6.9,否
12688,2360,15,日配,1518,常温乳品,151801,利乐砖纯奶,20150202,201502,DW-1518010002,250ml,一般商品,盒,24,58.8,3,是
12689,2564,12,蔬果,1201,蔬菜,120104,花果,20150202,201502,DW-1201040010,散称,生鲜,千克,0.64,4.97,2.58,否
12690,2997,22,休闲,2204,蜜饯,220405,山楂,20150202,201502,DW-2204050027,138g,一般商品,袋,1,7.5,7.5,否
12691,3738,12,蔬果,1201,蔬菜,120105,鲜调味,20150202,201502,DW-1201050011,散称,生鲜,千克,0.58,1.1,6.56,否
12692,3798,12,蔬果,1203,水果,120313,其它水果,20150202,201502,DW-1203130444,散称,生鲜,KG,0.466,8.47,10,否
12693,3832,23,酒饮,2311,国产白酒,231102,普通低度白酒,20150202,201502,DW-2311020282,42%500ml,一般商品,瓶,1,15,15,否
12694,3959,12,蔬果,1201,蔬菜,120101,叶菜,20150202,201502,DW-1201010029,散称,生鲜,千克,1.248,5.9,2.56,否
12695,4308,12,蔬果,1201,蔬菜,120107,有机蔬菜,20150202,201502,DW-1201070001,散称,生鲜,KG,0.576,3.3,5,否
12696,4375,23,酒饮,2317,进口饮料,231701,进口碳酸,20150202,201502,DW-2317010029,250ml,一般商品,瓶,1,4.9,6.5,否
12697,4568,12,蔬果,1203,水果,120313,其它水果,20150202,201502,DW-1203130446,散称,生鲜,KG,0.632,10.6,30,否
12698,4568,15,日配,1517,常温肉制品,151704,蔬菜火腿肠,20150202,201502,DW-1517040021,40g*10,一般商品,袋,1,13.5,13.9,否
12699,4723,21,冲调,2103,咖啡,210301,咖啡,20150202,201502,DW-2103010108,15g*7,一般商品,盒,1,8.5,9.9,否
12700,4840,30,洗化,3016,纸制品,301608,软抽纸巾,20150202,201502,DW-3016080270,400张*6,一般商品,提,1,9.9,13.9,是
12701,5039,15,日配,1517,常温肉制品,151701,猪肉火腿肠,20150202,201502,DW-1517010129,130g,一般商品,支,1,1.5,1.9,否
12702,5089,12,蔬果,1203,水果,120307,蕉类,20150202,201502,DW-1203070022,散称,生鲜,KG,1.037,4.75,5.96,否
12703,1664,22,休闲,2205,炒货,220503,去壳花生,20150202,201502,DW-2205030047,80g,一般商品,袋,1,2.9,2.9,否
12704,1939,22,休闲,2205,炒货,220508,松子,20150202,201502,DW-2205080015,散称,一般商品,kg,0.222,24.4,110,否
12705,2152,12,蔬果,1203,水果,120302,苹果类,20150202,201502,DW-1203020164,散称,生鲜,KG,0.65,5.54,17.8,否
12706,2225,20,粮油,2009,盐/糖,200902,功能盐,20150202,201502,DW-2009020012,400g,一般商品,袋,5,11.5,2.3,否
12707,2427,22,休闲,2201,饼干,220111,趣味/休闲,20150202,201502,DW-2201110223,300ml,一般商品,袋,1,5.2,5.2,否
12708,2483,22,休闲,2202,糕点,220202,蛋糕,20150202,201502,DW-2202020170,100g,一般商品,袋,1,5.5,7.9,是
12709,2803,12,蔬果,1201,蔬菜,120104,花果,20150202,201502,DW-1201040049,散称,生鲜,千克,0.679,4.47,5.8,否
12710,3414,15,日配,1521,蛋类,152101,新鲜蛋品,20150202,201502,DW-1521010005,散称,一般商品,千克,1.832,16.45,6.78,否
12711,3666,12,蔬果,1201,蔬菜,120101,叶菜,20150202,201502,DW-1201010004,散称,生鲜,千克,0.256,1.73,5.6,否
12712,3738,12,蔬果,1203,水果,120301,柑桔柚类,20150202,201502,DW-1203010204,散称,生鲜,KG,1.612,7.38,3.98,否
12713,3798,22,休闲,2202,糕点,220299,其他糕点,20150202,201502,DW-2202990048,330g,一般商品,袋,1,7.9,7.9,否
12714,3817,12,蔬果,1201,蔬菜,120107,有机蔬菜,20150202,201502,DW-1201070001,散称,生鲜,KG,0.79,4.52,5,否
12715,3832,20,粮油,2006,五谷杂粮,200607,杂粮,20150202,201502,DW-2006070062,散称,一般商品,公斤,0.706,8.3,13.8,是
12716,4327,13,熟食,1308,现制中式面点,130803,现制烙类,20150202,201502,DW-1308030035,个,生鲜,个,4,4,1,否
12717,4568,15,日配,1517,常温肉制品,151704,蔬菜火腿肠,20150202,201502,DW-1517040020,30g*9,一般商品,袋,1,9,9.3,否
12718,574,12,蔬果,1201,蔬菜,120104,花果,20150202,201502,DW-1201040026,散称,生鲜,千克,0.208,1.4,1.98,否
12719,579,12,蔬果,1201,蔬菜,120109,其它蔬菜,20150202,201502,DW-1201090311, ,生鲜,个,4,2,2,否
12720,769,11,水产,1103,干货水产,110301,干货鱼类,20150202,201502,DW-1103010066,散称,生鲜,千克,1.568,48.6,30,否
12721,1193,12,蔬果,1201,蔬菜,120101,叶菜,20150202,201502,DW-1201010004,散称,生鲜,千克,0.389,2.64,5.6,否
12722,1213,20,粮油,2011,液体调料,201101,老抽酱油,20150202,201502,DW-2011010023,620mL,一般商品,瓶,1,6.9,6.9,否
12723,1664,20,粮油,2001,袋装速食面,200105,干脆面,20150202,201502,DW-2001050023,26g,一般商品,袋,1,0.5,0.5,否
12724,1664,22,休闲,2203,膨化点心,220302,袋装薯片,20150202,201502,DW-2203020007,40g,一般商品,袋,1,3.3,3.3,否
12725,264,15,日配,1521,蛋类,152101,新鲜蛋品,20150202,201502,DW-1521010005,散称,一般商品,千克,0.798,7.1,6.78,否
12726,264,30,洗化,3007,洗浴用品,300701,香皂,20150202,201502,DW-3007010140,115g*3,一般商品,块,1,8.9,12.9,是
12727,1939,15,日配,1501,冷藏肉制品,150102,棒状火腿,20150202,201502,DW-1501020015,260g*2,一般商品,组,1,12.9,17.9,是
12728,1939,22,休闲,2209,巧克力,220905,黑/纯巧克力,20150202,201502,DW-2209050015,43g,一般商品,块,1,6.9,6.9,否
12729,560,12,蔬果,1201,蔬菜,120101,叶菜,20150202,201502,DW-1201010021,散称,生鲜,千克,0.442,2.81,6.56,否
12730,581,12,蔬果,1201,蔬菜,120104,花果,20150202,201502,DW-1201040049,散称,生鲜,千克,0.632,4.12,5.8,否
12731,598,12,蔬果,1203,水果,120301,柑桔柚类,20150202,201502,DW-1203010290,散称,生鲜,KG,0.968,10.2,2,否
12732,769,22,休闲,2201,饼干,220110,简装/压缩,20150202,201502,DW-2201100015,散称,一般商品,KG,0.216,4.27,19.8,否
12733,264,12,蔬果,1201,蔬菜,120102,根茎,20150202,201502,DW-1201020013,散称,生鲜,千克,0.372,1.1,4,否
12734,1515,12,蔬果,1201,蔬菜,120101,叶菜,20150202,201502,DW-1201010004,散称,生鲜,千克,0.648,4.35,5.6,否
12735,579,31,家居,3110,料理切具,311002,果皮刀,20150202,201502,DW-3110020022,H300,一般商品,把,1,16,16,否
12736,581,12,蔬果,1201,蔬菜,120105,鲜调味,20150202,201502,DW-1201050255,散称,生鲜,千克,0.132,0.84,9.6,否
12737,598,12,蔬果,1201,蔬菜,120104,花果,20150202,201502,DW-1201040026,散称,生鲜,千克,0.628,4,1.98,否
12738,598,12,蔬果,1202,加工豆类,120205,豆类料理,20150202,201502,DW-1202058118,250g,生鲜,袋,1,5.5,5.8,否
12739,2997,15,日配,1517,常温肉制品,151701,猪肉火腿肠,20150202,201502,DW-1517010002,40g*10,一般商品,袋,1,10.9,13.3,是
12740,2081,20,粮油,2002,袋装速食面组,200204,海鲜口味,20150202,201502,DW-2002040003,96g*5,一般商品,组,1,11.9,14.7,否
12741,786,15,日配,1521,蛋类,152101,新鲜蛋品,20150202,201502,DW-1521010005,散称,一般商品,千克,0.89,7.97,6.78,否
12742,579,31,家居,3114,一次性用品,311406,牙签/牙签合/水,20150202,201502,DW-3114060027,T1600,一般商品,袋,1,3.9,6,是
12743,598,12,蔬果,1201,蔬菜,120104,花果,20150202,201502,DW-1201040016,散称,生鲜,千克,0.676,2.26,1.6,否
12744,774,20,粮油,2010,食用油,201002,调和油,20150202,201502,DW-2010020003,5L,一般商品,桶,1,74.9,74.9,否
12745,786,20,粮油,2006,五谷杂粮,200601,散称白米,20150202,201502,DW-2006010003,散称,一般商品,千克,2.888,15.5,5.58,否
12746,469,22,休闲,2202,糕点,220208,散称糕点,20150202,201502,DW-2202080030, ,一般商品,KG,0.624,9.7,15.6,否
12747,469,22,休闲,2204,蜜饯,220401,葡萄干,20150202,201502,DW-2204010041,kg,一般商品,散称,0.35,6.9,35.8,是
12748,1119,15,日配,1508,冷冻点心,150802,冷冻年糕,20150202,201502,DW-1508020001,400g,一般商品,袋,1,6.5,6.7,否
12749,1193,12,蔬果,1201,蔬菜,120102,根茎,20150202,201502,DW-1201020043,散称,生鲜,千克,0.686,1.9,1.8,否
12750,3632,15,日配,1518,常温乳品,151813,利乐砖乳酸菌,20150202,201502,DW-1518130016,205g,一般商品,盒,12,49,5.5,是
12751,1193,12,蔬果,1202,加工豆类,120201,豆腐,20150202,201502,DW-1202018269,块,生鲜,块,1,2,2,否
12752,2420,30,洗化,3016,纸制品,301603,无芯纸,20150202,201502,DW-3016030048,1000g,一般商品,包,1,12.9,17.7,是
12753,2483,15,日配,1505,冷藏乳品,150501,冷藏原味酸乳,20150202,201502,DW-1505010004,100g*6,一般商品,组,1,10.8,14.9,是
12754,574,12,蔬果,1203,水果,120303,梨类,20150202,201502,DW-1203030184,散称,生鲜,KG,0.556,5.2,4,否
12755,598,12,蔬果,1201,蔬菜,120107,有机蔬菜,20150202,201502,DW-1201070001,散称,生鲜,KG,0.856,4.94,5,否
12756,629,15,日配,1521,蛋类,152101,新鲜蛋品,20150202,201502,DW-1521010005,散称,一般商品,千克,1.586,14.2,6.78,否
12757,774,12,蔬果,1201,蔬菜,120101,叶菜,20150202,201502,DW-1201010001,散称,生鲜,千克,0.37,3.9,5.56,否
12758,1515,12,蔬果,1201,蔬菜,120101,叶菜,20150202,201502,DW-1201010004,散称,生鲜,千克,0.484,3.2,5.6,否
12759,1119,15,日配,1521,蛋类,152101,新鲜蛋品,20150202,201502,DW-1521010005,散称,一般商品,千克,0.99,8.8,6.78,否
12760,1119,34,针织,3410,枕/靠/坐垫,341004,靠垫,20150202,201502,DW-3410040051,110*150CM,一般商品,只,1,58,50,否
12761,2626,20,粮油,2007,南北干货,200704,蔬菜,20150202,201502,DW-2007040031,散称,一般商品,kg,0.22,7.4,33.8,否
12762,2863,12,蔬果,1203,水果,120307,蕉类,20150202,201502,DW-1203070022,散称,生鲜,KG,2.258,10.34,5.96,否
12763,1828,15,日配,1501,冷藏肉制品,150103,块状火腿,20150202,201502,DW-1501030031,450g,一般商品,个,1,8.3,8.9,否
12764,4308,12,蔬果,1201,蔬菜,120104,花果,20150202,201502,DW-1201040035,散称,生鲜,千克,0.162,1.7,9.6,否
12765,1828,20,粮油,2005,煮食面/粉,200599,其他煮食面/粉,20150202,201502,DW-2005990031,散称,一般商品,kg,0.408,4.4,10.8,否
12766,2080,15,日配,1517,常温肉制品,151704,蔬菜火腿肠,20150202,201502,DW-1517040003,60g*10,一般商品,袋,1,10.9,13.9,否
12767,1213,20,粮油,2011,液体调料,201111,料酒,20150202,201502,DW-2011110013,500mL,一般商品,瓶,1,3.6,3.9,是
12768,2195,12,蔬果,1202,加工豆类,120201,豆腐,20150202,201502,DW-1202018073,散称,生鲜,千克,0.596,2.7,2.96,否
12769,4375,23,酒饮,2306,运动机能饮料,230602,运动饮料,20150202,201502,DW-2306020005,600ml,一般商品,瓶,1,3.9,4,否
12770,3261,22,休闲,2201,饼干,220101,苏打,20150202,201502,DW-2201010002,100克,一般商品,袋,1,3.2,3.2,否
12771,2081,20,粮油,2009,盐/糖,200902,功能盐,20150202,201502,DW-2009020012,400g,一般商品,袋,4,9.2,2.3,否
12772,2081,20,粮油,2014,酱菜类,201401,榨菜,20150202,201502,DW-2014010015,60g,一般商品,袋,6,3,0.5,否
12773,2081,22,休闲,2201,饼干,220106,钙奶,20150202,201502,DW-2201060004,240g,一般商品,袋,1,3.9,3.9,否
12774,2225,12,蔬果,1201,蔬菜,120102,根茎,20150202,201502,DW-1201020013,散称,生鲜,千克,0.758,2.23,4,否
12775,1682,22,休闲,2201,饼干,220109,薄脆,20150202,201502,DW-2201090111,175g,一般商品,盒,1,6.5,6.5,否
12776,1939,12,蔬果,1203,水果,120313,其它水果,20150202,201502,DW-1203130446,散称,生鲜,KG,1.26,21.1,30,否
12777,2427,12,蔬果,1203,水果,120301,柑桔柚类,20150202,201502,DW-1203010218,散称,生鲜,KG,2.138,15.7,7.96,否
12778,2626,22,休闲,2205,炒货,220513,香瓜子,20150202,201502,DW-2205130006,260g,一般商品,袋,1,8.7,8.7,否
12779,2360,22,休闲,2212,无糖食品,221202,无糖休闲食品,20150202,201502,DW-2212020339,1000g,一般商品,盒,1,38,38,否
12780,2420,12,蔬果,1201,蔬菜,120102,根茎,20150202,201502,DW-1201020018,散称,生鲜,千克,0.398,2.3,5.56,否
12781,2485,12,蔬果,1201,蔬菜,120109,其它蔬菜,20150202,201502,DW-1201090311, ,生鲜,个,4,2,2,否
12782,2080,22,休闲,2203,膨化点心,220301,米制点心,20150202,201502,DW-2203010018,520g,一般商品,袋,1,19.9,19.9,否
12783,2180,12,蔬果,1201,蔬菜,120106,菌菇类,20150202,201502,DW-1201060003,散称,生鲜,千克,0.44,2.19,6.56,否
12784,2564,15,日配,1505,冷藏乳品,150501,冷藏原味酸乳,20150202,201502,DW-1505010023,100g,一般商品,杯,8,11.9,1.6,是
12785,3214,12,蔬果,1201,蔬菜,120101,叶菜,20150202,201502,DW-1201010023,散称,生鲜,千克,0.491,1.56,2.56,否
12786,2420,12,蔬果,1201,蔬菜,120102,根茎,20150202,201502,DW-1201020029,散称,生鲜,千克,0.49,2.04,3.96,否
12787,2421,20,粮油,2006,五谷杂粮,200601,散称白米,20150202,201502,DW-2006010003,散称,一般商品,千克,4.226,22.7,5.58,否
12788,3632,20,粮油,2007,南北干货,200705,桂圆,20150202,201502,DW-2007050036,400g,一般商品,袋,1,7.9,16.3,是
12789,3738,12,蔬果,1203,水果,120302,苹果类,20150202,201502,DW-1203020164,散称,生鲜,KG,2.37,20.32,17.8,否
12790,3399,12,蔬果,1201,蔬菜,120101,叶菜,20150202,201502,DW-1201010025,散称,生鲜,千克,0.633,2.14,3.96,否
12791,3214,12,蔬果,1201,蔬菜,120102,根茎,20150202,201502,DW-1201020013,散称,生鲜,千克,0.294,0.87,4,否
12792,4327,12,蔬果,1201,蔬菜,120101,叶菜,20150202,201502,DW-1201010001,散称,生鲜,千克,0.286,3,5.56,否
12793,1193,12,蔬果,1201,蔬菜,120105,鲜调味,20150202,201502,DW-1201050255,散称,生鲜,千克,0.106,0.67,9.6,否
12794,1331,22,休闲,2208,口香糖,220801,无糖口香糖,20150202,201502,DW-2208010084,12g,一般商品,瓶,1,4.5,4.5,否
12795,3214,12,蔬果,1201,蔬菜,120109,其它蔬菜,20150202,201502,DW-1201090311, ,生鲜,个,4,2,2,否
12796,3214,12,蔬果,1202,加工豆类,120204,豆干豆皮,20150202,201502,DW-1202048046,散称,生鲜,千克,0.298,3.15,9.96,否
12797,3642,12,蔬果,1201,蔬菜,120101,叶菜,20150202,201502,DW-1201010009,散称,生鲜,千克,0.168,1,6.56,否
12798,3738,12,蔬果,1201,蔬菜,120101,叶菜,20150202,201502,DW-1201010395,散称,生鲜,Kg,0.498,1.79,6,否
12799,4305,12,蔬果,1201,蔬菜,120104,花果,20150202,201502,DW-1201040004,散称,生鲜,千克,0.506,4.44,5.8,否
12800,4312,30,洗化,3018,卫生巾,301802,夜用卫生巾,20150202,201502,DW-3018020338,8片,一般商品,包,1,14.9,15.9,是
12801,4313,30,洗化,3016,纸制品,301608,软抽纸巾,20150202,201502,DW-3016080270,400张*6,一般商品,提,1,9.9,13.9,是
12802,4477,12,蔬果,1203,水果,120309,进口水果,20150202,201502,DW-1203090210,散称,生鲜,KG,1.548,18.2,17.6,否
12803,4568,13,熟食,1302,卤制熟食,130201,卤制畜类,20150202,201502,DW-1302010082,散称,联营商品,kg,0.26,31.2,90,否
12804,4568,15,日配,1521,蛋类,152101,新鲜蛋品,20150202,201502,DW-1521010005,散称,一般商品,千克,1.702,15.28,6.78,否
12805,1610,23,酒饮,2304,茶饮料,230499,其他茶饮料,20150202,201502,DW-2304990019,500ml,一般商品,瓶,1,3.9,3.9,否
12806,3632,20,粮油,2007,南北干货,200706,红枣,20150202,201502,DW-2007060006,454g,一般商品,袋,1,16.5,16.9,否
12807,3738,12,蔬果,1201,蔬菜,120101,叶菜,20150202,201502,DW-1201010025,散称,生鲜,千克,0.434,1.3,3.96,否
12808,3738,12,蔬果,1201,蔬菜,120102,根茎,20150202,201502,DW-1201020013,散称,生鲜,千克,0.51,1,4,否
12809,4375,23,酒饮,2306,运动机能饮料,230602,运动饮料,20150202,201502,DW-2306020022,500ml,一般商品,瓶,1,4,4,否
12810,4636,12,蔬果,1201,蔬菜,120104,花果,20150202,201502,DW-1201040031,散称,生鲜,千克,0.524,1.98,3.16,否
12811,4636,22,休闲,2206,即食熟制品,220607,豆干类,20150202,201502,DW-2206070241,散称,一般商品,kg,0.292,5.75,39.8,是
12812,4636,30,洗化,3016,纸制品,301608,软抽纸巾,20150202,201502,DW-3016080270,400张*6,一般商品,提,1,9.9,13.9,是
12813,1939,22,休闲,2209,巧克力,220906,果仁巧克力,20150202,201502,DW-2209060046,43g,一般商品,袋,1,7.2,7.2,否
12814,2080,15,日配,1517,常温肉制品,151704,蔬菜火腿肠,20150202,201502,DW-1517040002,35g*10,一般商品,袋,1,6.6,8.3,是
12815,4375,23,酒饮,2310,葡萄/果酒,231006,汽泡酒/香槟,20150202,201502,DW-2310060007,350ml,一般商品,瓶,1,15.5,15.9,否
12816,4568,10,肉禽,1001,猪肉,100101,鲜猪肉,20150202,201502,DW-1001010195,散称,生鲜,千克,0.28,8.33,27.8,否
12817,2180,13,熟食,1308,现制中式面点,130801,现制蒸类,20150202,201502,DW-1308010191,散称,生鲜,千克,0.342,1.3,6,否
12818,2225,12,蔬果,1201,蔬菜,120107,有机蔬菜,20150202,201502,DW-1201070001,散称,生鲜,KG,0.787,4.55,5,否
12819,2257,22,休闲,2207,糖果,220703,软糖,20150202,201502,DW-2207030001,57g,一般商品,个,1,3.9,4,否
12820,2427,22,休闲,2202,糕点,220201,派,20150202,201502,DW-2202010026,360g,一般商品,盒,1,10.8,18.9,是
12821,4296,12,蔬果,1203,水果,120302,苹果类,20150202,201502,DW-1203020164,散称,生鲜,KG,0.87,8.7,17.8,否
12822,4312,15,日配,1519,外送面包糕点,151904,外送中式糕点,20150202,201502,DW-1519040017,200g,一般商品,条,1,5.9,5.9,否
12823,3214,12,蔬果,1203,水果,120301,柑桔柚类,20150202,201502,DW-1203010290,散称,生鲜,KG,1.052,11.12,2,否
12824,3222,20,粮油,2009,盐/糖,200907,功能糖,20150202,201502,DW-2009070030,350g,一般商品,袋,1,5.9,5.9,否
12825,4636,15,日配,1517,常温肉制品,151701,猪肉火腿肠,20150202,201502,DW-1517010002,40g*10,一般商品,袋,1,10.9,13.3,是
12826,4636,22,休闲,2204,蜜饯,220405,山楂,20150202,201502,DW-2204050120,散称,一般商品,kg,0.33,8.51,25.8,否
12827,4892,20,粮油,2009,盐/糖,200907,功能糖,20150202,201502,DW-2009070021,350g,一般商品,袋,1,9.9,9.9,否
12828,3666,12,蔬果,1201,蔬菜,120106,菌菇类,20150202,201502,DW-1201060003,散称,生鲜,千克,0.36,2.87,6.56,否
12829,5089,15,日配,1505,冷藏乳品,150505,冷藏营养酸乳,20150202,201502,DW-1505050014,450g,一般商品,桶,1,5.9,8.3,是
12830,5089,15,日配,1521,蛋类,152101,新鲜蛋品,20150202,201502,DW-1521010001,散称,一般商品,千克,1.06,20.95,19.8,否
12831,3738,15,日配,1521,蛋类,152101,新鲜蛋品,20150202,201502,DW-1521010005,散称,一般商品,千克,2.246,20.16,6.78,否
12832,4313,10,肉禽,1004,鸡产品,100402,分割鸡件,20150202,201502,DW-1004020004,散称,生鲜,千克,0.164,2.79,17.6,否
12833,4313,12,蔬果,1201,蔬菜,120106,菌菇类,20150202,201502,DW-1201060009,散称,生鲜,千克,0.16,2.52,7.47,否
12834,4568,12,蔬果,1201,蔬菜,120104,花果,20150202,201502,DW-1201040010,散称,生鲜,千克,0.672,2.8,2.58,否
12835,4990,12,蔬果,1201,蔬菜,120106,菌菇类,20150202,201502,DW-1201060010,散称,生鲜,千克,0.198,2.53,9,否
12836,4990,20,粮油,2006,五谷杂粮,200601,散称白米,20150202,201502,DW-2006010001,散称,一般商品,千克,1.688,6.71,4.2,否
12837,579,30,洗化,3004,鞋类护理用品,300402,膏体鞋油,20150202,201502,DW-3004020013,30g,一般商品,支,1,3.5,3.7,否
12838,581,20,粮油,2006,五谷杂粮,200602,袋装白米,20150202,201502,DW-2006020072,5kg,一般商品,袋,1,37.9,37.9,否
12839,1119,20,粮油,2011,液体调料,201111,料酒,20150202,201502,DW-2011110035,500ml,一般商品,瓶,1,5.9,6.7,否
12840,1664,22,休闲,2201,饼干,220104,曲奇,20150202,201502,DW-2201040054,115g,一般商品,袋,1,4.9,6.9,是
12841,1664,22,休闲,2207,糖果,220799,其他糖果,20150202,201502,DW-2207990065,5.5g,一般商品,袋,1,1,1,否
12842,2081,15,日配,1517,常温肉制品,151701,猪肉火腿肠,20150202,201502,DW-1517010003,60g*10,一般商品,袋,1,13.9,16.3,是
12843,2257,12,蔬果,1201,蔬菜,120101,叶菜,20150202,201502,DW-1201010004,散称,生鲜,千克,0.368,2.44,5.6,否
12844,2427,15,日配,1521,蛋类,152101,新鲜蛋品,20150202,201502,DW-1521010011,60枚,一般商品,盒,1,78,78,否
12845,2483,22,休闲,2203,膨化点心,220301,米制点心,20150202,201502,DW-2203010110,160g,一般商品,袋,1,5.9,8.7,是
12846,2997,20,粮油,2011,液体调料,201101,老抽酱油,20150202,201502,DW-2011010034,800ml,一般商品,桶,1,4.5,4.7,否
12847,3666,20,粮油,2006,五谷杂粮,200601,散称白米,20150202,201502,DW-2006010001,散称,一般商品,千克,3.61,14.3,4.2,否
12848,3817,22,休闲,2203,膨化点心,220301,米制点心,20150202,201502,DW-2203010104,散称,一般商品,KG,0.19,3.38,27.8,是
12849,4275,12,蔬果,1203,水果,120313,其它水果,20150202,201502,DW-1203130445,计量,生鲜,根,1,12,7,否
12850,4313,15,日配,1508,冷冻点心,150801,冷冻面食,20150202,201502,DW-1508010040,450g,一般商品,袋,1,12.7,13.9,否
12851,4375,23,酒饮,2317,进口饮料,231703,进口技能饮料,20150202,201502,DW-2317030011,355ml,一般商品,瓶,1,14.5,14.5,否
12852,4568,12,蔬果,1201,蔬菜,120101,叶菜,20150202,201502,DW-1201010021,散称,生鲜,千克,0.418,2.66,6.56,否
12853,4568,12,蔬果,1201,蔬菜,120104,花果,20150202,201502,DW-1201040049,散称,生鲜,千克,0.413,2.72,5.8,否
12854,4568,12,蔬果,1201,蔬菜,120107,有机蔬菜,20150202,201502,DW-1201070001,散称,生鲜,KG,0.554,3.2,5,否
12855,4568,15,日配,1517,常温肉制品,151799,其它火腿肠,20150202,201502,DW-1517990018,38g*10,一般商品,袋,1,11.9,14.9,是
12856,4636,12,蔬果,1201,蔬菜,120102,根茎,20150202,201502,DW-1201020026,散称,生鲜,千克,0.836,1.65,2.56,否
12857,4636,12,蔬果,1201,蔬菜,120109,其它蔬菜,20150202,201502,DW-1201090032,散称,生鲜,千克,0.182,1.19,7.96,否
12858,4840,20,粮油,2006,五谷杂粮,200603,常规面粉,20150202,201502,DW-2006030214,5kg,一般商品,袋,2,35.8,21.9,是
12859,560,12,蔬果,1201,蔬菜,120101,叶菜,20150202,201502,DW-1201010018,散称,生鲜,千克,0.555,3.32,12,否
12860,574,15,日配,1505,冷藏乳品,150503,冷藏果粒酸乳,20150202,201502,DW-1505030023,260g,一般商品,盒,1,8.9,8.9,否
12861,579,22,休闲,2202,糕点,220205,中式糕点,20150202,201502,DW-2202050126,散称,一般商品,kg,0.572,22.6,39.6,否
12862,579,22,休闲,2212,无糖食品,221202,无糖休闲食品,20150202,201502,DW-2212020443,1000g,一般商品,盒,1,116,116,否
12863,769,20,粮油,2008,调味料,200804,其他鲜味精,20150202,201502,DW-2008040010,250g,一般商品,袋,1,7.5,8.2,否
12864,1119,20,粮油,2003,桶杯装速食面,200302,猪肉口味,20150202,201502,DW-2003020026,115g,一般商品,桶,1,4,4,否
12865,1213,20,粮油,2011,液体调料,201107,滴醋,20150202,201502,DW-2011070008,500mL,一般商品,瓶,1,4.8,4.8,否
12866,1592,15,日配,1519,外送面包糕点,151902,外送甜面包,20150202,201502,DW-1519020024,散称,一般商品,千克,0.246,4.1,17.8,否
12867,1828,15,日配,1515,冷冻火锅类,151503,火锅丸类,20150202,201502,DW-1515030007,散称,一般商品,千克,0.694,17.9,32.6,否
12868,2360,22,休闲,2212,无糖食品,221202,无糖休闲食品,20150202,201502,DW-2212020338,1000g,一般商品,盒,1,38,38,否
12869,2420,12,蔬果,1201,蔬菜,120102,根茎,20150202,201502,DW-1201020017,散称,生鲜,千克,0.174,1,2.56,否
12870,2449,12,蔬果,1201,蔬菜,120102,根茎,20150202,201502,DW-1201020037,散称,生鲜,千克,0.524,3.43,3.96,否
12871,2449,12,蔬果,1202,加工豆类,120204,豆干豆皮,20150202,201502,DW-1202048059,散称,生鲜,千克,0.228,2.32,7.76,否
12872,2483,22,休闲,2203,膨化点心,220302,袋装薯片,20150202,201502,DW-2203020159,70g,一般商品,袋,1,4.7,5.9,是
12873,3399,12,蔬果,1201,蔬菜,120102,根茎,20150202,201502,DW-1201020365,散称,生鲜,千克,0.434,3.03,3.96,否
12874,3399,12,蔬果,1201,蔬菜,120106,菌菇类,20150202,201502,DW-1201060004,散称,生鲜,千克,0.358,3.83,16.8,否
12875,3642,12,蔬果,1201,蔬菜,120102,根茎,20150202,201502,DW-1201020365,散称,生鲜,千克,0.784,3.13,3.96,否
12876,3666,12,蔬果,1203,水果,120301,柑桔柚类,20150202,201502,DW-1203010290,散称,生鲜,KG,0.738,7.8,2,否
12877,3738,12,蔬果,1201,蔬菜,120104,花果,20150202,201502,DW-1201040010,散称,生鲜,千克,1.614,6.45,2.58,否
12878,3817,10,肉禽,1001,猪肉,100104,猪骨,20150202,201502,DW-1001040125,散称,生鲜,千克,0.806,33.85,41.8,否
12879,4568,12,蔬果,1201,蔬菜,120102,根茎,20150202,201502,DW-1201020013,散称,生鲜,千克,0.664,1.97,4,否
12880,4568,12,蔬果,1201,蔬菜,120102,根茎,20150202,201502,DW-1201020017,散称,生鲜,千克,0.528,3.05,2.56,否
12881,4723,15,日配,1521,蛋类,152101,新鲜蛋品,20150202,201502,DW-1521010005,散称,一般商品,千克,0.898,8.04,6.78,否
12882,4840,20,粮油,2005,煮食面/粉,200501,挂面,20150202,201502,DW-2005010003,600g,一般商品,袋,1,5.9,6.7,否
12883,4892,20,粮油,2008,调味料,200805,香辛粉,20150202,201502,DW-2008050062,50g,一般商品,袋,1,6.5,6.7,否
12884,4990,20,粮油,2006,五谷杂粮,200607,杂粮,20150202,201502,DW-2006070060,散称,一般商品,公斤,0.904,25.22,15.8,否
12885,522,12,蔬果,1201,蔬菜,120101,叶菜,20150202,201502,DW-1201010395,散称,生鲜,Kg,0.244,1.8,6,否
12886,522,12,蔬果,1201,蔬菜,120102,根茎,20150202,201502,DW-1201020043,散称,生鲜,千克,0.568,1.57,1.8,否
12887,560,10,肉禽,1001,猪肉,100101,鲜猪肉,20150202,201502,DW-1001010191,散称,生鲜,千克,0.398,10.67,29.8,否
12888,560,20,粮油,2008,调味料,200807,调理粉,20150202,201502,DW-2008070068,30g,一般商品,袋,1,2.5,2.9,否
12889,574,12,蔬果,1201,蔬菜,120102,根茎,20150202,201502,DW-1201020018,散称,生鲜,千克,0.358,1.79,5.56,否
12890,1119,30,洗化,3006,洗衣用品,300604,洗衣皂,20150202,201502,DW-3006040032,1600g,一般商品,袋,1,20.9,24.9,是
12891,522,13,熟食,1308,现制中式面点,130801,现制蒸类,20150202,201502,DW-1308010191,散称,生鲜,千克,0.41,1.63,6,否
12892,579,34,针织,3426,服饰饰品,342606,帽子,20150202,201502,DW-3426060220,均码,一般商品,顶,1,50,50,否
12893,634,13,熟食,1308,现制中式面点,130801,现制蒸类,20150202,201502,DW-1308010191,散称,生鲜,千克,0.422,1.6,6,否
12894,634,20,粮油,2013,调味酱,201302,辣酱,20150202,201502,DW-2013020105,280g,一般商品,瓶,1,6.8,7.9,否
12895,1193,12,蔬果,1201,蔬菜,120105,鲜调味,20150202,201502,DW-1201050011,散称,生鲜,千克,0.298,0.5,6.56,否
12896,1515,12,蔬果,1201,蔬菜,120109,其它蔬菜,20150202,201502,DW-1201090032,散称,生鲜,千克,0.342,2.25,7.96,否
12897,774,20,粮油,2010,食用油,201001,大豆油,20150202,201502,DW-2010010005,2.5L,一般商品,瓶,1,23.8,23.9,否
12898,1119,13,熟食,1301,凉拌熟食,130101,凉拌素食,20150202,201502,DW-1301010076,散称,联营商品,kg,0.99,13.5,20,否
12899,1119,22,休闲,2205,炒货,220501,核桃/肉,20150202,201502,DW-2205010054,散称,一般商品,kg,0.704,35.2,39.8,否
12900,1193,12,蔬果,1201,蔬菜,120102,根茎,20150202,201502,DW-1201020045,散称,生鲜,千克,0.531,3.07,7.6,否
12901,1193,12,蔬果,1201,蔬菜,120104,花果,20150202,201502,DW-1201040035,散称,生鲜,千克,0.298,3.21,9.6,否
12902,1538,12,蔬果,1203,水果,120309,进口水果,20150202,201502,DW-1203090210,散称,生鲜,KG,1.394,16.4,17.6,否
12903,2081,20,粮油,2008,调味料,200804,其他鲜味精,20150202,201502,DW-2008040010,250g,一般商品,袋,1,7.5,8.2,否
12904,2180,12,蔬果,1201,蔬菜,120101,叶菜,20150202,201502,DW-1201010029,散称,生鲜,千克,0.548,2.61,2.56,否
12905,1538,12,蔬果,1203,水果,120301,柑桔柚类,20150202,201502,DW-1203010290,散称,生鲜,KG,1.042,11,2,否
12906,1664,22,休闲,2205,炒货,220513,香瓜子,20150202,201502,DW-2205130054,150g,一般商品,袋,1,5.2,5.2,否
12907,2067,15,日配,1505,冷藏乳品,150501,冷藏原味酸乳,20150202,201502,DW-1505010117,200g,一般商品,盒,1,6.5,6.5,否
12908,2081,20,粮油,2001,袋装速食面,200199,其他袋装面,20150202,201502,DW-2001990004,111g*5,一般商品,包,1,12.5,14.7,否
12909,2449,10,肉禽,1001,猪肉,100101,鲜猪肉,20150202,201502,DW-1001010194,散称,生鲜,千克,0.272,7.34,29.8,否
12910,2803,11,水产,1103,干货水产,110302,干货虾蟹贝类,20150202,201502,DW-1103020061,散称,生鲜,千克,0.336,19.42,30,否
12911,2803,30,洗化,3013,口腔卫生用品,301301,成人牙膏,20150202,201502,DW-3013010549,105g,一般商品,支,1,15.5,15.9,否
12912,3222,30,洗化,3018,卫生巾,301804,卫生护垫,20150202,201502,DW-3018040077,80片,一般商品,包,1,9.9,9.9,否
12913,2180,12,蔬果,1201,蔬菜,120106,菌菇类,20150202,201502,DW-1201060009,散称,生鲜,千克,0.326,5.14,7.47,否
12914,2192,30,洗化,3008,洗护发用品,300804,美发造型,20150202,201502,DW-3008040259,165ml,一般商品,瓶,1,9.9,9.9,否
12915,2195,22,休闲,2208,口香糖,220802,有糖口香糖,20150202,201502,DW-2208020019,64g,一般商品,瓶,1,9.2,9.7,否
12916,2225,20,粮油,2009,盐/糖,200901,普通盐,20150202,201502,DW-2009010002,500g,一般商品,袋,1,1.5,1.5,否
12917,2257,13,熟食,1308,现制中式面点,130801,现制蒸类,20150202,201502,DW-1308010191,散称,生鲜,千克,0.545,2.17,6,否
12918,2360,15,日配,1518,常温乳品,151813,利乐砖乳酸菌,20150202,201502,DW-1518130011,200ml,一般商品,盒,12,58.8,5.3,是
12919,2485,15,日配,1505,冷藏乳品,150502,冷藏加味酸乳,20150202,201502,DW-1505020005,100g*8,一般商品,组,1,9.9,15.5,是
12920,1664,22,休闲,2201,饼干,220102,夹心,20150202,201502,DW-2201020058,130g,一般商品,袋,1,5.5,5.5,否
12921,3632,12,蔬果,1203,水果,120302,苹果类,20150202,201502,DW-1203020212,散称,生鲜,KG,2.502,29.9,4.98,否
12922,3738,12,蔬果,1201,蔬菜,120106,菌菇类,20150202,201502,DW-1201060003,散称,生鲜,千克,0.666,1.99,6.56,否
12923,4375,23,酒饮,2317,进口饮料,231703,进口技能饮料,20150202,201502,DW-2317030012,355ml,一般商品,瓶,1,14.5,14.5,否
12924,4375,23,酒饮,2317,进口饮料,231703,进口技能饮料,20150202,201502,DW-2317030013,355ml,一般商品,瓶,1,14.5,14.5,否
12925,2803,20,粮油,2008,调味料,200811,即食汤料,20150202,201502,DW-2008110001,100g,一般商品,袋,1,11.9,11.9,否
12926,2863,12,蔬果,1201,蔬菜,120102,根茎,20150202,201502,DW-1201020017,散称,生鲜,千克,0.683,3.92,2.56,否
12927,2427,12,蔬果,1203,水果,120302,苹果类,20150202,201502,DW-1203020175,散称,生鲜,KG,2.552,42.3,27.8,否
12928,2427,22,休闲,2201,饼干,220102,夹心,20150202,201502,DW-2201020005,130g,一般商品,袋,4,21.2,5.3,否
12929,2449,12,蔬果,1201,蔬菜,120104,花果,20150202,201502,DW-1201040049,散称,生鲜,千克,0.386,1.54,5.8,否
12930,769,11,水产,1103,干货水产,110301,干货鱼类,20150202,201502,DW-1103010066,散称,生鲜,千克,0.86,26.6,30,否
12931,1592,12,蔬果,1201,蔬菜,120109,其它蔬菜,20150202,201502,DW-1201090311, ,生鲜,个,4,2,2,否
12932,1664,20,粮油,2001,袋装速食面,200105,干脆面,20150202,201502,DW-2001050010,25g,一般商品,袋,1,0.5,0.5,否
12933,1664,22,休闲,2202,糕点,220299,其他糕点,20150202,201502,DW-2202990075,168g,一般商品,袋,1,6.9,11.3,是
12934,469,15,日配,1521,蛋类,152101,新鲜蛋品,20150202,201502,DW-1521010005,散称,一般商品,千克,0.716,6.4,6.78,否
12935,3632,12,蔬果,1203,水果,120309,进口水果,20150202,201502,DW-1203090210,散称,生鲜,KG,1.428,16.8,17.6,否
12936,2081,22,休闲,2208,口香糖,220801,无糖口香糖,20150202,201502,DW-2208010010,56g,一般商品,瓶,1,9.9,9.9,否
12937,2192,30,洗化,3018,卫生巾,301804,卫生护垫,20150202,201502,DW-3018040184,8P,一般商品,包,1,5.5,5.7,否
12938,2325,34,针织,3412,毯子,341206,双人电热毯,20150202,201502,DW-3412060041,180*150,一般商品,条,1,109,109,否
12939,3222,20,粮油,2007,南北干货,200706,红枣,20150202,201502,DW-2007060085,500g,一般商品,袋,1,43.9,44.9,否
12940,3261,23,酒饮,2303,果汁饮料,230304,植物蛋白饮料,20150202,201502,DW-2303040022,500ml,一般商品,瓶,1,3.8,4,否
12941,4305,12,蔬果,1202,加工豆类,120201,豆腐,20150202,201502,DW-1202018073,散称,生鲜,千克,0.478,2.18,2.96,否
12942,4327,31,家居,3117,厨房清洁,311706,锅刷,20150202,201502,DW-3117060013,8032,一般商品,个,2,13.8,6,否
12943,4375,23,酒饮,2310,葡萄/果酒,231006,汽泡酒/香槟,20150202,201502,DW-2310060006,350ml,一般商品,瓶,1,15.5,15.9,否
12944,560,20,粮油,2008,调味料,200807,调理粉,20150202,201502,DW-2008070018,35g,一般商品,袋,1,3.5,3.7,否
12945,1119,30,洗化,3013,口腔卫生用品,301303,成人牙刷,20150202,201502,DW-3013030401,2004,一般商品,支,1,22.5,24.7,否
12946,3738,12,蔬果,1201,蔬菜,120102,根茎,20150202,201502,DW-1201020029,散称,生鲜,千克,1.274,3.82,3.96,否
12947,4305,20,粮油,2006,五谷杂粮,200601,散称白米,20150202,201502,DW-2006010003,散称,一般商品,千克,1.275,6.86,5.58,否
12948,4313,20,粮油,2008,调味料,200899,其他调味料,20150202,201502,DW-2008990010,100g,一般商品,盒,1,8.9,8.9,否
12949,4568,12,蔬果,1201,蔬菜,120101,叶菜,20150202,201502,DW-1201010005,散称,生鲜,千克,0.572,2.84,5.8,否
12950,4840,12,蔬果,1201,蔬菜,120101,叶菜,20150202,201502,DW-1201010029,散称,生鲜,千克,1.106,5.2,2.56,否
12951,5039,15,日配,1517,常温肉制品,151701,猪肉火腿肠,20150202,201502,DW-1517010009,115g,一般商品,根,1,3.2,3.3,否
12952,4723,12,蔬果,1203,水果,120303,梨类,20150202,201502,DW-1203030155,散称,生鲜,KG,1.496,8,11.98,否
12953,4636,22,休闲,2206,即食熟制品,220607,豆干类,20150202,201502,DW-2206070248,150g,一般商品,袋,1,3.9,3.9,否
12954,4636,30,洗化,3016,纸制品,301603,无芯纸,20150202,201502,DW-3016030048,1000g,一般商品,包,1,12.9,17.7,是
12955,4840,20,粮油,2011,液体调料,201111,料酒,20150202,201502,DW-2011110036,1.75L,一般商品,桶,1,12.5,12.9,否
12956,5039,12,蔬果,1201,蔬菜,120102,根茎,20150202,201502,DW-1201020029,散称,生鲜,千克,0.825,3.4,3.96,否
12957,1119,20,粮油,2011,液体调料,201105,香醋,20150202,201502,DW-2011050017,500ml,一般商品,瓶,1,5.9,5.9,否
12958,1119,22,休闲,2205,炒货,220501,核桃/肉,20150202,201502,DW-2205010054,散称,一般商品,kg,0.708,35.4,39.8,否
12959,581,12,蔬果,1201,蔬菜,120104,花果,20150202,201502,DW-1201040022,散称,生鲜,千克,0.522,6.14,5.6,否
12960,769,12,蔬果,1203,水果,120307,蕉类,20150202,201502,DW-1203070022,散称,生鲜,KG,1.14,5.2,5.96,否
12961,774,12,蔬果,1201,蔬菜,120101,叶菜,20150202,201502,DW-1201010020, ,生鲜,包,1,3.6,4.98,否
12962,786,15,日配,1518,常温乳品,151810,百利包加味奶,20150202,201502,DW-1518100001,200ml,一般商品,袋,4,8,2,否
12963,1119,30,洗化,3016,纸制品,301603,无芯纸,20150202,201502,DW-3016030106,10卷1kg,一般商品,提,1,11.9,15.5,是
12964,1193,11,水产,1103,干货水产,110302,干货虾蟹贝类,20150202,201502,DW-1103020019,散称,生鲜,kg,0.166,10.62,79.2,否
12965,1193,12,蔬果,1202,加工豆类,120201,豆腐,20150202,201502,DW-1202018267,块,生鲜,块,3,4.5,1.5,否
12966,1193,13,熟食,1306,中式熟菜,130603,中式水产熟菜,20150202,201502,DW-1306030023,散称,生鲜,kg,0.256,8.19,28,否
12967,3399,12,蔬果,1201,蔬菜,120101,叶菜,20150202,201502,DW-1201010005,散称,生鲜,千克,0.831,4.1,5.8,否
12968,3632,20,粮油,2015,罐头,201501,八宝粥,20150202,201502,DW-2015010043,360g,一般商品,听,12,39.6,3.3,否
12969,3738,12,蔬果,1203,水果,120307,蕉类,20150202,201502,DW-1203070022,散称,生鲜,KG,2.015,9.23,5.96,否
12970,1515,12,蔬果,1202,加工豆类,120204,豆干豆皮,20150202,201502,DW-1202048046,散称,生鲜,千克,0.284,3,9.96,否
12971,1664,22,休闲,2201,饼干,220109,薄脆,20150202,201502,DW-2201090025,65g,一般商品,袋,1,1.5,1.5,否
12972,1664,23,酒饮,2306,运动机能饮料,230604,健康机能饮料,20150202,201502,DW-2306040024,500ml,一般商品,瓶,1,3.3,4,否
12973,1664,22,休闲,2201,饼干,220108,粗粮/蔬菜,20150202,201502,DW-2201080018,108g,一般商品,袋,1,3.3,3.7,否
12974,1939,12,蔬果,1201,蔬菜,120104,花果,20150202,201502,DW-1201040052,散称,生鲜,千克,0.324,3.29,16,否
12975,2067,12,蔬果,1201,蔬菜,120101,叶菜,20150202,201502,DW-1201010004,散称,生鲜,千克,0.456,3.03,5.6,否
12976,2067,22,休闲,2208,口香糖,220801,无糖口香糖,20150202,201502,DW-2208010046,35粒,一般商品,盒,1,10,10,否
12977,2081,22,休闲,2201,饼干,220106,钙奶,20150202,201502,DW-2201060016,200g,一般商品,袋,1,3.9,3.9,否
12978,2152,30,洗化,3016,纸制品,301606,手帕纸,20150202,201502,DW-3016060035,10包,一般商品,条,1,5.9,5.9,否
12979,2257,15,日配,1521,蛋类,152101,新鲜蛋品,20150202,201502,DW-1521010005,散称,一般商品,千克,0.89,7.99,6.78,否
12980,1828,15,日配,1517,常温肉制品,151701,猪肉火腿肠,20150202,201502,DW-1517010003,60g*10,一般商品,袋,1,13.9,16.3,是
12981,1939,12,蔬果,1201,蔬菜,120101,叶菜,20150202,201502,DW-1201010023,散称,生鲜,千克,0.591,1.88,2.56,否
12982,1939,12,蔬果,1201,蔬菜,120109,其它蔬菜,20150202,201502,DW-1201090311, ,生鲜,个,4,2,2,否
12983,2067,20,粮油,2005,煮食面/粉,200505,鸡蛋挂面,20150202,201502,DW-2005050017,500g,一般商品,筒,1,4.5,4.7,否
12984,469,20,粮油,2012,调味油,201203,花椒油,20150202,201502,DW-2012030002,100mL,一般商品,瓶,1,8.5,8.5,否
12985,469,22,休闲,2203,膨化点心,220301,米制点心,20150202,201502,DW-2203010111,160g,一般商品,袋,1,5.9,8.7,是
12986,579,12,蔬果,1201,蔬菜,120109,其它蔬菜,20150202,201502,DW-1201090310, ,生鲜,袋,1,4.4,18,否
12987,4990,12,蔬果,1201,蔬菜,120101,叶菜,20150202,201502,DW-1201010004,散称,生鲜,千克,0.232,1.56,5.6,否
12988,1828,15,日配,1505,冷藏乳品,150502,冷藏加味酸乳,20150202,201502,DW-1505020001,100g*6,一般商品,组,1,11.9,14.9,是
12989,1939,10,肉禽,1004,鸡产品,100402,分割鸡件,20150202,201502,DW-1004020002,散称,生鲜,千克,0.49,8.33,19,否
12990,2067,15,日配,1505,冷藏乳品,150504,冷藏乳酸菌,20150202,201502,DW-1505040001,100g*8,一般商品,组,1,10.9,12.9,是
12991,2152,12,蔬果,1202,加工豆类,120201,豆腐,20150202,201502,DW-1202018073,散称,生鲜,千克,0.515,2.36,2.96,否
12992,2420,12,蔬果,1201,蔬菜,120102,根茎,20150202,201502,DW-1201020043,散称,生鲜,千克,0.529,1.46,1.8,否
12993,769,12,蔬果,1201,蔬菜,120103,芽菜,20150202,201502,DW-1201030002,散称,生鲜,千克,0.346,1.03,2.78,否
12994,812,22,休闲,2212,无糖食品,221202,无糖休闲食品,20150202,201502,DW-2212020449,1kg,一般商品,盒,1,25,25,否
12995,1664,20,粮油,2002,袋装速食面组,200201,牛肉口味,20150202,201502,DW-2002010021,114g*5,一般商品,包,1,7.5,7.5,否
12996,2360,15,日配,1518,常温乳品,151813,利乐砖乳酸菌,20150202,201502,DW-1518130016,205g,一般商品,盒,12,49,5.5,是
12997,2360,21,冲调,2105,冲调食品,210501,麦片/粉,20150202,201502,DW-2105010039,1000g,一般商品,桶,1,25.9,30.9,是
12998,2483,15,日配,1505,冷藏乳品,150504,冷藏乳酸菌,20150202,201502,DW-1505040001,100g*8,一般商品,组,1,10.9,12.9,是
12999,2803,10,肉禽,1004,鸡产品,100402,分割鸡件,20150202,201502,DW-1004020001,散称,生鲜,千克,0.83,29.71,35.8,否
13000,2803,30,洗化,3016,纸制品,301608,软抽纸巾,20150202,201502,DW-3016080270,400张*6,一般商品,提,1,9.9,13.9,是
13001,2863,12,蔬果,1201,蔬菜,120101,叶菜,20150202,201502,DW-1201010006,散称,生鲜,千克,0.098,1.07,12,否
13002,3261,22,休闲,2201,饼干,220101,苏打,20150202,201502,DW-2201010004,100g,一般商品,袋,1,3.5,3.5,否
13003,2449,12,蔬果,1201,蔬菜,120104,花果,20150202,201502,DW-1201040042,散称,生鲜,千克,0.541,3.67,7.8,否
13004,2564,15,日配,1505,冷藏乳品,150503,冷藏果粒酸乳,20150202,201502,DW-1505030006,250g,一般商品,盒,1,6.9,6.9,否
13005,3517,23,酒饮,2306,运动机能饮料,230604,健康机能饮料,20150202,201502,DW-2306040038,1L,一般商品,瓶,2,11.8,6,否
13006,3642,12,蔬果,1201,蔬菜,120103,芽菜,20150202,201502,DW-1201030002,散称,生鲜,千克,0.852,1.24,2.78,否
13007,3798,12,蔬果,1201,蔬菜,120104,花果,20150202,201502,DW-1201040010,散称,生鲜,千克,0.478,3.71,2.58,否
13008,3798,15,日配,1518,常温乳品,151899,其他常温乳品,20150202,201502,DW-1518990064,190ml,一般商品,盒,1,4,4,否
13009,1664,22,休闲,2203,膨化点心,220302,袋装薯片,20150202,201502,DW-2203020004,50g,一般商品,袋,1,2.9,2.9,否
13010,1664,22,休闲,2206,即食熟制品,220608,肉松,20150202,201502,DW-2206080062,50g,一般商品,袋,1,6.9,9.5,是
13011,3414,12,蔬果,1203,水果,120302,苹果类,20150202,201502,DW-1203020164,散称,生鲜,KG,1.186,10.15,17.8,否
13012,3738,12,蔬果,1201,蔬菜,120104,花果,20150202,201502,DW-1201040004,散称,生鲜,千克,1.042,5.21,5.8,否
13013,3817,22,休闲,2202,糕点,220208,散称糕点,20150202,201502,DW-2202080010,散称,一般商品,KG,0.22,5.5,25,否
13014,2626,20,粮油,2008,调味料,200806,香辛料,20150202,201502,DW-2008060056,125g,一般商品,袋,1,5,5.3,否
13015,3399,12,蔬果,1202,加工豆类,120205,豆类料理,20150202,201502,DW-1202058118,250g,生鲜,袋,1,5.5,5.8,否
13016,560,12,蔬果,1202,加工豆类,120201,豆腐,20150202,201502,DW-1202018269,块,生鲜,块,1,2,2,否
13017,574,12,蔬果,1201,蔬菜,120103,芽菜,20150202,201502,DW-1201030001,散称,生鲜,千克,0.275,0.71,1.76,否
13018,786,12,蔬果,1201,蔬菜,120101,叶菜,20150202,201502,DW-1201010005,散称,生鲜,千克,0.562,2.79,5.8,否
13019,786,12,蔬果,1201,蔬菜,120104,花果,20150202,201502,DW-1201040026,散称,生鲜,千克,0.43,2.74,1.98,否
13020,1119,20,粮油,2013,调味酱,201301,番茄酱,20150202,201502,DW-2013010014,340g,一般商品,瓶,1,6.5,6.7,否
13021,4296,12,蔬果,1201,蔬菜,120101,叶菜,20150202,201502,DW-1201010004,散称,生鲜,千克,0.24,1.62,5.6,否
13022,4305,12,蔬果,1201,蔬菜,120104,花果,20150202,201502,DW-1201040035,散称,生鲜,千克,0.092,0.96,9.6,否
13023,4313,12,蔬果,1201,蔬菜,120102,根茎,20150202,201502,DW-1201020029,散称,生鲜,千克,0.406,1.69,3.96,否
13024,4568,12,蔬果,1201,蔬菜,120102,根茎,20150202,201502,DW-1201020045,散称,生鲜,千克,0.304,1.75,7.6,否
13025,4568,12,蔬果,1202,加工豆类,120204,豆干豆皮,20150202,201502,DW-1202048046,散称,生鲜,千克,0.272,2.8,9.96,否
13026,2067,12,蔬果,1205,其它加工,120501,咸菜干货,20150202,201502,DW-1205010195,散称,生鲜,千克,0.12,4.77,50,否
13027,2225,12,蔬果,1201,蔬菜,120102,根茎,20150202,201502,DW-1201020008,散称,生鲜,千克,0.572,3.42,5.8,否
13028,2225,13,熟食,1302,卤制熟食,130201,卤制畜类,20150202,201502,DW-1302010085,散称,联营商品,kg,0.458,25.7,56,否
13029,2420,30,洗化,3016,纸制品,301603,无芯纸,20150202,201502,DW-3016030141,10+2卷,一般商品,提,1,13.9,15.9,否
13030,2485,20,粮油,2015,罐头,201501,八宝粥,20150202,201502,DW-2015010049,280g,一般商品,听,1,3.8,3.8,否
13031,4296,22,休闲,2202,糕点,220299,其他糕点,20150202,201502,DW-2202990154,散装,一般商品,KG,0.252,4.98,19.8,否
13032,4305,12,蔬果,1201,蔬菜,120106,菌菇类,20150202,201502,DW-1201060003,散称,生鲜,千克,0.158,1.26,6.56,否
13033,3798,12,蔬果,1201,蔬菜,120104,花果,20150202,201502,DW-1201040049,散称,生鲜,千克,0.65,4.22,5.8,否
13034,4375,23,酒饮,2317,进口饮料,231703,进口技能饮料,20150202,201502,DW-2317030014,355ml,一般商品,瓶,1,14.5,14.5,否
13035,4477,15,日配,1505,冷藏乳品,150501,冷藏原味酸乳,20150202,201502,DW-1505010013,150g,一般商品,袋,1,2.4,2.4,否
13036,2564,12,蔬果,1201,蔬菜,120102,根茎,20150202,201502,DW-1201020013,散称,生鲜,千克,0.482,1.43,4,否
13037,2803,30,洗化,3013,口腔卫生用品,301303,成人牙刷,20150202,201502,DW-3013030397,1019,一般商品,支,1,10.5,19.7,是
13038,2997,20,粮油,2011,液体调料,201103,凉拌酱油,20150202,201502,DW-2011030015,500mL,一般商品,瓶,1,5.5,5.7,否
13039,4636,12,蔬果,1203,水果,120301,柑桔柚类,20150202,201502,DW-1203010290,散称,生鲜,KG,0.74,7.82,2,否
13040,4990,12,蔬果,1202,加工豆类,120201,豆腐,20150202,201502,DW-1202018073,散称,生鲜,千克,0.491,2.25,2.96,否
13041,4723,15,日配,1521,蛋类,152101,新鲜蛋品,20150202,201502,DW-1521010005,散称,一般商品,千克,0.776,6.96,6.78,否
13042,2080,12,蔬果,1201,蔬菜,120103,芽菜,20150202,201502,DW-1201030001,散称,生鲜,千克,0.538,1.3,1.76,否
13043,2081,20,粮油,2005,煮食面/粉,200502,杂粮挂面,20150202,201502,DW-2005020008,1000g,一般商品,卷,1,9.5,9.9,否
13044,2180,12,蔬果,1201,蔬菜,120106,菌菇类,20150202,201502,DW-1201060010,散称,生鲜,千克,0.428,5.46,9,否
13045,2195,13,熟食,1301,凉拌熟食,130101,凉拌素食,20150202,201502,DW-1301010076,散称,联营商品,kg,0.814,11.1,20,否
13046,2360,22,休闲,2203,膨化点心,220306,综合包,20150202,201502,DW-2203060010,650g,一般商品,袋,1,33.5,33.9,否
13047,3642,12,蔬果,1201,蔬菜,120101,叶菜,20150202,201502,DW-1201010023,散称,生鲜,千克,1.424,4.53,2.56,否
13048,3738,22,休闲,2205,炒货,220502,带壳花生,20150202,201502,DW-2205020048,散称,一般商品,kg,0.49,5.78,11.8,否
13049,3738,22,休闲,2205,炒货,220513,香瓜子,20150202,201502,DW-2205130089,散装,一般商品,KG,0.426,5.87,13.8,否
13050,3817,15,日配,1521,蛋类,152101,新鲜蛋品,20150202,201502,DW-1521010005,散称,一般商品,千克,1.738,15.6,6.78,否
13051,2420,30,洗化,3018,卫生巾,301801,日用卫生巾,20150202,201502,DW-3018010131,10片,一般商品,包,1,7.9,9.5,是
13052,2564,20,粮油,2011,液体调料,201103,凉拌酱油,20150202,201502,DW-2011030005,500mL,一般商品,瓶,1,6.9,6.9,否
13053,2803,30,洗化,3016,纸制品,301603,无芯纸,20150202,201502,DW-3016030106,10卷1kg,一般商品,提,1,11.9,15.5,是
13054,4840,20,粮油,2013,调味酱,201306,甜面/豆瓣酱,20150202,201502,DW-2013060018,250g,一般商品,袋,1,4.5,4.7,否
13055,3222,30,洗化,3016,纸制品,301606,手帕纸,20150202,201502,DW-3016060021,10包,一般商品,条,1,7.9,7.9,否
13056,3222,30,洗化,3018,卫生巾,301804,卫生护垫,20150202,201502,DW-3018040071,20片,一般商品,包,1,4.5,4.7,否
13057,3817,12,蔬果,1201,蔬菜,120104,花果,20150202,201502,DW-1201040036,散称,生鲜,千克,0.926,4.05,1.8,否
13058,4636,15,日配,1505,冷藏乳品,150501,冷藏原味酸乳,20150202,201502,DW-1505010115,330ml,一般商品,瓶,1,4.5,6,是
13059,4835,20,粮油,2010,食用油,201002,调和油,20150202,201502,DW-2010020008,2.5L,一般商品,瓶,1,29.5,29.5,否
13060,4990,12,蔬果,1201,蔬菜,120102,根茎,20150202,201502,DW-1201020029,散称,生鲜,千克,0.634,2.6,3.96,否
13061,4990,12,蔬果,1201,蔬菜,120105,鲜调味,20150202,201502,DW-1201050255,散称,生鲜,千克,0.084,0.53,9.6,否
13062,98,12,蔬果,1201,蔬菜,120106,菌菇类,20150203,201502,DW-1201060002,散称,生鲜,千克,0.33,4,18,否
13063,221,10,肉禽,1001,猪肉,100104,猪骨,20150203,201502,DW-1001040125,散称,生鲜,千克,1.498,56.62,41.8,否
13064,221,12,蔬果,1203,水果,120309,进口水果,20150203,201502,DW-1203090210,散称,生鲜,KG,0.698,8.36,17.6,否
13065,272,12,蔬果,1201,蔬菜,120105,鲜调味,20150203,201502,DW-1201050004,散称,生鲜,千克,0.227,1.36,5.98,否
13066,328,22,休闲,2202,糕点,220202,蛋糕,20150203,201502,DW-2202020098,28g*4,一般商品,盒,1,7.9,7.9,否
13067,394,22,休闲,2203,膨化点心,220399,其他膨化点心,20150203,201502,DW-2203990005,50g,一般商品,袋,1,2.7,2.7,否
13068,405,22,休闲,2208,口香糖,220801,无糖口香糖,20150203,201502,DW-2208010050,40粒,一般商品,瓶,1,10.9,10.9,否
13069,486,21,冲调,2104,冲饮品,210402,奶茶饮品,20150203,201502,DW-2104020042,80g,一般商品,杯,1,3.2,3.2,否
13070,537,30,洗化,3016,纸制品,301602,平板纸,20150203,201502,DW-3016020006,460g,一般商品,包,1,3,3.7,是
13071,851,12,蔬果,1201,蔬菜,120104,花果,20150203,201502,DW-1201040004,散称,生鲜,千克,0.524,5,5.8,否
13072,1052,12,蔬果,1201,蔬菜,120106,菌菇类,20150203,201502,DW-1201060002,散称,生鲜,千克,0.462,5.71,18,否
13073,1351,15,日配,1505,冷藏乳品,150504,冷藏乳酸菌,20150203,201502,DW-1505040001,100g*8,一般商品,组,1,8.9,12.9,是
13074,1453,22,休闲,2202,糕点,220202,蛋糕,20150203,201502,DW-2202020170,100g,一般商品,袋,1,5.5,7.9,是
13075,1453,22,休闲,2202,糕点,220299,其他糕点,20150203,201502,DW-2202990074,168g,一般商品,袋,1,6.9,11.3,是
13076,1538,22,休闲,2209,巧克力,220904,牛奶巧克力,20150203,201502,DW-2209040042,82g,一般商品,袋,1,12.5,16.5,是
13077,1770,12,蔬果,1203,水果,120302,苹果类,20150203,201502,DW-1203020164,散称,生鲜,KG,0.812,6.96,17.8,否
13078,2085,21,冲调,2104,冲饮品,210402,奶茶饮品,20150203,201502,DW-2104020023,80g,一般商品,杯,1,2.5,3,否
13079,2085,31,家居,3116,保鲜用品,311604,保鲜袋,20150203,201502,DW-3116040001,35*25,一般商品,袋,1,4,4,否
13080,2476,20,粮油,2009,盐/糖,200903,绵白糖,20150203,201502,DW-2009030002,散称,一般商品,kg,1,6,6.8,否
13081,2476,23,酒饮,2308,豆奶,230801,纯豆奶,20150203,201502,DW-2308010017,250ml,一般商品,盒,1,2.5,2.5,否
13082,2840,15,日配,1517,常温肉制品,151701,猪肉火腿肠,20150203,201502,DW-1517010003,60g*10,一般商品,袋,1,13.9,16.3,是
13083,3326,12,蔬果,1202,加工豆类,120201,豆腐,20150203,201502,DW-1202018267,块,生鲜,块,2,3,1.5,否
13084,3419,12,蔬果,1201,蔬菜,120102,根茎,20150203,201502,DW-1201020025,散称,生鲜,千克,0.953,2.84,2.56,否
13085,3860,12,蔬果,1201,蔬菜,120102,根茎,20150203,201502,DW-1201020013,散称,生鲜,千克,0.386,1.15,4,否
13086,3860,30,洗化,3013,口腔卫生用品,301301,成人牙膏,20150203,201502,DW-3013010006,90g,一般商品,支,1,18.2,18.9,否
13087,4169,13,熟食,1301,凉拌熟食,130101,凉拌素食,20150203,201502,DW-1301010076,散称,联营商品,kg,0.79,10.7,20,否
13088,4249,12,蔬果,1201,蔬菜,120101,叶菜,20150203,201502,DW-1201010395,散称,生鲜,Kg,0.246,1.56,6,否
13089,4540,22,休闲,2202,糕点,220208,散称糕点,20150203,201502,DW-2202080032, ,一般商品,KG,0.312,6.16,23.8,是
13090,4886,12,蔬果,1201,蔬菜,120104,花果,20150203,201502,DW-1201040036,散称,生鲜,千克,0.588,2.16,1.8,否
13091,5089,15,日配,1505,冷藏乳品,150504,冷藏乳酸菌,20150203,201502,DW-1505040017,100ml*5,一般商品,组,1,11.5,11.5,否
13092,221,12,蔬果,1203,水果,120301,柑桔柚类,20150203,201502,DW-1203010290,散称,生鲜,KG,1.212,12.82,2,否
13093,328,15,日配,1521,蛋类,152101,新鲜蛋品,20150203,201502,DW-1521010005,散称,一般商品,千克,0.876,7.8,6.78,否
13094,405,20,粮油,2011,液体调料,201101,老抽酱油,20150203,201502,DW-2011010024,620mL,一般商品,瓶,1,6.9,6.9,否
13095,988,10,肉禽,1001,猪肉,100104,猪骨,20150203,201502,DW-1001040133,散称,生鲜,千克,1.33,30.59,25.8,否
13096,988,20,粮油,2013,调味酱,201306,甜面/豆瓣酱,20150203,201502,DW-2013060014,180g,一般商品,袋,1,2,2,否
13097,988,20,粮油,2013,调味酱,201306,甜面/豆瓣酱,20150203,201502,DW-2013060015,180g,一般商品,袋,1,2,2,否
13098,988,22,休闲,2202,糕点,220201,派,20150203,201502,DW-2202010026,360g,一般商品,盒,1,10.8,18.9,是
13099,1370,12,蔬果,1201,蔬菜,120101,叶菜,20150203,201502,DW-1201010005,散称,生鲜,千克,0.42,2.09,5.8,否
13100,1453,22,休闲,2201,饼干,220111,趣味/休闲,20150203,201502,DW-2201110032,65g,一般商品,盒,1,4.5,4.5,否
13101,1453,22,休闲,2204,蜜饯,220405,山楂,20150203,201502,DW-2204050029,100g,一般商品,扎,1,3.9,3.9,否
13102,1993,12,蔬果,1203,水果,120302,苹果类,20150203,201502,DW-1203020162,散称,生鲜,KG,0.796,10.31,7.98,否
13103,2462,33,文体,3319,笔类,331907,白板笔,20150203,201502,DW-3319070016,7182,一般商品,支,1,2,2.3,否
13104,2476,22,休闲,2202,糕点,220201,派,20150203,201502,DW-2202010026,360g,一般商品,盒,1,10.8,18.9,是
13105,3419,12,蔬果,1201,蔬菜,120102,根茎,20150203,201502,DW-1201020045,散称,生鲜,千克,0.816,4.71,7.6,否
13106,3419,12,蔬果,1202,加工豆类,120201,豆腐,20150203,201502,DW-1202018073,散称,生鲜,千克,0.548,2.5,2.96,否
13107,3860,10,肉禽,1001,猪肉,100101,鲜猪肉,20150203,201502,DW-1001010191,散称,生鲜,千克,0.348,9.33,29.8,否
13108,3923,20,粮油,2005,煮食面/粉,200506,蔬菜挂面,20150203,201502,DW-2005060016,500g,一般商品,筒,1,4.5,4.7,否
13109,4540,14,烘焙,1403,现制西式糕点,140301,现制西式糕点,20150203,201502,DW-1403010085,散称,生鲜,千克,0.312,6.24,16,否
13110,4540,30,洗化,3018,卫生巾,301804,卫生护垫,20150203,201502,DW-3018040187,22p,一般商品,包,1,4.5,4.9,是
13111,4885,15,日配,1518,常温乳品,151802,利乐砖加味奶,20150203,201502,DW-1518020050,240ml,一般商品,盒,1,5,5,否
13112,4885,15,日配,1521,蛋类,152101,新鲜蛋品,20150203,201502,DW-1521010005,散称,一般商品,千克,0.918,8.24,6.78,否
13113,272,10,肉禽,1001,猪肉,100101,鲜猪肉,20150203,201502,DW-1001010205,散称,生鲜,千克,0.312,6.8,19.8,否
13114,272,12,蔬果,1201,蔬菜,120101,叶菜,20150203,201502,DW-1201010005,散称,生鲜,千克,0.506,2.5,5.8,否
13115,272,12,蔬果,1201,蔬菜,120102,根茎,20150203,201502,DW-1201020010,散称,生鲜,千克,0.89,1.94,3.8,否
13116,272,12,蔬果,1201,蔬菜,120104,花果,20150203,201502,DW-1201040036,散称,生鲜,千克,0.57,2.1,1.8,否
13117,405,30,洗化,3011,保养用品,301102,洁面乳,20150203,201502,DW-3011020648,100g,一般商品,支,1,21.9,22.9,否
13118,535,30,洗化,3016,纸制品,301603,无芯纸,20150203,201502,DW-3016030118,200抽,一般商品,提,1,18.9,24.9,是
13119,551,15,日配,1518,常温乳品,151899,其他常温乳品,20150203,201502,DW-1518990050,200ml,一般商品,瓶,4,12,3,否
13120,560,20,粮油,2011,液体调料,201107,滴醋,20150203,201502,DW-2011070005,2250mL,一般商品,桶,1,12.9,12.9,否
13121,737,22,休闲,2201,饼干,220102,夹心,20150203,201502,DW-2201020093,106g,一般商品,盒,1,6.9,6.9,否
13122,1052,12,蔬果,1201,蔬菜,120106,菌菇类,20150203,201502,DW-1201060004,散称,生鲜,千克,0.412,4.44,16.8,否
13123,1331,12,蔬果,1201,蔬菜,120101,叶菜,20150203,201502,DW-1201010001,散称,生鲜,千克,0.158,1.7,5.56,否
13124,35,15,日配,1513,冷冻包子馒头,151301,甜馅包子,20150203,201502,DW-1513010001,360g,一般商品,袋,1,7.5,7.7,否
13125,98,20,粮油,2009,盐/糖,200902,功能盐,20150203,201502,DW-2009020012,400g,一般商品,袋,1,2.3,2.3,否
13126,200,30,洗化,3018,卫生巾,301801,日用卫生巾,20150203,201502,DW-3018010131,10片,一般商品,包,1,7.9,9.5,是
13127,221,12,蔬果,1201,蔬菜,120104,花果,20150203,201502,DW-1201040018,散称,生鲜,千克,0.298,3.39,7.6,否
13128,1993,14,烘焙,1403,现制西式糕点,140301,现制西式糕点,20150203,201502,DW-1403010085,散称,生鲜,千克,0.3,6,16,否
13129,405,31,家居,3119,卫浴用品,311902,浴球和浴花,20150203,201502,DW-3119020073,MHBASTC,一般商品,个,1,7.5,7.5,否
13130,486,21,冲调,2104,冲饮品,210402,奶茶饮品,20150203,201502,DW-2104020041,80g,一般商品,杯,1,3.2,3.2,否
13131,486,22,休闲,2203,膨化点心,220302,袋装薯片,20150203,201502,DW-2203020164,104g,一般商品,盒,1,7.8,8.5,否
13132,560,20,粮油,2008,调味料,200801,99%味精,20150203,201502,DW-2008010006,200g,一般商品,袋,3,10.5,3.9,否
13133,2257,12,蔬果,1201,蔬菜,120104,花果,20150203,201502,DW-1201040035,散称,生鲜,千克,0.494,5.9,9.6,否
13134,2257,20,粮油,2011,液体调料,201107,滴醋,20150203,201502,DW-2011070002,500mL,一般商品,瓶,1,4.2,4.2,否
13135,988,20,粮油,2011,液体调料,201110,其他醋,20150203,201502,DW-2011100002,450mL,一般商品,瓶,1,6.9,6.9,否
13136,221,12,蔬果,1201,蔬菜,120102,根茎,20150203,201502,DW-1201020044,散称,生鲜,千克,0.478,2.45,3.96,否
13137,405,30,洗化,3007,洗浴用品,300704,沐浴露,20150203,201502,DW-3007040522,400ml,一般商品,瓶,1,19.9,19.9,否
13138,486,22,休闲,2206,即食熟制品,220606,海苔,20150203,201502,DW-2206060019,4.5g,一般商品,袋,1,3.3,3.5,否
13139,110,23,酒饮,2306,运动机能饮料,230604,健康机能饮料,20150203,201502,DW-2306040015,600ml,一般商品,瓶,1,3.7,3.8,否
13140,221,12,蔬果,1201,蔬菜,120104,花果,20150203,201502,DW-1201040049,散称,生鲜,千克,0.574,3.43,5.8,否
13141,221,12,蔬果,1202,加工豆类,120205,豆类料理,20150203,201502,DW-1202058118,250g,生鲜,袋,1,5.5,5.8,否
13142,547,12,蔬果,1201,蔬菜,120102,根茎,20150203,201502,DW-1201020042,散称,生鲜,千克,0.488,5.3,7.8,否
13143,551,22,休闲,2202,糕点,220202,蛋糕,20150203,201502,DW-2202020177,散称,一般商品,KG,0.246,12.6,51.6,否
13144,560,20,粮油,2011,液体调料,201103,凉拌酱油,20150203,201502,DW-2011030009,800ml,一般商品,桶,1,5.9,6.7,否
13145,2790,15,日配,1515,冷冻火锅类,151503,火锅丸类,20150203,201502,DW-1515030007,散称,一般商品,千克,0.932,24,32.6,否
13146,405,31,家居,3122,地垫类,312205,马桶垫,20150203,201502,DW-3122050066,78,一般商品,只,1,13.9,16.9,是
13147,486,22,休闲,2203,膨化点心,220302,袋装薯片,20150203,201502,DW-2203020186,104g,一般商品,罐,1,7.5,7.5,否
13148,535,20,粮油,2010,食用油,201003,花生油,20150203,201502,DW-2010030004,5L,一般商品,瓶,1,138,145,否
13149,110,22,休闲,2201,饼干,220102,夹心,20150203,201502,DW-2201020028,130g,一般商品,袋,1,5.3,5.3,否
13150,737,22,休闲,2201,饼干,220102,夹心,20150203,201502,DW-2201020030,130g,一般商品,袋,1,5.3,5.3,否
13151,3326,23,酒饮,2303,果汁饮料,230304,植物蛋白饮料,20150203,201502,DW-2303040002,1L,一般商品,盒,1,10.5,12.7,是
13152,2257,20,粮油,2011,液体调料,201111,料酒,20150203,201502,DW-2011110003,350ml,一般商品,袋,1,1.9,1.9,否
13153,851,11,水产,1101,冰鲜水产,110107,贝蛤类,20150203,201502,DW-1101070017,散称,生鲜,kg,0.414,11.5,30,否
13154,1052,12,蔬果,1201,蔬菜,120102,根茎,20150203,201502,DW-1201020043,散称,生鲜,千克,0.838,2.32,1.8,否
13155,1052,12,蔬果,1201,蔬菜,120106,菌菇类,20150203,201502,DW-1201060009,散称,生鲜,千克,0.406,6.32,7.47,否
13156,1052,15,日配,1518,常温乳品,151813,利乐砖乳酸菌,20150203,201502,DW-1518130011,200ml,一般商品,盒,12,58.8,5.3,是
13157,394,22,休闲,2203,膨化点心,220302,袋装薯片,20150203,201502,DW-2203020019,40g,一般商品,袋,1,3.3,3.5,否
13158,486,22,休闲,2205,炒货,220512,豆类,20150203,201502,DW-2205120087,散称,一般商品,kg,0.518,9.2,19.8,否
13159,1370,12,蔬果,1203,水果,120309,进口水果,20150203,201502,DW-1203090210,散称,生鲜,KG,0.606,7.2,17.6,否
13160,2564,12,蔬果,1201,蔬菜,120102,根茎,20150203,201502,DW-1201020362,散称,生鲜,千克,0.468,3.45,3.98,否
13161,547,20,粮油,2014,酱菜类,201401,榨菜,20150203,201502,DW-2014010012,60g,一般商品,袋,2,1,0.5,否
13162,3860,12,蔬果,1201,蔬菜,120109,其它蔬菜,20150203,201502,DW-1201090032,散称,生鲜,千克,0.404,2.6,7.96,否
13163,2564,12,蔬果,1202,加工豆类,120201,豆腐,20150203,201502,DW-1202018073,散称,生鲜,千克,0.467,2.1,2.96,否
13164,4169,22,休闲,2201,饼干,220111,趣味/休闲,20150203,201502,DW-2201110062,48g,一般商品,盒,1,4.3,4.3,否
13165,4249,12,蔬果,1201,蔬菜,120103,芽菜,20150203,201502,DW-1201030001,散称,生鲜,千克,0.38,0.96,1.76,否
13166,2322,13,熟食,1301,凉拌熟食,130101,凉拌素食,20150203,201502,DW-1301010076,散称,联营商品,kg,0.308,7.4,20,否
13167,2257,20,粮油,2011,液体调料,201111,料酒,20150203,201502,DW-2011110013,500mL,一般商品,瓶,1,3.6,3.9,是
13168,1993,10,肉禽,1001,猪肉,100101,鲜猪肉,20150203,201502,DW-1001010194,散称,生鲜,千克,0.166,4.48,29.8,否
13169,98,12,蔬果,1201,蔬菜,120102,根茎,20150203,201502,DW-1201020037,散称,生鲜,千克,0.242,1.73,3.96,否
13170,110,22,休闲,2205,炒货,220503,去壳花生,20150203,201502,DW-2205030047,80g,一般商品,袋,1,2.9,2.9,否
13171,2702,22,休闲,2209,巧克力,220901,威化巧克力,20150203,201502,DW-2209010023,43g,一般商品,盒,1,8.5,8.5,否
13172,4579,15,日配,1518,常温乳品,151802,利乐砖加味奶,20150203,201502,DW-1518020052,250ml*12,一般商品,箱,1,58,76,是
13173,2427,22,休闲,2203,膨化点心,220399,其他膨化点心,20150203,201502,DW-2203990003,50g,一般商品,袋,1,3,3.3,否
13174,200,22,休闲,2202,糕点,220205,中式糕点,20150203,201502,DW-2202050141,散称,一般商品,KG,0.428,4.19,17.8,是
13175,221,12,蔬果,1201,蔬菜,120101,叶菜,20150203,201502,DW-1201010023,散称,生鲜,千克,0.406,1.2,2.56,否
13176,2890,12,蔬果,1201,蔬菜,120104,花果,20150203,201502,DW-1201040026,散称,生鲜,千克,0.633,4.04,1.98,否
13177,2222,10,肉禽,1001,猪肉,100102,猪下水,20150203,201502,DW-1001020104,散称,生鲜,千克,0.344,10.2,31,否
13178,4885,10,肉禽,1004,鸡产品,100404,调味鸡肉,20150203,201502,DW-1004040019,散称,生鲜,Kg,0.504,8.27,19.6,否
13179,4885,23,酒饮,2303,果汁饮料,230304,植物蛋白饮料,20150203,201502,DW-2303040015,245ml,一般商品,盒,1,2.9,2.9,否
13180,560,12,蔬果,1203,水果,120313,其它水果,20150203,201502,DW-1203130339,散称,生鲜,KG,0.58,8.1,19.8,否
13181,3182,20,粮油,2008,调味料,200809,淀/酵/碱粉,20150203,201502,DW-2008090024,200g,一般商品,袋,1,2,2.9,否
13182,2427,22,休闲,2203,膨化点心,220301,米制点心,20150203,201502,DW-2203010039,105g,一般商品,袋,1,7.8,8.5,否
13183,2462,23,酒饮,2311,国产白酒,231102,普通低度白酒,20150203,201502,DW-2311020222,42%500ml,一般商品,瓶,1,16.9,19.3,否
13184,3805,15,日配,1518,常温乳品,151805,利乐枕纯奶,20150203,201502,DW-1518050007,240ml,一般商品,袋,16,33.9,2.7,是
13185,3805,22,休闲,2203,膨化点心,220305,粟米类,20150203,201502,DW-2203050030,40g,一般商品,袋,1,3.8,3.9,否
13186,2702,22,休闲,2209,巧克力,220901,威化巧克力,20150203,201502,DW-2209010024,4条,一般商品,盒,1,7.9,8,否
13187,988,22,休闲,2201,饼干,220110,简装/压缩,20150203,201502,DW-2201100015,散称,一般商品,KG,0.264,5.21,19.8,否
13188,1052,15,日配,1505,冷藏乳品,150504,冷藏乳酸菌,20150203,201502,DW-1505040050,100ml*5,一般商品,板,2,25.8,11,否
13189,1150,21,冲调,2102,茶叶,210202,包装茶,20150203,201502,DW-2102020027,50g,联营商品,袋,1,4.6,4.7,否
13190,4249,15,日配,1501,冷藏肉制品,150101,香肠类,20150203,201502,DW-1501010003,48g,一般商品,袋,1,2,2,否
13191,4579,12,蔬果,1203,水果,120301,柑桔柚类,20150203,201502,DW-1203010204,散称,生鲜,KG,0.97,5.2,3.98,否
13192,1914,11,水产,1102,冷冻水产,110203,冷冻虾蟹,20150203,201502,DW-1102030005,散称,生鲜,kg,0.53,31.69,31.8,否
13193,4335,12,蔬果,1201,蔬菜,120103,芽菜,20150203,201502,DW-1201030001,散称,生鲜,千克,0.234,0.23,1.76,否
13194,4366,12,蔬果,1203,水果,120301,柑桔柚类,20150203,201502,DW-1203010204,散称,生鲜,KG,0.981,5.28,3.98,否
13195,4426,15,日配,1518,常温乳品,151802,利乐砖加味奶,20150203,201502,DW-1518020042,243ml,一般商品,盒,1,4.9,4.9,否
13196,4426,22,休闲,2205,炒货,220507,果片,20150203,201502,DW-2205070011,90g,一般商品,袋,1,5.3,5.3,否
13197,4673,12,蔬果,1201,蔬菜,120102,根茎,20150203,201502,DW-1201020721,散称,生鲜,千克,0.185,0.42,5,否
13198,1914,20,粮油,2014,酱菜类,201405,腐乳,20150203,201502,DW-2014050030,340g,一般商品,瓶,1,7.5,7.7,否
13199,2085,22,休闲,2201,饼干,220107,酥性,20150203,201502,DW-2201070117,散称,一般商品,KG,0.368,7.2,19.6,否
13200,3860,12,蔬果,1201,蔬菜,120104,花果,20150203,201502,DW-1201040003,散称,生鲜,千克,0.088,1.61,4.98,否
13201,3923,20,粮油,2014,酱菜类,201403,笋类,20150203,201502,DW-2014030007,140g,一般商品,袋,1,2.2,2.3,否
13202,3938,12,蔬果,1201,蔬菜,120105,鲜调味,20150203,201502,DW-1201050007,散称,生鲜,千克,0.252,1.7,15.6,否
13203,4622,20,粮油,2008,调味料,200809,淀/酵/碱粉,20150203,201502,DW-2008090024,200g,一般商品,袋,1,2,2.9,否
13204,4673,12,蔬果,1201,蔬菜,120104,花果,20150203,201502,DW-1201040026,散称,生鲜,千克,0.464,2.96,1.98,否
13205,4366,12,蔬果,1201,蔬菜,120106,菌菇类,20150203,201502,DW-1201060003,散称,生鲜,千克,0.394,3.3,6.56,否
13206,4406,22,休闲,2205,炒货,220515,南瓜子,20150203,201502,DW-2205150010,144g,一般商品,袋,1,7.9,8.3,否
13207,4552,12,蔬果,1201,蔬菜,120102,根茎,20150203,201502,DW-1201020008,散称,生鲜,千克,0.27,1.83,5.8,否
13208,4552,22,休闲,2201,饼干,220102,夹心,20150203,201502,DW-2201020141,55g,一般商品,杯,1,4.4,5.3,否
13209,2257,12,蔬果,1201,蔬菜,120101,叶菜,20150203,201502,DW-1201010006,散称,生鲜,千克,0.07,1,12,否
13210,2322,22,休闲,2202,糕点,220205,中式糕点,20150203,201502,DW-2202050141,散称,一般商品,KG,0.188,1.8,17.8,是
13211,2397,30,洗化,3016,纸制品,301608,软抽纸巾,20150203,201502,DW-3016080259,200抽*6,一般商品,提,1,15.9,21.9,是
13212,5117,22,休闲,2209,巧克力,220904,牛奶巧克力,20150203,201502,DW-2209040066,84g,一般商品,袋,1,13.5,13.5,否
13213,4622,21,冲调,2106,蜂蜜/面包酱,210699,其他蜂蜜/面包,20150203,201502,DW-2106990042,500g,一般商品,瓶,1,19.9,30.7,是
13214,4673,12,蔬果,1202,加工豆类,120201,豆腐,20150203,201502,DW-1202018269,块,生鲜,块,1,2,2,否
13215,5089,15,日配,1505,冷藏乳品,150501,冷藏原味酸乳,20150203,201502,DW-1505010113,450g,一般商品,瓶,1,10.9,10.9,否
13216,4366,10,肉禽,1001,猪肉,100101,鲜猪肉,20150203,201502,DW-1001010196,散称,生鲜,千克,0.236,5.62,27.8,否
13217,4366,12,蔬果,1201,蔬菜,120104,花果,20150203,201502,DW-1201040031,散称,生鲜,千克,0.704,2.66,3.16,否
13218,4426,22,休闲,2201,饼干,220111,趣味/休闲,20150203,201502,DW-2201110106,48g,一般商品,盒,1,5.9,6.5,否
13219,2462,15,日配,1521,蛋类,152101,新鲜蛋品,20150203,201502,DW-1521010001,散称,一般商品,千克,1.082,21.4,19.8,否
13220,2462,20,粮油,2011,液体调料,201101,老抽酱油,20150203,201502,DW-2011010038,620mL,一般商品,瓶,1,3.9,3.9,否
13221,2564,15,日配,1521,蛋类,152101,新鲜蛋品,20150203,201502,DW-1521010005,散称,一般商品,千克,0.846,7.59,6.78,否
13222,2577,20,粮油,2005,煮食面/粉,200502,杂粮挂面,20150203,201502,DW-2005020008,1000g,一般商品,卷,1,9.5,9.9,否
13223,2702,21,冲调,2101,奶粉,210106,婴儿辅助食品,20150203,201502,DW-2101060055,120g,一般商品,支,1,4.9,4.9,否
13224,5283,23,酒饮,2311,国产白酒,231101,名酒,20150203,201502,DW-2311010015,52%500ml,一般商品,瓶,6,3540,690,是
13225,4552,12,蔬果,1201,蔬菜,120103,芽菜,20150203,201502,DW-1201030002,散称,生鲜,千克,0.626,1.2,2.78,否
13226,4552,22,休闲,2203,膨化点心,220399,其他膨化点心,20150203,201502,DW-2203990005,50g,一般商品,袋,1,2.7,2.7,否
13227,2986,12,蔬果,1201,蔬菜,120102,根茎,20150203,201502,DW-1201020043,散称,生鲜,千克,0.95,2.6,1.8,否
13228,3419,12,蔬果,1201,蔬菜,120102,根茎,20150203,201502,DW-1201020008,散称,生鲜,千克,0.234,1.52,5.8,否
13229,4886,12,蔬果,1201,蔬菜,120104,花果,20150203,201502,DW-1201040049,散称,生鲜,千克,0.809,4.83,5.8,否
13230,3419,20,粮油,2007,南北干货,200709,粉丝/条,20150203,201502,DW-2007090052,275g,一般商品,袋,1,5.5,5.7,否
13231,5117,22,休闲,2209,巧克力,220902,夹心巧克力,20150203,201502,DW-2209020071,21g,一般商品,袋,1,3.3,3.3,否
13232,3860,12,蔬果,1201,蔬菜,120101,叶菜,20150203,201502,DW-1201010009,散称,生鲜,千克,0.116,0.94,6.56,否
13233,3860,12,蔬果,1201,蔬菜,120102,根茎,20150203,201502,DW-1201020017,散称,生鲜,千克,0.359,1.07,2.56,否
13234,3923,20,粮油,2014,酱菜类,201401,榨菜,20150203,201502,DW-2014010013,138g,一般商品,袋,1,1.8,1.7,否
13235,3923,30,洗化,3014,个人卫生用品,301406,棉棒/棉球,20150203,201502,DW-3014060009,170头,一般商品,袋,1,2,2,否
13236,4249,12,蔬果,1201,蔬菜,120109,其它蔬菜,20150203,201502,DW-1201090311, ,生鲜,个,8,4,2,否
13237,4366,12,蔬果,1203,水果,120303,梨类,20150203,201502,DW-1203030161,散称,生鲜,KG,0.881,5.27,15.96,否
13238,4372,15,日配,1518,常温乳品,151802,利乐砖加味奶,20150203,201502,DW-1518020001,250ml,一般商品,盒,1,3.5,3.5,否
13239,4372,22,休闲,2207,糖果,220703,软糖,20150203,201502,DW-2207030113,100g,一般商品,瓶,1,8.9,8.9,否
13240,4579,34,针织,3431,拖鞋,343105,女布/绒面拖鞋,20150203,201502,DW-3431050151,26-29,一般商品,双,1,9.9,11.9,是
13241,4886,15,日配,1521,蛋类,152101,新鲜蛋品,20150203,201502,DW-1521010005,散称,一般商品,千克,1.69,15.1,6.78,否
13242,394,20,粮油,2002,袋装速食面组,200201,牛肉口味,20150203,201502,DW-2002010015,100g*5,一般商品,组,1,11.6,14.7,否
13243,394,20,粮油,2005,煮食面/粉,200501,挂面,20150203,201502,DW-2005010013,250g,一般商品,袋,1,2.8,2.9,否
13244,405,12,蔬果,1201,蔬菜,120109,其它蔬菜,20150203,201502,DW-1201090032,散称,生鲜,千克,0.248,1.63,7.96,否
13245,405,30,洗化,3009,剃须护理用品,300901,剃须刀片,20150203,201502,DW-3009010017,5刀头,一般商品,盒,1,17.9,17.9,否
13246,988,31,家居,3114,一次性用品,311406,牙签/牙签合/水,20150203,201502,DW-3114060025,T1200,一般商品,袋,1,1.5,2,是
13247,1052,12,蔬果,1201,蔬菜,120101,叶菜,20150203,201502,DW-1201010025,散称,生鲜,千克,0.33,1.51,3.96,否
13248,1351,15,日配,1505,冷藏乳品,150501,冷藏原味酸乳,20150203,201502,DW-1505010033,100g*8,一般商品,组,1,8.9,13.2,是
13249,1351,22,休闲,2207,糖果,220799,其他糖果,20150203,201502,DW-2207990016,45g,一般商品,袋,1,3.5,3.5,否
13250,1770,22,休闲,2208,口香糖,220801,无糖口香糖,20150203,201502,DW-2208010003,56g,一般商品,瓶,1,10.4,10.4,否
13251,2085,20,粮油,2011,液体调料,201111,料酒,20150203,201502,DW-2011110031,500ml,一般商品,瓶,1,9.9,9.9,否
13252,2427,22,休闲,2202,糕点,220299,其他糕点,20150203,201502,DW-2202990074,168g,一般商品,袋,1,6.9,11.3,是
13253,2702,22,休闲,2204,蜜饯,220409,果蔬干,20150203,201502,DW-2204090047,95g,一般商品,袋,1,13.9,13.9,否
13254,2890,15,日配,1518,常温乳品,151802,利乐砖加味奶,20150203,201502,DW-1518020001,250ml,一般商品,盒,12,42,3.5,否
13255,3805,23,酒饮,2303,果汁饮料,230304,植物蛋白饮料,20150203,201502,DW-2303040052,315g,一般商品,听,1,4.5,4.5,否
13256,3923,15,日配,1505,冷藏乳品,150504,冷藏乳酸菌,20150203,201502,DW-1505040040,340ml*2,一般商品,瓶,1,9.9,9.9,否
13257,4335,12,蔬果,1201,蔬菜,120101,叶菜,20150203,201502,DW-1201010005,散称,生鲜,千克,0.582,2.89,5.8,否
13258,4426,22,休闲,2202,糕点,220202,蛋糕,20150203,201502,DW-2202020127,80g,一般商品,盒,1,9.9,9.9,否
13259,4525,20,粮油,2015,罐头,201502,水果罐头,20150203,201502,DW-2015020004,240g,一般商品,瓶,1,6.5,6.7,否
13260,4540,30,洗化,3016,纸制品,301606,手帕纸,20150203,201502,DW-3016060003,12包,一般商品,包,1,5.8,6.9,是
13261,4579,12,蔬果,1203,水果,120301,柑桔柚类,20150203,201502,DW-1203010218,散称,生鲜,KG,1.833,13.5,7.96,否
13262,4579,12,蔬果,1203,水果,120303,梨类,20150203,201502,DW-1203030184,散称,生鲜,KG,1.444,13.5,4,否
13263,4886,10,肉禽,1001,猪肉,100101,鲜猪肉,20150203,201502,DW-1001010205,散称,生鲜,千克,0.908,19.79,19.8,否
13264,4886,12,蔬果,1201,蔬菜,120102,根茎,20150203,201502,DW-1201020026,散称,生鲜,千克,1.348,2.67,2.56,否
13265,4886,12,蔬果,1201,蔬菜,120105,鲜调味,20150203,201502,DW-1201050011,散称,生鲜,千克,0.58,1.14,6.56,否
13266,98,20,粮油,2008,调味料,200803,鸡精,20150203,201502,DW-2008030006,100g,一般商品,袋,1,3.5,4.3,是
13267,200,12,蔬果,1201,蔬菜,120102,根茎,20150203,201502,DW-1201020037,散称,生鲜,千克,0.348,2.43,3.96,否
13268,272,15,日配,1521,蛋类,152101,新鲜蛋品,20150203,201502,DW-1521010005,散称,一般商品,千克,1.651,14.8,6.78,否
13269,394,22,休闲,2203,膨化点心,220303,罐装薯片,20150203,201502,DW-2203030004,105g,一般商品,罐,1,7.9,7.9,否
13270,1052,15,日配,1501,冷藏肉制品,150101,香肠类,20150203,201502,DW-1501010068,300g,一般商品,袋,1,21.5,21.5,否
13271,1370,12,蔬果,1201,蔬菜,120102,根茎,20150203,201502,DW-1201020365,散称,生鲜,千克,0.678,3.91,3.96,否
13272,1993,12,蔬果,1201,蔬菜,120101,叶菜,20150203,201502,DW-1201010004,散称,生鲜,千克,0.504,3.41,5.6,否
13273,2130,31,家居,3119,卫浴用品,311901,皂盒,20150203,201502,DW-3119010028,51,一般商品,个,1,5,5,否
13274,2427,22,休闲,2203,膨化点心,220302,袋装薯片,20150203,201502,DW-2203020275,60g,一般商品,袋,1,3.9,3.9,否
13275,2476,20,粮油,2009,盐/糖,200902,功能盐,20150203,201502,DW-2009020012,400g,一般商品,袋,1,2.3,2.3,否
13276,2577,20,粮油,2011,液体调料,201107,滴醋,20150203,201502,DW-2011070002,500mL,一般商品,瓶,1,4.2,4.2,否
13277,2986,20,粮油,2011,液体调料,201107,滴醋,20150203,201502,DW-2011070008,500mL,一般商品,瓶,1,4.8,4.8,否
13278,3365,15,日配,1518,常温乳品,151804,利乐砖酸酸乳,20150203,201502,DW-1518040002,250ml,一般商品,盒,1,1.8,1.8,否
13279,3860,11,水产,1103,干货水产,110301,干货鱼类,20150203,201502,DW-1103010078,散称,生鲜,千克,1.866,33.21,17.8,否
13280,3860,12,蔬果,1201,蔬菜,120102,根茎,20150203,201502,DW-1201020025,散称,生鲜,千克,0.314,0.93,2.56,否
13281,3860,12,蔬果,1201,蔬菜,120104,花果,20150203,201502,DW-1201040035,散称,生鲜,千克,0.234,2.8,9.6,否
13282,3923,15,日配,1501,冷藏肉制品,150199,其它肠类,20150203,201502,DW-1501990008,630g,一般商品,板,1,17.5,17.9,否
13283,3923,30,洗化,3008,洗护发用品,300802,润发护发,20150203,201502,DW-3008020601,500ml,一般商品,瓶,1,16.9,16.9,否
13284,4169,22,休闲,2205,炒货,220512,豆类,20150203,201502,DW-2205120001,80g,一般商品,袋,1,4.5,4.5,否
13285,4249,12,蔬果,1201,蔬菜,120104,花果,20150203,201502,DW-1201040010,散称,生鲜,千克,0.414,3.38,2.58,否
13286,4552,22,休闲,2203,膨化点心,220302,袋装薯片,20150203,201502,DW-2203020188,104g,一般商品,罐,1,7.5,7.5,否
13287,4885,12,蔬果,1201,蔬菜,120101,叶菜,20150203,201502,DW-1201010020, ,生鲜,包,1,3.6,4.98,否
13288,4886,12,蔬果,1201,蔬菜,120104,花果,20150203,201502,DW-1201040026,散称,生鲜,千克,0.428,1.7,1.98,否
13289,110,23,酒饮,2306,运动机能饮料,230602,运动饮料,20150203,201502,DW-2306020018,550ml,一般商品,瓶,1,4.5,5,否
13290,221,12,蔬果,1201,蔬菜,120102,根茎,20150203,201502,DW-1201020037,散称,生鲜,千克,0.362,2.59,3.96,否
13291,469,20,粮油,2013,调味酱,201302,辣酱,20150203,201502,DW-2013020139,210g,一般商品,瓶,1,7.9,8.9,否
13292,547,20,粮油,2008,调味料,200805,香辛粉,20150203,201502,DW-2008050028,30g,一般商品,瓶,1,12.5,12.9,否
13293,200,12,蔬果,1201,蔬菜,120106,菌菇类,20150203,201502,DW-1201060014,散称,生鲜,kg,1,3.9,30,否
13294,394,20,粮油,2015,罐头,201501,八宝粥,20150203,201502,DW-2015010042,360g,一般商品,听,1,3.3,3.3,否
13295,405,20,粮油,2006,五谷杂粮,200608,杂粮粉,20150203,201502,DW-2006080036,散称,一般商品,公斤,1.136,4.06,4.58,否
13296,486,22,休闲,2203,膨化点心,220302,袋装薯片,20150203,201502,DW-2203020282,45g,一般商品,袋,1,3.5,3.7,否
13297,737,23,酒饮,2307,乳饮料,230705,乳酸菌饮料,20150203,201502,DW-2307050002,220ml*4,一般商品,板,1,7.5,7.5,否
13298,1370,12,蔬果,1201,蔬菜,120102,根茎,20150203,201502,DW-1201020361,散称,生鲜,kg,0.612,8.92,56,否
13299,405,12,蔬果,1202,加工豆类,120201,豆腐,20150203,201502,DW-1202018267,块,生鲜,块,2,3,1.5,否
13300,486,22,休闲,2201,饼干,220111,趣味/休闲,20150203,201502,DW-2201110223,300ml,一般商品,袋,1,5.2,5.2,否
