Unnamed: 0,编码,日期,销量
0,1001,20150501,9
1,1001,20150502,7
2,1001,20150503,8
3,1001,20150504,7
4,1001,20150505,8
5,1001,20150506,15
6,1001,20150507,9
7,1001,20150508,8
8,1001,20150509,6
9,1001,20150510,8
10,1001,20150511,7
11,1001,20150512,8
12,1001,20150513,15
13,1001,20150514,8
14,1001,20150515,8
15,1001,20150516,6
16,1001,20150517,8
17,1001,20150518,7
18,1001,20150519,8
19,1001,20150520,15
20,1001,20150521,8
21,1001,20150522,7
22,1001,20150523,6
23,1001,20150524,8
24,1001,20150525,7
25,1001,20150526,8
26,1001,20150527,15
27,1001,20150528,8
28,1001,20150529,7
29,1001,20150530,6
0,1002,20150501,0
1,1002,20150502,0
2,1002,20150503,1
3,1002,20150504,0
4,1002,20150505,0
5,1002,20150506,1
6,1002,20150507,0
7,1002,20150508,0
8,1002,20150509,0
9,1002,20150510,1
10,1002,20150511,0
11,1002,20150512,0
12,1002,20150513,1
13,1002,20150514,0
14,1002,20150515,0
15,1002,20150516,0
16,1002,20150517,1
17,1002,20150518,0
18,1002,20150519,0
19,1002,20150520,1
20,1002,20150521,0
21,1002,20150522,0
22,1002,20150523,0
23,1002,20150524,1
24,1002,20150525,0
25,1002,20150526,0
26,1002,20150527,1
27,1002,20150528,0
28,1002,20150529,0
29,1002,20150530,0
0,1004,20150501,1
1,1004,20150502,2
2,1004,20150503,1
3,1004,20150504,2
4,1004,20150505,2
5,1004,20150506,4
6,1004,20150507,2
7,1004,20150508,1
8,1004,20150509,2
9,1004,20150510,2
10,1004,20150511,2
11,1004,20150512,2
12,1004,20150513,4
13,1004,20150514,2
14,1004,20150515,1
15,1004,20150516,2
16,1004,20150517,2
17,1004,20150518,2
18,1004,20150519,2
19,1004,20150520,4
20,1004,20150521,2
21,1004,20150522,1
22,1004,20150523,2
23,1004,20150524,2
24,1004,20150525,2
25,1004,20150526,2
26,1004,20150527,4
27,1004,20150528,2
28,1004,20150529,1
29,1004,20150530,2
0,1005,20150501,0
1,1005,20150502,0
2,1005,20150503,0
3,1005,20150504,0
4,1005,20150505,0
5,1005,20150506,0
6,1005,20150507,0
7,1005,20150508,0
8,1005,20150509,0
9,1005,20150510,0
10,1005,20150511,0
11,1005,20150512,0
12,1005,20150513,0
13,1005,20150514,0
14,1005,20150515,0
15,1005,20150516,0
16,1005,20150517,0
17,1005,20150518,0
18,1005,20150519,0
19,1005,20150520,0
20,1005,20150521,0
21,1005,20150522,0
22,1005,20150523,0
23,1005,20150524,0
24,1005,20150525,0
25,1005,20150526,0
26,1005,20150527,0
27,1005,20150528,0
28,1005,20150529,0
29,1005,20150530,0
0,1099,20150501,0
1,1099,20150502,0
2,1099,20150503,0
3,1099,20150504,0
4,1099,20150505,0
5,1099,20150506,0
6,1099,20150507,0
7,1099,20150508,0
8,1099,20150509,0
9,1099,20150510,0
10,1099,20150511,0
11,1099,20150512,0
12,1099,20150513,0
13,1099,20150514,0
14,1099,20150515,0
15,1099,20150516,0
16,1099,20150517,0
17,1099,20150518,0
18,1099,20150519,0
19,1099,20150520,0
20,1099,20150521,0
21,1099,20150522,0
22,1099,20150523,0
23,1099,20150524,0
24,1099,20150525,0
25,1099,20150526,0
26,1099,20150527,0
27,1099,20150528,0
28,1099,20150529,0
29,1099,20150530,0
0,1101,20150501,0
1,1101,20150502,1
2,1101,20150503,1
3,1101,20150504,1
4,1101,20150505,1
5,1101,20150506,3
6,1101,20150507,0
7,1101,20150508,0
8,1101,20150509,1
9,1101,20150510,1
10,1101,20150511,1
11,1101,20150512,1
12,1101,20150513,3
13,1101,20150514,0
14,1101,20150515,0
15,1101,20150516,1
16,1101,20150517,1
17,1101,20150518,1
18,1101,20150519,1
19,1101,20150520,3
20,1101,20150521,0
21,1101,20150522,0
22,1101,20150523,1
23,1101,20150524,1
24,1101,20150525,1
25,1101,20150526,1
26,1101,20150527,2
27,1101,20150528,0
28,1101,20150529,0
29,1101,20150530,1
0,1102,20150501,0
1,1102,20150502,1
2,1102,20150503,0
3,1102,20150504,0
4,1102,20150505,1
5,1102,20150506,3
6,1102,20150507,0
7,1102,20150508,0
8,1102,20150509,1
9,1102,20150510,0
10,1102,20150511,0
11,1102,20150512,1
12,1102,20150513,2
13,1102,20150514,0
14,1102,20150515,0
15,1102,20150516,1
16,1102,20150517,0
17,1102,20150518,0
18,1102,20150519,1
19,1102,20150520,2
20,1102,20150521,1
21,1102,20150522,0
22,1102,20150523,1
23,1102,20150524,0
24,1102,20150525,0
25,1102,20150526,1
26,1102,20150527,2
27,1102,20150528,1
28,1102,20150529,0
29,1102,20150530,1
0,1103,20150501,0
1,1103,20150502,0
2,1103,20150503,0
3,1103,20150504,0
4,1103,20150505,0
5,1103,20150506,1
6,1103,20150507,0
7,1103,20150508,0
8,1103,20150509,0
9,1103,20150510,0
10,1103,20150511,0
11,1103,20150512,0
12,1103,20150513,1
13,1103,20150514,0
14,1103,20150515,0
15,1103,20150516,0
16,1103,20150517,0
17,1103,20150518,0
18,1103,20150519,0
19,1103,20150520,1
20,1103,20150521,0
21,1103,20150522,0
22,1103,20150523,0
23,1103,20150524,0
24,1103,20150525,0
25,1103,20150526,0
26,1103,20150527,1
27,1103,20150528,0
28,1103,20150529,0
29,1103,20150530,0
0,1201,20150501,87
1,1201,20150502,83
2,1201,20150503,87
3,1201,20150504,102
4,1201,20150505,80
5,1201,20150506,121
6,1201,20150507,67
7,1201,20150508,83
8,1201,20150509,83
9,1201,20150510,84
10,1201,20150511,100
11,1201,20150512,81
12,1201,20150513,120
13,1201,20150514,69
14,1201,20150515,82
15,1201,20150516,83
16,1201,20150517,82
17,1201,20150518,100
18,1201,20150519,82
19,1201,20150520,120
20,1201,20150521,70
21,1201,20150522,81
22,1201,20150523,83
23,1201,20150524,82
24,1201,20150525,100
25,1201,20150526,82
26,1201,20150527,120
27,1201,20150528,71
28,1201,20150529,80
29,1201,20150530,83
0,1202,20150501,6
1,1202,20150502,7
2,1202,20150503,7
3,1202,20150504,7
4,1202,20150505,7
5,1202,20150506,8
6,1202,20150507,7
7,1202,20150508,6
8,1202,20150509,7
9,1202,20150510,7
10,1202,20150511,8
11,1202,20150512,7
12,1202,20150513,9
13,1202,20150514,7
14,1202,20150515,6
15,1202,20150516,7
16,1202,20150517,7
17,1202,20150518,8
18,1202,20150519,7
19,1202,20150520,9
20,1202,20150521,7
21,1202,20150522,6
22,1202,20150523,7
23,1202,20150524,7
24,1202,20150525,8
25,1202,20150526,7
26,1202,20150527,9
27,1202,20150528,7
28,1202,20150529,6
29,1202,20150530,7
0,1203,20150501,27
1,1203,20150502,27
2,1203,20150503,29
3,1203,20150504,30
4,1203,20150505,29
5,1203,20150506,46
6,1203,20150507,26
7,1203,20150508,27
8,1203,20150509,27
9,1203,20150510,28
10,1203,20150511,30
11,1203,20150512,29
12,1203,20150513,45
13,1203,20150514,26
14,1203,20150515,27
15,1203,20150516,27
16,1203,20150517,28
17,1203,20150518,30
18,1203,20150519,30
19,1203,20150520,45
20,1203,20150521,27
21,1203,20150522,27
22,1203,20150523,27
23,1203,20150524,28
24,1203,20150525,30
25,1203,20150526,30
26,1203,20150527,45
27,1203,20150528,27
28,1203,20150529,27
29,1203,20150530,27
0,1205,20150501,1
1,1205,20150502,1
2,1205,20150503,1
3,1205,20150504,1
4,1205,20150505,1
5,1205,20150506,1
6,1205,20150507,1
7,1205,20150508,1
8,1205,20150509,1
9,1205,20150510,1
10,1205,20150511,1
11,1205,20150512,1
12,1205,20150513,1
13,1205,20150514,1
14,1205,20150515,1
15,1205,20150516,1
16,1205,20150517,1
17,1205,20150518,1
18,1205,20150519,1
19,1205,20150520,1
20,1205,20150521,1
21,1205,20150522,1
22,1205,20150523,1
23,1205,20150524,1
24,1205,20150525,1
25,1205,20150526,1
26,1205,20150527,1
27,1205,20150528,1
28,1205,20150529,1
29,1205,20150530,1
0,1301,20150501,3
1,1301,20150502,3
2,1301,20150503,3
3,1301,20150504,3
4,1301,20150505,3
5,1301,20150506,3
6,1301,20150507,3
7,1301,20150508,3
8,1301,20150509,3
9,1301,20150510,3
10,1301,20150511,3
11,1301,20150512,3
12,1301,20150513,3
13,1301,20150514,3
14,1301,20150515,3
15,1301,20150516,3
16,1301,20150517,3
17,1301,20150518,3
18,1301,20150519,3
19,1301,20150520,2
20,1301,20150521,3
21,1301,20150522,3
22,1301,20150523,3
23,1301,20150524,3
24,1301,20150525,3
25,1301,20150526,3
26,1301,20150527,2
27,1301,20150528,3
28,1301,20150529,3
29,1301,20150530,3
0,1302,20150501,1
1,1302,20150502,1
2,1302,20150503,1
3,1302,20150504,1
4,1302,20150505,1
5,1302,20150506,1
6,1302,20150507,1
7,1302,20150508,1
8,1302,20150509,1
9,1302,20150510,1
10,1302,20150511,1
11,1302,20150512,1
12,1302,20150513,1
13,1302,20150514,1
14,1302,20150515,1
15,1302,20150516,1
16,1302,20150517,1
17,1302,20150518,1
18,1302,20150519,1
19,1302,20150520,1
20,1302,20150521,1
21,1302,20150522,1
22,1302,20150523,1
23,1302,20150524,1
24,1302,20150525,1
25,1302,20150526,1
26,1302,20150527,1
27,1302,20150528,1
28,1302,20150529,1
29,1302,20150530,1
0,1306,20150501,1
1,1306,20150502,1
2,1306,20150503,1
3,1306,20150504,1
4,1306,20150505,1
5,1306,20150506,1
6,1306,20150507,1
7,1306,20150508,1
8,1306,20150509,1
9,1306,20150510,1
10,1306,20150511,1
11,1306,20150512,1
12,1306,20150513,1
13,1306,20150514,1
14,1306,20150515,1
15,1306,20150516,1
16,1306,20150517,1
17,1306,20150518,1
18,1306,20150519,1
19,1306,20150520,1
20,1306,20150521,1
21,1306,20150522,1
22,1306,20150523,1
23,1306,20150524,1
24,1306,20150525,1
25,1306,20150526,1
26,1306,20150527,1
27,1306,20150528,1
28,1306,20150529,1
29,1306,20150530,1
0,1308,20150501,4
1,1308,20150502,4
2,1308,20150503,4
3,1308,20150504,4
4,1308,20150505,4
5,1308,20150506,4
6,1308,20150507,4
7,1308,20150508,4
8,1308,20150509,4
9,1308,20150510,4
10,1308,20150511,4
11,1308,20150512,4
12,1308,20150513,4
13,1308,20150514,4
14,1308,20150515,4
15,1308,20150516,4
16,1308,20150517,4
17,1308,20150518,4
18,1308,20150519,4
19,1308,20150520,4
20,1308,20150521,4
21,1308,20150522,4
22,1308,20150523,4
23,1308,20150524,4
24,1308,20150525,4
25,1308,20150526,4
26,1308,20150527,4
27,1308,20150528,4
28,1308,20150529,4
29,1308,20150530,4
0,1501,20150501,3
1,1501,20150502,3
2,1501,20150503,3
3,1501,20150504,3
4,1501,20150505,3
5,1501,20150506,3
6,1501,20150507,3
7,1501,20150508,3
8,1501,20150509,3
9,1501,20150510,3
10,1501,20150511,3
11,1501,20150512,3
12,1501,20150513,3
13,1501,20150514,3
14,1501,20150515,3
15,1501,20150516,3
16,1501,20150517,3
17,1501,20150518,3
18,1501,20150519,3
19,1501,20150520,3
20,1501,20150521,3
21,1501,20150522,3
22,1501,20150523,3
23,1501,20150524,3
24,1501,20150525,3
25,1501,20150526,3
26,1501,20150527,3
27,1501,20150528,3
28,1501,20150529,3
29,1501,20150530,3
0,1502,20150501,0
1,1502,20150502,0
2,1502,20150503,0
3,1502,20150504,0
4,1502,20150505,0
5,1502,20150506,0
6,1502,20150507,0
7,1502,20150508,0
8,1502,20150509,0
9,1502,20150510,0
10,1502,20150511,0
11,1502,20150512,0
12,1502,20150513,0
13,1502,20150514,0
14,1502,20150515,0
15,1502,20150516,0
16,1502,20150517,0
17,1502,20150518,0
18,1502,20150519,0
19,1502,20150520,0
20,1502,20150521,0
21,1502,20150522,0
22,1502,20150523,0
23,1502,20150524,0
24,1502,20150525,0
25,1502,20150526,0
26,1502,20150527,0
27,1502,20150528,0
28,1502,20150529,0
29,1502,20150530,0
0,1503,20150501,1
1,1503,20150502,0
2,1503,20150503,0
3,1503,20150504,0
4,1503,20150505,1
5,1503,20150506,1
6,1503,20150507,1
7,1503,20150508,0
8,1503,20150509,0
9,1503,20150510,0
10,1503,20150511,0
11,1503,20150512,1
12,1503,20150513,1
13,1503,20150514,1
14,1503,20150515,0
15,1503,20150516,0
16,1503,20150517,0
17,1503,20150518,0
18,1503,20150519,1
19,1503,20150520,1
20,1503,20150521,0
21,1503,20150522,0
22,1503,20150523,0
23,1503,20150524,0
24,1503,20150525,0
25,1503,20150526,1
26,1503,20150527,1
27,1503,20150528,0
28,1503,20150529,0
29,1503,20150530,0
0,1504,20150501,0
1,1504,20150502,0
2,1504,20150503,0
3,1504,20150504,0
4,1504,20150505,0
5,1504,20150506,0
6,1504,20150507,0
7,1504,20150508,0
8,1504,20150509,0
9,1504,20150510,0
10,1504,20150511,0
11,1504,20150512,0
12,1504,20150513,0
13,1504,20150514,0
14,1504,20150515,0
15,1504,20150516,0
16,1504,20150517,0
17,1504,20150518,0
18,1504,20150519,0
19,1504,20150520,0
20,1504,20150521,0
21,1504,20150522,0
22,1504,20150523,0
23,1504,20150524,0
24,1504,20150525,0
25,1504,20150526,0
26,1504,20150527,0
27,1504,20150528,0
28,1504,20150529,0
29,1504,20150530,0
0,1505,20150501,15
1,1505,20150502,14
2,1505,20150503,14
3,1505,20150504,13
4,1505,20150505,13
5,1505,20150506,14
6,1505,20150507,13
7,1505,20150508,13
8,1505,20150509,13
9,1505,20150510,13
10,1505,20150511,12
11,1505,20150512,12
12,1505,20150513,13
13,1505,20150514,12
14,1505,20150515,12
15,1505,20150516,12
16,1505,20150517,12
17,1505,20150518,12
18,1505,20150519,12
19,1505,20150520,13
20,1505,20150521,12
21,1505,20150522,12
22,1505,20150523,12
23,1505,20150524,12
24,1505,20150525,12
25,1505,20150526,12
26,1505,20150527,12
27,1505,20150528,12
28,1505,20150529,12
29,1505,20150530,12
0,1507,20150501,0
1,1507,20150502,0
2,1507,20150503,0
3,1507,20150504,0
4,1507,20150505,0
5,1507,20150506,0
6,1507,20150507,0
7,1507,20150508,0
8,1507,20150509,0
9,1507,20150510,0
10,1507,20150511,0
11,1507,20150512,0
12,1507,20150513,0
13,1507,20150514,0
14,1507,20150515,0
15,1507,20150516,0
16,1507,20150517,0
17,1507,20150518,0
18,1507,20150519,0
19,1507,20150520,0
20,1507,20150521,0
21,1507,20150522,0
22,1507,20150523,0
23,1507,20150524,0
24,1507,20150525,0
25,1507,20150526,0
26,1507,20150527,0
27,1507,20150528,0
28,1507,20150529,0
29,1507,20150530,0
0,1508,20150501,1
1,1508,20150502,1
2,1508,20150503,1
3,1508,20150504,1
4,1508,20150505,1
5,1508,20150506,1
6,1508,20150507,1
7,1508,20150508,1
8,1508,20150509,1
9,1508,20150510,1
10,1508,20150511,1
11,1508,20150512,1
12,1508,20150513,1
13,1508,20150514,1
14,1508,20150515,1
15,1508,20150516,1
16,1508,20150517,1
17,1508,20150518,1
18,1508,20150519,1
19,1508,20150520,1
20,1508,20150521,1
21,1508,20150522,1
22,1508,20150523,1
23,1508,20150524,1
24,1508,20150525,1
25,1508,20150526,1
26,1508,20150527,1
27,1508,20150528,1
28,1508,20150529,1
29,1508,20150530,1
0,1510,20150501,1
1,1510,20150502,1
2,1510,20150503,1
3,1510,20150504,1
4,1510,20150505,1
5,1510,20150506,1
6,1510,20150507,1
7,1510,20150508,1
8,1510,20150509,1
9,1510,20150510,1
10,1510,20150511,1
11,1510,20150512,1
12,1510,20150513,1
13,1510,20150514,1
14,1510,20150515,1
15,1510,20150516,1
16,1510,20150517,1
17,1510,20150518,1
18,1510,20150519,1
19,1510,20150520,1
20,1510,20150521,1
21,1510,20150522,1
22,1510,20150523,1
23,1510,20150524,1
24,1510,20150525,1
25,1510,20150526,1
26,1510,20150527,1
27,1510,20150528,1
28,1510,20150529,1
29,1510,20150530,1
0,1511,20150501,0
1,1511,20150502,0
2,1511,20150503,0
3,1511,20150504,0
4,1511,20150505,0
5,1511,20150506,0
6,1511,20150507,0
7,1511,20150508,0
8,1511,20150509,0
9,1511,20150510,0
10,1511,20150511,0
11,1511,20150512,0
12,1511,20150513,0
13,1511,20150514,0
14,1511,20150515,0
15,1511,20150516,0
16,1511,20150517,0
17,1511,20150518,0
18,1511,20150519,0
19,1511,20150520,0
20,1511,20150521,0
21,1511,20150522,0
22,1511,20150523,0
23,1511,20150524,0
24,1511,20150525,0
25,1511,20150526,0
26,1511,20150527,0
27,1511,20150528,0
28,1511,20150529,0
29,1511,20150530,0
0,1512,20150501,1
1,1512,20150502,1
2,1512,20150503,1
3,1512,20150504,0
4,1512,20150505,1
5,1512,20150506,1
6,1512,20150507,1
7,1512,20150508,1
8,1512,20150509,0
9,1512,20150510,1
10,1512,20150511,0
11,1512,20150512,1
12,1512,20150513,1
13,1512,20150514,1
14,1512,20150515,1
15,1512,20150516,0
16,1512,20150517,1
17,1512,20150518,0
18,1512,20150519,1
19,1512,20150520,1
20,1512,20150521,1
21,1512,20150522,1
22,1512,20150523,0
23,1512,20150524,1
24,1512,20150525,1
25,1512,20150526,1
26,1512,20150527,1
27,1512,20150528,1
28,1512,20150529,1
29,1512,20150530,1
0,1513,20150501,1
1,1513,20150502,0
2,1513,20150503,0
3,1513,20150504,1
4,1513,20150505,1
5,1513,20150506,1
6,1513,20150507,0
7,1513,20150508,1
8,1513,20150509,0
9,1513,20150510,0
10,1513,20150511,1
11,1513,20150512,1
12,1513,20150513,1
13,1513,20150514,0
14,1513,20150515,1
15,1513,20150516,0
16,1513,20150517,0
17,1513,20150518,1
18,1513,20150519,1
19,1513,20150520,1
20,1513,20150521,0
21,1513,20150522,1
22,1513,20150523,0
23,1513,20150524,0
24,1513,20150525,1
25,1513,20150526,1
26,1513,20150527,1
27,1513,20150528,0
28,1513,20150529,1
29,1513,20150530,0
0,1515,20150501,0
1,1515,20150502,1
2,1515,20150503,0
3,1515,20150504,1
4,1515,20150505,1
5,1515,20150506,1
6,1515,20150507,1
7,1515,20150508,1
8,1515,20150509,1
9,1515,20150510,1
10,1515,20150511,1
11,1515,20150512,1
12,1515,20150513,1
13,1515,20150514,1
14,1515,20150515,1
15,1515,20150516,1
16,1515,20150517,1
17,1515,20150518,1
18,1515,20150519,1
19,1515,20150520,1
20,1515,20150521,1
21,1515,20150522,1
22,1515,20150523,1
23,1515,20150524,1
24,1515,20150525,1
25,1515,20150526,1
26,1515,20150527,1
27,1515,20150528,1
28,1515,20150529,1
29,1515,20150530,1
0,1516,20150501,1
1,1516,20150502,1
2,1516,20150503,1
3,1516,20150504,1
4,1516,20150505,1
5,1516,20150506,1
6,1516,20150507,1
7,1516,20150508,1
8,1516,20150509,1
9,1516,20150510,1
10,1516,20150511,1
11,1516,20150512,1
12,1516,20150513,1
13,1516,20150514,1
14,1516,20150515,0
15,1516,20150516,1
16,1516,20150517,0
17,1516,20150518,1
18,1516,20150519,0
19,1516,20150520,1
20,1516,20150521,1
21,1516,20150522,0
22,1516,20150523,0
23,1516,20150524,0
24,1516,20150525,0
25,1516,20150526,0
26,1516,20150527,0
27,1516,20150528,0
28,1516,20150529,0
29,1516,20150530,0
0,1517,20150501,3
1,1517,20150502,3
2,1517,20150503,3
3,1517,20150504,3
4,1517,20150505,3
5,1517,20150506,3
6,1517,20150507,3
7,1517,20150508,3
8,1517,20150509,3
9,1517,20150510,3
10,1517,20150511,3
11,1517,20150512,3
12,1517,20150513,3
13,1517,20150514,3
14,1517,20150515,3
15,1517,20150516,3
16,1517,20150517,3
17,1517,20150518,3
18,1517,20150519,3
19,1517,20150520,3
20,1517,20150521,3
21,1517,20150522,3
22,1517,20150523,3
23,1517,20150524,3
24,1517,20150525,3
25,1517,20150526,3
26,1517,20150527,3
27,1517,20150528,3
28,1517,20150529,3
29,1517,20150530,3
0,1518,20150501,9
1,1518,20150502,12
2,1518,20150503,10
3,1518,20150504,10
4,1518,20150505,9
5,1518,20150506,15
6,1518,20150507,8
7,1518,20150508,8
8,1518,20150509,12
9,1518,20150510,10
10,1518,20150511,10
11,1518,20150512,9
12,1518,20150513,15
13,1518,20150514,8
14,1518,20150515,8
15,1518,20150516,11
16,1518,20150517,9
17,1518,20150518,10
18,1518,20150519,9
19,1518,20150520,14
20,1518,20150521,8
21,1518,20150522,8
22,1518,20150523,11
23,1518,20150524,9
24,1518,20150525,10
25,1518,20150526,9
26,1518,20150527,14
27,1518,20150528,8
28,1518,20150529,8
29,1518,20150530,11
0,1519,20150501,1
1,1519,20150502,1
2,1519,20150503,1
3,1519,20150504,1
4,1519,20150505,1
5,1519,20150506,1
6,1519,20150507,1
7,1519,20150508,1
8,1519,20150509,1
9,1519,20150510,1
10,1519,20150511,1
11,1519,20150512,1
12,1519,20150513,1
13,1519,20150514,1
14,1519,20150515,1
15,1519,20150516,1
16,1519,20150517,1
17,1519,20150518,1
18,1519,20150519,1
19,1519,20150520,1
20,1519,20150521,1
21,1519,20150522,1
22,1519,20150523,1
23,1519,20150524,1
24,1519,20150525,1
25,1519,20150526,1
26,1519,20150527,1
27,1519,20150528,1
28,1519,20150529,1
29,1519,20150530,1
0,1521,20150501,7
1,1521,20150502,7
2,1521,20150503,9
3,1521,20150504,9
4,1521,20150505,8
5,1521,20150506,10
6,1521,20150507,7
7,1521,20150508,7
8,1521,20150509,8
9,1521,20150510,9
10,1521,20150511,9
11,1521,20150512,8
12,1521,20150513,10
13,1521,20150514,7
14,1521,20150515,7
15,1521,20150516,8
16,1521,20150517,9
17,1521,20150518,9
18,1521,20150519,8
19,1521,20150520,10
20,1521,20150521,7
21,1521,20150522,7
22,1521,20150523,8
23,1521,20150524,8
24,1521,20150525,9
25,1521,20150526,8
26,1521,20150527,10
27,1521,20150528,7
28,1521,20150529,7
29,1521,20150530,8
0,2001,20150501,2
1,2001,20150502,2
2,2001,20150503,2
3,2001,20150504,2
4,2001,20150505,2
5,2001,20150506,2
6,2001,20150507,2
7,2001,20150508,2
8,2001,20150509,2
9,2001,20150510,2
10,2001,20150511,2
11,2001,20150512,2
12,2001,20150513,2
13,2001,20150514,2
14,2001,20150515,2
15,2001,20150516,2
16,2001,20150517,2
17,2001,20150518,2
18,2001,20150519,2
19,2001,20150520,2
20,2001,20150521,2
21,2001,20150522,2
22,2001,20150523,2
23,2001,20150524,2
24,2001,20150525,2
25,2001,20150526,2
26,2001,20150527,2
27,2001,20150528,2
28,2001,20150529,2
29,2001,20150530,2
0,2002,20150501,2
1,2002,20150502,2
2,2002,20150503,2
3,2002,20150504,2
4,2002,20150505,2
5,2002,20150506,2
6,2002,20150507,2
7,2002,20150508,2
8,2002,20150509,2
9,2002,20150510,2
10,2002,20150511,2
11,2002,20150512,2
12,2002,20150513,2
13,2002,20150514,2
14,2002,20150515,2
15,2002,20150516,2
16,2002,20150517,2
17,2002,20150518,2
18,2002,20150519,2
19,2002,20150520,2
20,2002,20150521,2
21,2002,20150522,2
22,2002,20150523,2
23,2002,20150524,2
24,2002,20150525,2
25,2002,20150526,2
26,2002,20150527,2
27,2002,20150528,2
28,2002,20150529,2
29,2002,20150530,2
0,2003,20150501,1
1,2003,20150502,1
2,2003,20150503,1
3,2003,20150504,1
4,2003,20150505,1
5,2003,20150506,1
6,2003,20150507,1
7,2003,20150508,1
8,2003,20150509,1
9,2003,20150510,1
10,2003,20150511,1
11,2003,20150512,1
12,2003,20150513,1
13,2003,20150514,1
14,2003,20150515,1
15,2003,20150516,1
16,2003,20150517,1
17,2003,20150518,1
18,2003,20150519,1
19,2003,20150520,1
20,2003,20150521,1
21,2003,20150522,1
22,2003,20150523,1
23,2003,20150524,1
24,2003,20150525,1
25,2003,20150526,1
26,2003,20150527,1
27,2003,20150528,1
28,2003,20150529,1
29,2003,20150530,1
0,2004,20150501,0
1,2004,20150502,0
2,2004,20150503,0
3,2004,20150504,0
4,2004,20150505,0
5,2004,20150506,0
6,2004,20150507,0
7,2004,20150508,0
8,2004,20150509,0
9,2004,20150510,0
10,2004,20150511,0
11,2004,20150512,0
12,2004,20150513,0
13,2004,20150514,0
14,2004,20150515,0
15,2004,20150516,0
16,2004,20150517,0
17,2004,20150518,0
18,2004,20150519,0
19,2004,20150520,0
20,2004,20150521,0
21,2004,20150522,0
22,2004,20150523,0
23,2004,20150524,0
24,2004,20150525,0
25,2004,20150526,0
26,2004,20150527,0
27,2004,20150528,0
28,2004,20150529,0
29,2004,20150530,0
0,2005,20150501,3
1,2005,20150502,3
2,2005,20150503,4
3,2005,20150504,4
4,2005,20150505,4
5,2005,20150506,4
6,2005,20150507,3
7,2005,20150508,3
8,2005,20150509,3
9,2005,20150510,4
10,2005,20150511,4
11,2005,20150512,4
12,2005,20150513,4
13,2005,20150514,3
14,2005,20150515,3
15,2005,20150516,3
16,2005,20150517,4
17,2005,20150518,4
18,2005,20150519,4
19,2005,20150520,4
20,2005,20150521,3
21,2005,20150522,3
22,2005,20150523,3
23,2005,20150524,4
24,2005,20150525,4
25,2005,20150526,4
26,2005,20150527,4
27,2005,20150528,3
28,2005,20150529,3
29,2005,20150530,3
0,2006,20150501,5
1,2006,20150502,5
2,2006,20150503,4
3,2006,20150504,5
4,2006,20150505,5
5,2006,20150506,5
6,2006,20150507,4
7,2006,20150508,5
8,2006,20150509,5
9,2006,20150510,4
10,2006,20150511,5
11,2006,20150512,5
12,2006,20150513,5
13,2006,20150514,4
14,2006,20150515,5
15,2006,20150516,5
16,2006,20150517,4
17,2006,20150518,5
18,2006,20150519,5
19,2006,20150520,5
20,2006,20150521,5
21,2006,20150522,5
22,2006,20150523,5
23,2006,20150524,4
24,2006,20150525,5
25,2006,20150526,5
26,2006,20150527,5
27,2006,20150528,5
28,2006,20150529,5
29,2006,20150530,5
0,2007,20150501,2
1,2007,20150502,2
2,2007,20150503,2
3,2007,20150504,2
4,2007,20150505,2
5,2007,20150506,2
6,2007,20150507,2
7,2007,20150508,2
8,2007,20150509,2
9,2007,20150510,2
10,2007,20150511,2
11,2007,20150512,2
12,2007,20150513,2
13,2007,20150514,2
14,2007,20150515,2
15,2007,20150516,2
16,2007,20150517,2
17,2007,20150518,2
18,2007,20150519,2
19,2007,20150520,2
20,2007,20150521,2
21,2007,20150522,2
22,2007,20150523,2
23,2007,20150524,2
24,2007,20150525,2
25,2007,20150526,2
26,2007,20150527,2
27,2007,20150528,2
28,2007,20150529,2
29,2007,20150530,2
0,2008,20150501,4
1,2008,20150502,4
2,2008,20150503,5
3,2008,20150504,4
4,2008,20150505,4
5,2008,20150506,4
6,2008,20150507,4
7,2008,20150508,4
8,2008,20150509,4
9,2008,20150510,5
10,2008,20150511,4
11,2008,20150512,4
12,2008,20150513,4
13,2008,20150514,4
14,2008,20150515,4
15,2008,20150516,4
16,2008,20150517,5
17,2008,20150518,4
18,2008,20150519,4
19,2008,20150520,4
20,2008,20150521,4
21,2008,20150522,4
22,2008,20150523,4
23,2008,20150524,5
24,2008,20150525,4
25,2008,20150526,4
26,2008,20150527,5
27,2008,20150528,4
28,2008,20150529,4
29,2008,20150530,4
0,2009,20150501,4
1,2009,20150502,4
2,2009,20150503,4
3,2009,20150504,4
4,2009,20150505,4
5,2009,20150506,4
6,2009,20150507,4
7,2009,20150508,4
8,2009,20150509,4
9,2009,20150510,4
10,2009,20150511,4
11,2009,20150512,4
12,2009,20150513,4
13,2009,20150514,4
14,2009,20150515,4
15,2009,20150516,4
16,2009,20150517,4
17,2009,20150518,4
18,2009,20150519,4
19,2009,20150520,4
20,2009,20150521,4
21,2009,20150522,4
22,2009,20150523,4
23,2009,20150524,4
24,2009,20150525,4
25,2009,20150526,4
26,2009,20150527,4
27,2009,20150528,4
28,2009,20150529,4
29,2009,20150530,4
0,2010,20150501,1
1,2010,20150502,1
2,2010,20150503,1
3,2010,20150504,1
4,2010,20150505,1
5,2010,20150506,2
6,2010,20150507,1
7,2010,20150508,1
8,2010,20150509,1
9,2010,20150510,1
10,2010,20150511,1
11,2010,20150512,1
12,2010,20150513,2
13,2010,20150514,1
14,2010,20150515,1
15,2010,20150516,1
16,2010,20150517,1
17,2010,20150518,1
18,2010,20150519,1
19,2010,20150520,2
20,2010,20150521,1
21,2010,20150522,1
22,2010,20150523,1
23,2010,20150524,1
24,2010,20150525,1
25,2010,20150526,1
26,2010,20150527,2
27,2010,20150528,1
28,2010,20150529,1
29,2010,20150530,1
0,2011,20150501,7
1,2011,20150502,8
2,2011,20150503,8
3,2011,20150504,6
4,2011,20150505,9
5,2011,20150506,21
6,2011,20150507,10
7,2011,20150508,7
8,2011,20150509,8
9,2011,20150510,7
10,2011,20150511,6
11,2011,20150512,9
12,2011,20150513,19
13,2011,20150514,10
14,2011,20150515,7
15,2011,20150516,8
16,2011,20150517,7
17,2011,20150518,6
18,2011,20150519,9
19,2011,20150520,18
20,2011,20150521,10
21,2011,20150522,7
22,2011,20150523,8
23,2011,20150524,7
24,2011,20150525,6
25,2011,20150526,9
26,2011,20150527,17
27,2011,20150528,10
28,2011,20150529,7
29,2011,20150530,8
0,2012,20150501,0
1,2012,20150502,1
2,2012,20150503,1
3,2012,20150504,1
4,2012,20150505,1
5,2012,20150506,1
6,2012,20150507,1
7,2012,20150508,1
8,2012,20150509,1
9,2012,20150510,1
10,2012,20150511,1
11,2012,20150512,1
12,2012,20150513,1
13,2012,20150514,1
14,2012,20150515,1
15,2012,20150516,1
16,2012,20150517,1
17,2012,20150518,1
18,2012,20150519,1
19,2012,20150520,1
20,2012,20150521,1
21,2012,20150522,1
22,2012,20150523,1
23,2012,20150524,1
24,2012,20150525,1
25,2012,20150526,1
26,2012,20150527,1
27,2012,20150528,1
28,2012,20150529,1
29,2012,20150530,1
0,2013,20150501,4
1,2013,20150502,4
2,2013,20150503,4
3,2013,20150504,4
4,2013,20150505,4
5,2013,20150506,4
6,2013,20150507,4
7,2013,20150508,4
8,2013,20150509,4
9,2013,20150510,4
10,2013,20150511,4
11,2013,20150512,4
12,2013,20150513,4
13,2013,20150514,4
14,2013,20150515,4
15,2013,20150516,4
16,2013,20150517,4
17,2013,20150518,4
18,2013,20150519,4
19,2013,20150520,4
20,2013,20150521,4
21,2013,20150522,4
22,2013,20150523,4
23,2013,20150524,4
24,2013,20150525,4
25,2013,20150526,4
26,2013,20150527,4
27,2013,20150528,4
28,2013,20150529,4
29,2013,20150530,4
0,2014,20150501,7
1,2014,20150502,5
2,2014,20150503,7
3,2014,20150504,6
4,2014,20150505,6
5,2014,20150506,7
6,2014,20150507,7
7,2014,20150508,6
8,2014,20150509,5
9,2014,20150510,6
10,2014,20150511,6
11,2014,20150512,6
12,2014,20150513,7
13,2014,20150514,7
14,2014,20150515,6
15,2014,20150516,5
16,2014,20150517,6
17,2014,20150518,6
18,2014,20150519,6
19,2014,20150520,7
20,2014,20150521,7
21,2014,20150522,6
22,2014,20150523,5
23,2014,20150524,6
24,2014,20150525,6
25,2014,20150526,6
26,2014,20150527,7
27,2014,20150528,7
28,2014,20150529,6
29,2014,20150530,5
0,2015,20150501,2
1,2015,20150502,2
2,2015,20150503,2
3,2015,20150504,2
4,2015,20150505,2
5,2015,20150506,2
6,2015,20150507,2
7,2015,20150508,2
8,2015,20150509,2
9,2015,20150510,2
10,2015,20150511,2
11,2015,20150512,2
12,2015,20150513,2
13,2015,20150514,2
14,2015,20150515,2
15,2015,20150516,2
16,2015,20150517,2
17,2015,20150518,2
18,2015,20150519,2
19,2015,20150520,2
20,2015,20150521,2
21,2015,20150522,2
22,2015,20150523,2
23,2015,20150524,2
24,2015,20150525,2
25,2015,20150526,2
26,2015,20150527,2
27,2015,20150528,2
28,2015,20150529,2
29,2015,20150530,2
0,2101,20150501,0
1,2101,20150502,0
2,2101,20150503,0
3,2101,20150504,0
4,2101,20150505,0
5,2101,20150506,0
6,2101,20150507,0
7,2101,20150508,0
8,2101,20150509,0
9,2101,20150510,0
10,2101,20150511,0
11,2101,20150512,0
12,2101,20150513,0
13,2101,20150514,0
14,2101,20150515,0
15,2101,20150516,0
16,2101,20150517,0
17,2101,20150518,0
18,2101,20150519,0
19,2101,20150520,0
20,2101,20150521,0
21,2101,20150522,0
22,2101,20150523,0
23,2101,20150524,0
24,2101,20150525,0
25,2101,20150526,0
26,2101,20150527,0
27,2101,20150528,0
28,2101,20150529,0
29,2101,20150530,1
0,2102,20150501,0
1,2102,20150502,0
2,2102,20150503,0
3,2102,20150504,0
4,2102,20150505,0
5,2102,20150506,0
6,2102,20150507,0
7,2102,20150508,0
8,2102,20150509,0
9,2102,20150510,0
10,2102,20150511,0
11,2102,20150512,0
12,2102,20150513,0
13,2102,20150514,0
14,2102,20150515,0
15,2102,20150516,0
16,2102,20150517,0
17,2102,20150518,0
18,2102,20150519,0
19,2102,20150520,0
20,2102,20150521,0
21,2102,20150522,0
22,2102,20150523,0
23,2102,20150524,0
24,2102,20150525,0
25,2102,20150526,0
26,2102,20150527,0
27,2102,20150528,0
28,2102,20150529,0
29,2102,20150530,0
0,2103,20150501,0
1,2103,20150502,0
2,2103,20150503,0
3,2103,20150504,1
4,2103,20150505,1
5,2103,20150506,1
6,2103,20150507,1
7,2103,20150508,1
8,2103,20150509,1
9,2103,20150510,1
10,2103,20150511,1
11,2103,20150512,1
12,2103,20150513,1
13,2103,20150514,1
14,2103,20150515,1
15,2103,20150516,1
16,2103,20150517,1
17,2103,20150518,1
18,2103,20150519,1
19,2103,20150520,1
20,2103,20150521,1
21,2103,20150522,1
22,2103,20150523,1
23,2103,20150524,1
24,2103,20150525,1
25,2103,20150526,1
26,2103,20150527,1
27,2103,20150528,1
28,2103,20150529,1
29,2103,20150530,1
0,2104,20150501,0
1,2104,20150502,1
2,2104,20150503,1
3,2104,20150504,1
4,2104,20150505,0
5,2104,20150506,1
6,2104,20150507,0
7,2104,20150508,1
8,2104,20150509,1
9,2104,20150510,1
10,2104,20150511,1
11,2104,20150512,0
12,2104,20150513,1
13,2104,20150514,0
14,2104,20150515,1
15,2104,20150516,1
16,2104,20150517,1
17,2104,20150518,1
18,2104,20150519,0
19,2104,20150520,1
20,2104,20150521,0
21,2104,20150522,1
22,2104,20150523,1
23,2104,20150524,1
24,2104,20150525,1
25,2104,20150526,0
26,2104,20150527,1
27,2104,20150528,0
28,2104,20150529,1
29,2104,20150530,1
0,2105,20150501,1
1,2105,20150502,1
2,2105,20150503,1
3,2105,20150504,1
4,2105,20150505,1
5,2105,20150506,1
6,2105,20150507,1
7,2105,20150508,1
8,2105,20150509,1
9,2105,20150510,1
10,2105,20150511,1
11,2105,20150512,1
12,2105,20150513,1
13,2105,20150514,1
14,2105,20150515,1
15,2105,20150516,1
16,2105,20150517,1
17,2105,20150518,1
18,2105,20150519,1
19,2105,20150520,1
20,2105,20150521,1
21,2105,20150522,1
22,2105,20150523,1
23,2105,20150524,1
24,2105,20150525,1
25,2105,20150526,1
26,2105,20150527,1
27,2105,20150528,1
28,2105,20150529,1
29,2105,20150530,1
0,2106,20150501,0
1,2106,20150502,0
2,2106,20150503,0
3,2106,20150504,1
4,2106,20150505,1
5,2106,20150506,0
6,2106,20150507,1
7,2106,20150508,0
8,2106,20150509,0
9,2106,20150510,0
10,2106,20150511,1
11,2106,20150512,1
12,2106,20150513,1
13,2106,20150514,1
14,2106,20150515,0
15,2106,20150516,1
16,2106,20150517,0
17,2106,20150518,1
18,2106,20150519,1
19,2106,20150520,1
20,2106,20150521,1
21,2106,20150522,0
22,2106,20150523,1
23,2106,20150524,0
24,2106,20150525,1
25,2106,20150526,1
26,2106,20150527,1
27,2106,20150528,1
28,2106,20150529,0
29,2106,20150530,1
0,2107,20150501,0
1,2107,20150502,0
2,2107,20150503,0
3,2107,20150504,0
4,2107,20150505,0
5,2107,20150506,0
6,2107,20150507,0
7,2107,20150508,0
8,2107,20150509,0
9,2107,20150510,0
10,2107,20150511,0
11,2107,20150512,0
12,2107,20150513,0
13,2107,20150514,0
14,2107,20150515,0
15,2107,20150516,0
16,2107,20150517,0
17,2107,20150518,0
18,2107,20150519,0
19,2107,20150520,0
20,2107,20150521,0
21,2107,20150522,0
22,2107,20150523,0
23,2107,20150524,0
24,2107,20150525,0
25,2107,20150526,0
26,2107,20150527,0
27,2107,20150528,0
28,2107,20150529,0
29,2107,20150530,0
0,2201,20150501,10
1,2201,20150502,19
2,2201,20150503,11
3,2201,20150504,11
4,2201,20150505,12
5,2201,20150506,16
6,2201,20150507,13
7,2201,20150508,11
8,2201,20150509,19
9,2201,20150510,12
10,2201,20150511,11
11,2201,20150512,13
12,2201,20150513,16
13,2201,20150514,13
14,2201,20150515,11
15,2201,20150516,19
16,2201,20150517,12
17,2201,20150518,11
18,2201,20150519,13
19,2201,20150520,16
20,2201,20150521,13
21,2201,20150522,11
22,2201,20150523,19
23,2201,20150524,12
24,2201,20150525,11
25,2201,20150526,13
26,2201,20150527,16
27,2201,20150528,13
28,2201,20150529,11
29,2201,20150530,19
0,2202,20150501,15
1,2202,20150502,17
2,2202,20150503,15
3,2202,20150504,13
4,2202,20150505,13
5,2202,20150506,19
6,2202,20150507,16
7,2202,20150508,13
8,2202,20150509,16
9,2202,20150510,14
10,2202,20150511,13
11,2202,20150512,13
12,2202,20150513,18
13,2202,20150514,15
14,2202,20150515,13
15,2202,20150516,16
16,2202,20150517,14
17,2202,20150518,13
18,2202,20150519,13
19,2202,20150520,18
20,2202,20150521,14
21,2202,20150522,13
22,2202,20150523,15
23,2202,20150524,14
24,2202,20150525,13
25,2202,20150526,13
26,2202,20150527,18
27,2202,20150528,14
28,2202,20150529,13
29,2202,20150530,15
0,2203,20150501,10
1,2203,20150502,16
2,2203,20150503,10
3,2203,20150504,6
4,2203,20150505,7
5,2203,20150506,15
6,2203,20150507,10
7,2203,20150508,10
8,2203,20150509,17
9,2203,20150510,10
10,2203,20150511,6
11,2203,20150512,7
12,2203,20150513,15
13,2203,20150514,9
14,2203,20150515,10
15,2203,20150516,17
16,2203,20150517,11
17,2203,20150518,6
18,2203,20150519,7
19,2203,20150520,15
20,2203,20150521,9
21,2203,20150522,10
22,2203,20150523,17
23,2203,20150524,11
24,2203,20150525,6
25,2203,20150526,7
26,2203,20150527,15
27,2203,20150528,9
28,2203,20150529,10
29,2203,20150530,17
0,2204,20150501,5
1,2204,20150502,5
2,2204,20150503,5
3,2204,20150504,5
4,2204,20150505,5
5,2204,20150506,8
6,2204,20150507,5
7,2204,20150508,5
8,2204,20150509,5
9,2204,20150510,5
10,2204,20150511,5
11,2204,20150512,5
12,2204,20150513,8
13,2204,20150514,5
14,2204,20150515,5
15,2204,20150516,5
16,2204,20150517,5
17,2204,20150518,5
18,2204,20150519,5
19,2204,20150520,8
20,2204,20150521,5
21,2204,20150522,5
22,2204,20150523,5
23,2204,20150524,5
24,2204,20150525,5
25,2204,20150526,5
26,2204,20150527,8
27,2204,20150528,5
28,2204,20150529,5
29,2204,20150530,5
0,2205,20150501,8
1,2205,20150502,7
2,2205,20150503,7
3,2205,20150504,6
4,2205,20150505,6
5,2205,20150506,9
6,2205,20150507,7
7,2205,20150508,9
8,2205,20150509,7
9,2205,20150510,8
10,2205,20150511,7
11,2205,20150512,7
12,2205,20150513,9
13,2205,20150514,7
14,2205,20150515,9
15,2205,20150516,7
16,2205,20150517,8
17,2205,20150518,7
18,2205,20150519,7
19,2205,20150520,10
20,2205,20150521,7
21,2205,20150522,9
22,2205,20150523,7
23,2205,20150524,8
24,2205,20150525,7
25,2205,20150526,7
26,2205,20150527,10
27,2205,20150528,7
28,2205,20150529,9
29,2205,20150530,7
0,2206,20150501,7
1,2206,20150502,6
2,2206,20150503,6
3,2206,20150504,3
4,2206,20150505,6
5,2206,20150506,11
6,2206,20150507,11
7,2206,20150508,7
8,2206,20150509,6
9,2206,20150510,6
10,2206,20150511,3
11,2206,20150512,6
12,2206,20150513,11
13,2206,20150514,10
14,2206,20150515,7
15,2206,20150516,6
16,2206,20150517,6
17,2206,20150518,3
18,2206,20150519,6
19,2206,20150520,11
20,2206,20150521,9
21,2206,20150522,7
22,2206,20150523,6
23,2206,20150524,7
24,2206,20150525,3
25,2206,20150526,6
26,2206,20150527,11
27,2206,20150528,9
28,2206,20150529,7
29,2206,20150530,6
0,2207,20150501,4
1,2207,20150502,4
2,2207,20150503,4
3,2207,20150504,4
4,2207,20150505,4
5,2207,20150506,4
6,2207,20150507,4
7,2207,20150508,4
8,2207,20150509,4
9,2207,20150510,4
10,2207,20150511,4
11,2207,20150512,4
12,2207,20150513,4
13,2207,20150514,4
14,2207,20150515,4
15,2207,20150516,4
16,2207,20150517,4
17,2207,20150518,4
18,2207,20150519,4
19,2207,20150520,4
20,2207,20150521,4
21,2207,20150522,4
22,2207,20150523,4
23,2207,20150524,4
24,2207,20150525,4
25,2207,20150526,4
26,2207,20150527,4
27,2207,20150528,4
28,2207,20150529,4
29,2207,20150530,4
0,2208,20150501,2
1,2208,20150502,4
2,2208,20150503,2
3,2208,20150504,1
4,2208,20150505,2
5,2208,20150506,3
6,2208,20150507,2
7,2208,20150508,2
8,2208,20150509,3
9,2208,20150510,2
10,2208,20150511,1
11,2208,20150512,2
12,2208,20150513,3
13,2208,20150514,2
14,2208,20150515,2
15,2208,20150516,3
16,2208,20150517,2
17,2208,20150518,1
18,2208,20150519,2
19,2208,20150520,3
20,2208,20150521,2
21,2208,20150522,2
22,2208,20150523,3
23,2208,20150524,2
24,2208,20150525,1
25,2208,20150526,2
26,2208,20150527,3
27,2208,20150528,2
28,2208,20150529,2
29,2208,20150530,3
0,2209,20150501,2
1,2209,20150502,4
2,2209,20150503,2
3,2209,20150504,0
4,2209,20150505,1
5,2209,20150506,2
6,2209,20150507,2
7,2209,20150508,2
8,2209,20150509,4
9,2209,20150510,2
10,2209,20150511,1
11,2209,20150512,1
12,2209,20150513,2
13,2209,20150514,2
14,2209,20150515,2
15,2209,20150516,3
16,2209,20150517,2
17,2209,20150518,1
18,2209,20150519,1
19,2209,20150520,2
20,2209,20150521,2
21,2209,20150522,2
22,2209,20150523,3
23,2209,20150524,2
24,2209,20150525,1
25,2209,20150526,1
26,2209,20150527,2
27,2209,20150528,2
28,2209,20150529,2
29,2209,20150530,3
0,2210,20150501,4
1,2210,20150502,4
2,2210,20150503,3
3,2210,20150504,3
4,2210,20150505,3
5,2210,20150506,4
6,2210,20150507,4
7,2210,20150508,3
8,2210,20150509,3
9,2210,20150510,3
10,2210,20150511,3
11,2210,20150512,3
12,2210,20150513,3
13,2210,20150514,3
14,2210,20150515,3
15,2210,20150516,3
16,2210,20150517,3
17,2210,20150518,3
18,2210,20150519,3
19,2210,20150520,3
20,2210,20150521,3
21,2210,20150522,3
22,2210,20150523,3
23,2210,20150524,3
24,2210,20150525,3
25,2210,20150526,3
26,2210,20150527,3
27,2210,20150528,3
28,2210,20150529,3
29,2210,20150530,3
0,2211,20150501,0
1,2211,20150502,0
2,2211,20150503,0
3,2211,20150504,0
4,2211,20150505,0
5,2211,20150506,0
6,2211,20150507,0
7,2211,20150508,0
8,2211,20150509,1
9,2211,20150510,0
10,2211,20150511,0
11,2211,20150512,0
12,2211,20150513,0
13,2211,20150514,0
14,2211,20150515,0
15,2211,20150516,1
16,2211,20150517,0
17,2211,20150518,0
18,2211,20150519,0
19,2211,20150520,0
20,2211,20150521,0
21,2211,20150522,0
22,2211,20150523,1
23,2211,20150524,0
24,2211,20150525,0
25,2211,20150526,0
26,2211,20150527,0
27,2211,20150528,0
28,2211,20150529,0
29,2211,20150530,1
0,2212,20150501,1
1,2212,20150502,1
2,2212,20150503,1
3,2212,20150504,1
4,2212,20150505,1
5,2212,20150506,1
6,2212,20150507,1
7,2212,20150508,1
8,2212,20150509,1
9,2212,20150510,1
10,2212,20150511,1
11,2212,20150512,1
12,2212,20150513,1
13,2212,20150514,1
14,2212,20150515,1
15,2212,20150516,1
16,2212,20150517,1
17,2212,20150518,1
18,2212,20150519,1
19,2212,20150520,1
20,2212,20150521,1
21,2212,20150522,1
22,2212,20150523,1
23,2212,20150524,1
24,2212,20150525,1
25,2212,20150526,1
26,2212,20150527,1
27,2212,20150528,1
28,2212,20150529,1
29,2212,20150530,1
0,2301,20150501,1
1,2301,20150502,2
2,2301,20150503,2
3,2301,20150504,2
4,2301,20150505,2
5,2301,20150506,2
6,2301,20150507,2
7,2301,20150508,2
8,2301,20150509,2
9,2301,20150510,2
10,2301,20150511,2
11,2301,20150512,2
12,2301,20150513,2
13,2301,20150514,2
14,2301,20150515,2
15,2301,20150516,2
16,2301,20150517,2
17,2301,20150518,2
18,2301,20150519,2
19,2301,20150520,2
20,2301,20150521,2
21,2301,20150522,2
22,2301,20150523,2
23,2301,20150524,2
24,2301,20150525,2
25,2301,20150526,2
26,2301,20150527,2
27,2301,20150528,2
28,2301,20150529,2
29,2301,20150530,2
0,2302,20150501,2
1,2302,20150502,1
2,2302,20150503,1
3,2302,20150504,1
4,2302,20150505,1
5,2302,20150506,1
6,2302,20150507,1
7,2302,20150508,1
8,2302,20150509,1
9,2302,20150510,1
10,2302,20150511,1
11,2302,20150512,1
12,2302,20150513,1
13,2302,20150514,1
14,2302,20150515,1
15,2302,20150516,1
16,2302,20150517,1
17,2302,20150518,1
18,2302,20150519,1
19,2302,20150520,1
20,2302,20150521,1
21,2302,20150522,1
22,2302,20150523,1
23,2302,20150524,1
24,2302,20150525,1
25,2302,20150526,1
26,2302,20150527,1
27,2302,20150528,1
28,2302,20150529,1
29,2302,20150530,1
0,2303,20150501,3
1,2303,20150502,3
2,2303,20150503,3
3,2303,20150504,3
4,2303,20150505,3
5,2303,20150506,3
6,2303,20150507,3
7,2303,20150508,3
8,2303,20150509,3
9,2303,20150510,3
10,2303,20150511,3
11,2303,20150512,3
12,2303,20150513,3
13,2303,20150514,3
14,2303,20150515,3
15,2303,20150516,3
16,2303,20150517,3
17,2303,20150518,3
18,2303,20150519,2
19,2303,20150520,3
20,2303,20150521,3
21,2303,20150522,3
22,2303,20150523,3
23,2303,20150524,3
24,2303,20150525,2
25,2303,20150526,2
26,2303,20150527,3
27,2303,20150528,3
28,2303,20150529,3
29,2303,20150530,3
0,2304,20150501,1
1,2304,20150502,1
2,2304,20150503,1
3,2304,20150504,0
4,2304,20150505,0
5,2304,20150506,0
6,2304,20150507,0
7,2304,20150508,0
8,2304,20150509,0
9,2304,20150510,1
10,2304,20150511,0
11,2304,20150512,0
12,2304,20150513,0
13,2304,20150514,0
14,2304,20150515,0
15,2304,20150516,0
16,2304,20150517,1
17,2304,20150518,0
18,2304,20150519,0
19,2304,20150520,0
20,2304,20150521,0
21,2304,20150522,0
22,2304,20150523,0
23,2304,20150524,0
24,2304,20150525,0
25,2304,20150526,0
26,2304,20150527,0
27,2304,20150528,0
28,2304,20150529,0
29,2304,20150530,0
0,2305,20150501,2
1,2305,20150502,3
2,2305,20150503,2
3,2305,20150504,1
4,2305,20150505,2
5,2305,20150506,1
6,2305,20150507,2
7,2305,20150508,1
8,2305,20150509,2
9,2305,20150510,2
10,2305,20150511,1
11,2305,20150512,1
12,2305,20150513,1
13,2305,20150514,2
14,2305,20150515,1
15,2305,20150516,2
16,2305,20150517,2
17,2305,20150518,1
18,2305,20150519,1
19,2305,20150520,1
20,2305,20150521,2
21,2305,20150522,1
22,2305,20150523,2
23,2305,20150524,2
24,2305,20150525,1
25,2305,20150526,1
26,2305,20150527,1
27,2305,20150528,2
28,2305,20150529,1
29,2305,20150530,2
0,2306,20150501,4
1,2306,20150502,3
2,2306,20150503,2
3,2306,20150504,2
4,2306,20150505,2
5,2306,20150506,2
6,2306,20150507,4
7,2306,20150508,2
8,2306,20150509,2
9,2306,20150510,2
10,2306,20150511,1
11,2306,20150512,2
12,2306,20150513,1
13,2306,20150514,3
14,2306,20150515,2
15,2306,20150516,2
16,2306,20150517,2
17,2306,20150518,1
18,2306,20150519,2
19,2306,20150520,1
20,2306,20150521,3
21,2306,20150522,2
22,2306,20150523,2
23,2306,20150524,2
24,2306,20150525,1
25,2306,20150526,1
26,2306,20150527,1
27,2306,20150528,3
28,2306,20150529,2
29,2306,20150530,2
0,2307,20150501,3
1,2307,20150502,3
2,2307,20150503,2
3,2307,20150504,2
4,2307,20150505,2
5,2307,20150506,2
6,2307,20150507,3
7,2307,20150508,2
8,2307,20150509,3
9,2307,20150510,2
10,2307,20150511,2
11,2307,20150512,2
12,2307,20150513,2
13,2307,20150514,3
14,2307,20150515,2
15,2307,20150516,2
16,2307,20150517,2
17,2307,20150518,2
18,2307,20150519,2
19,2307,20150520,2
20,2307,20150521,3
21,2307,20150522,2
22,2307,20150523,2
23,2307,20150524,2
24,2307,20150525,2
25,2307,20150526,2
26,2307,20150527,2
27,2307,20150528,3
28,2307,20150529,2
29,2307,20150530,2
0,2309,20150501,1
1,2309,20150502,1
2,2309,20150503,2
3,2309,20150504,1
4,2309,20150505,1
5,2309,20150506,1
6,2309,20150507,1
7,2309,20150508,1
8,2309,20150509,1
9,2309,20150510,1
10,2309,20150511,1
11,2309,20150512,1
12,2309,20150513,1
13,2309,20150514,1
14,2309,20150515,1
15,2309,20150516,1
16,2309,20150517,1
17,2309,20150518,1
18,2309,20150519,1
19,2309,20150520,1
20,2309,20150521,1
21,2309,20150522,1
22,2309,20150523,1
23,2309,20150524,1
24,2309,20150525,1
25,2309,20150526,1
26,2309,20150527,1
27,2309,20150528,1
28,2309,20150529,1
29,2309,20150530,1
0,2310,20150501,0
1,2310,20150502,0
2,2310,20150503,0
3,2310,20150504,0
4,2310,20150505,0
5,2310,20150506,0
6,2310,20150507,0
7,2310,20150508,0
8,2310,20150509,0
9,2310,20150510,0
10,2310,20150511,0
11,2310,20150512,0
12,2310,20150513,0
13,2310,20150514,0
14,2310,20150515,0
15,2310,20150516,0
16,2310,20150517,0
17,2310,20150518,0
18,2310,20150519,0
19,2310,20150520,0
20,2310,20150521,0
21,2310,20150522,0
22,2310,20150523,0
23,2310,20150524,0
24,2310,20150525,0
25,2310,20150526,0
26,2310,20150527,0
27,2310,20150528,0
28,2310,20150529,0
29,2310,20150530,0
0,2311,20150501,1
1,2311,20150502,1
2,2311,20150503,1
3,2311,20150504,1
4,2311,20150505,2
5,2311,20150506,1
6,2311,20150507,1
7,2311,20150508,1
8,2311,20150509,1
9,2311,20150510,1
10,2311,20150511,1
11,2311,20150512,2
12,2311,20150513,1
13,2311,20150514,1
14,2311,20150515,1
15,2311,20150516,1
16,2311,20150517,1
17,2311,20150518,1
18,2311,20150519,2
19,2311,20150520,1
20,2311,20150521,1
21,2311,20150522,1
22,2311,20150523,1
23,2311,20150524,1
24,2311,20150525,1
25,2311,20150526,2
26,2311,20150527,1
27,2311,20150528,1
28,2311,20150529,1
29,2311,20150530,1
0,2312,20150501,0
1,2312,20150502,0
2,2312,20150503,0
3,2312,20150504,0
4,2312,20150505,0
5,2312,20150506,0
6,2312,20150507,0
7,2312,20150508,0
8,2312,20150509,0
9,2312,20150510,0
10,2312,20150511,0
11,2312,20150512,0
12,2312,20150513,0
13,2312,20150514,0
14,2312,20150515,0
15,2312,20150516,0
16,2312,20150517,0
17,2312,20150518,0
18,2312,20150519,0
19,2312,20150520,0
20,2312,20150521,0
21,2312,20150522,0
22,2312,20150523,0
23,2312,20150524,0
24,2312,20150525,0
25,2312,20150526,0
26,2312,20150527,0
27,2312,20150528,0
28,2312,20150529,0
29,2312,20150530,0
0,2313,20150501,0
1,2313,20150502,0
2,2313,20150503,0
3,2313,20150504,0
4,2313,20150505,0
5,2313,20150506,0
6,2313,20150507,0
7,2313,20150508,0
8,2313,20150509,0
9,2313,20150510,0
10,2313,20150511,0
11,2313,20150512,0
12,2313,20150513,0
13,2313,20150514,0
14,2313,20150515,0
15,2313,20150516,0
16,2313,20150517,0
17,2313,20150518,0
18,2313,20150519,0
19,2313,20150520,0
20,2313,20150521,0
21,2313,20150522,0
22,2313,20150523,0
23,2313,20150524,0
24,2313,20150525,0
25,2313,20150526,0
26,2313,20150527,0
27,2313,20150528,0
28,2313,20150529,0
29,2313,20150530,0
0,2314,20150501,1
1,2314,20150502,1
2,2314,20150503,1
3,2314,20150504,1
4,2314,20150505,1
5,2314,20150506,1
6,2314,20150507,1
7,2314,20150508,1
8,2314,20150509,1
9,2314,20150510,1
10,2314,20150511,1
11,2314,20150512,1
12,2314,20150513,1
13,2314,20150514,1
14,2314,20150515,1
15,2314,20150516,1
16,2314,20150517,1
17,2314,20150518,1
18,2314,20150519,1
19,2314,20150520,1
20,2314,20150521,1
21,2314,20150522,1
22,2314,20150523,1
23,2314,20150524,1
24,2314,20150525,1
25,2314,20150526,1
26,2314,20150527,1
27,2314,20150528,1
28,2314,20150529,1
29,2314,20150530,1
0,2316,20150501,1
1,2316,20150502,1
2,2316,20150503,1
3,2316,20150504,1
4,2316,20150505,1
5,2316,20150506,1
6,2316,20150507,1
7,2316,20150508,1
8,2316,20150509,1
9,2316,20150510,1
10,2316,20150511,1
11,2316,20150512,1
12,2316,20150513,1
13,2316,20150514,1
14,2316,20150515,1
15,2316,20150516,1
16,2316,20150517,1
17,2316,20150518,1
18,2316,20150519,1
19,2316,20150520,1
20,2316,20150521,1
21,2316,20150522,1
22,2316,20150523,1
23,2316,20150524,1
24,2316,20150525,1
25,2316,20150526,1
26,2316,20150527,1
27,2316,20150528,1
28,2316,20150529,1
29,2316,20150530,1
0,2317,20150501,1
1,2317,20150502,1
2,2317,20150503,0
3,2317,20150504,0
4,2317,20150505,0
5,2317,20150506,0
6,2317,20150507,0
7,2317,20150508,0
8,2317,20150509,0
9,2317,20150510,0
10,2317,20150511,0
11,2317,20150512,0
12,2317,20150513,0
13,2317,20150514,0
14,2317,20150515,0
15,2317,20150516,0
16,2317,20150517,0
17,2317,20150518,0
18,2317,20150519,0
19,2317,20150520,0
20,2317,20150521,0
21,2317,20150522,0
22,2317,20150523,0
23,2317,20150524,0
24,2317,20150525,0
25,2317,20150526,0
26,2317,20150527,0
27,2317,20150528,0
28,2317,20150529,0
29,2317,20150530,0
0,3001,20150501,0
1,3001,20150502,0
2,3001,20150503,0
3,3001,20150504,0
4,3001,20150505,0
5,3001,20150506,0
6,3001,20150507,0
7,3001,20150508,0
8,3001,20150509,0
9,3001,20150510,0
10,3001,20150511,0
11,3001,20150512,0
12,3001,20150513,0
13,3001,20150514,0
14,3001,20150515,0
15,3001,20150516,0
16,3001,20150517,0
17,3001,20150518,0
18,3001,20150519,0
19,3001,20150520,0
20,3001,20150521,0
21,3001,20150522,0
22,3001,20150523,0
23,3001,20150524,0
24,3001,20150525,0
25,3001,20150526,0
26,3001,20150527,0
27,3001,20150528,0
28,3001,20150529,0
29,3001,20150530,0
0,3002,20150501,2
1,3002,20150502,1
2,3002,20150503,2
3,3002,20150504,1
4,3002,20150505,1
5,3002,20150506,2
6,3002,20150507,2
7,3002,20150508,1
8,3002,20150509,1
9,3002,20150510,1
10,3002,20150511,1
11,3002,20150512,1
12,3002,20150513,2
13,3002,20150514,1
14,3002,20150515,1
15,3002,20150516,1
16,3002,20150517,1
17,3002,20150518,1
18,3002,20150519,1
19,3002,20150520,2
20,3002,20150521,1
21,3002,20150522,1
22,3002,20150523,1
23,3002,20150524,1
24,3002,20150525,1
25,3002,20150526,1
26,3002,20150527,2
27,3002,20150528,1
28,3002,20150529,1
29,3002,20150530,1
0,3003,20150501,0
1,3003,20150502,0
2,3003,20150503,0
3,3003,20150504,1
4,3003,20150505,0
5,3003,20150506,0
6,3003,20150507,0
7,3003,20150508,0
8,3003,20150509,0
9,3003,20150510,0
10,3003,20150511,0
11,3003,20150512,0
12,3003,20150513,0
13,3003,20150514,0
14,3003,20150515,0
15,3003,20150516,0
16,3003,20150517,0
17,3003,20150518,0
18,3003,20150519,0
19,3003,20150520,0
20,3003,20150521,0
21,3003,20150522,0
22,3003,20150523,0
23,3003,20150524,0
24,3003,20150525,0
25,3003,20150526,0
26,3003,20150527,0
27,3003,20150528,0
28,3003,20150529,0
29,3003,20150530,0
0,3004,20150501,0
1,3004,20150502,0
2,3004,20150503,0
3,3004,20150504,0
4,3004,20150505,0
5,3004,20150506,0
6,3004,20150507,0
7,3004,20150508,0
8,3004,20150509,0
9,3004,20150510,0
10,3004,20150511,0
11,3004,20150512,0
12,3004,20150513,0
13,3004,20150514,0
14,3004,20150515,0
15,3004,20150516,0
16,3004,20150517,0
17,3004,20150518,0
18,3004,20150519,0
19,3004,20150520,0
20,3004,20150521,0
21,3004,20150522,0
22,3004,20150523,0
23,3004,20150524,0
24,3004,20150525,0
25,3004,20150526,0
26,3004,20150527,0
27,3004,20150528,0
28,3004,20150529,0
29,3004,20150530,0
0,3005,20150501,1
1,3005,20150502,0
2,3005,20150503,0
3,3005,20150504,0
4,3005,20150505,0
5,3005,20150506,0
6,3005,20150507,0
7,3005,20150508,0
8,3005,20150509,0
9,3005,20150510,0
10,3005,20150511,0
11,3005,20150512,0
12,3005,20150513,0
13,3005,20150514,0
14,3005,20150515,0
15,3005,20150516,0
16,3005,20150517,0
17,3005,20150518,0
18,3005,20150519,0
19,3005,20150520,0
20,3005,20150521,0
21,3005,20150522,0
22,3005,20150523,0
23,3005,20150524,0
24,3005,20150525,0
25,3005,20150526,0
26,3005,20150527,0
27,3005,20150528,0
28,3005,20150529,0
29,3005,20150530,0
0,3006,20150501,2
1,3006,20150502,3
2,3006,20150503,4
3,3006,20150504,2
4,3006,20150505,4
5,3006,20150506,5
6,3006,20150507,2
7,3006,20150508,2
8,3006,20150509,3
9,3006,20150510,4
10,3006,20150511,2
11,3006,20150512,4
12,3006,20150513,4
13,3006,20150514,2
14,3006,20150515,2
15,3006,20150516,3
16,3006,20150517,4
17,3006,20150518,3
18,3006,20150519,4
19,3006,20150520,4
20,3006,20150521,2
21,3006,20150522,2
22,3006,20150523,3
23,3006,20150524,4
24,3006,20150525,3
25,3006,20150526,4
26,3006,20150527,4
27,3006,20150528,2
28,3006,20150529,2
29,3006,20150530,3
0,3007,20150501,2
1,3007,20150502,1
2,3007,20150503,1
3,3007,20150504,1
4,3007,20150505,1
5,3007,20150506,2
6,3007,20150507,1
7,3007,20150508,1
8,3007,20150509,1
9,3007,20150510,1
10,3007,20150511,1
11,3007,20150512,1
12,3007,20150513,1
13,3007,20150514,1
14,3007,20150515,1
15,3007,20150516,1
16,3007,20150517,1
17,3007,20150518,1
18,3007,20150519,1
19,3007,20150520,1
20,3007,20150521,1
21,3007,20150522,1
22,3007,20150523,1
23,3007,20150524,1
24,3007,20150525,1
25,3007,20150526,1
26,3007,20150527,1
27,3007,20150528,1
28,3007,20150529,1
29,3007,20150530,1
0,3008,20150501,1
1,3008,20150502,1
2,3008,20150503,1
3,3008,20150504,1
4,3008,20150505,1
5,3008,20150506,2
6,3008,20150507,2
7,3008,20150508,1
8,3008,20150509,1
9,3008,20150510,1
10,3008,20150511,1
11,3008,20150512,1
12,3008,20150513,2
13,3008,20150514,2
14,3008,20150515,1
15,3008,20150516,1
16,3008,20150517,1
17,3008,20150518,1
18,3008,20150519,1
19,3008,20150520,2
20,3008,20150521,2
21,3008,20150522,1
22,3008,20150523,1
23,3008,20150524,1
24,3008,20150525,1
25,3008,20150526,1
26,3008,20150527,2
27,3008,20150528,2
28,3008,20150529,1
29,3008,20150530,1
0,3010,20150501,1
1,3010,20150502,1
2,3010,20150503,1
3,3010,20150504,1
4,3010,20150505,1
5,3010,20150506,0
6,3010,20150507,1
7,3010,20150508,1
8,3010,20150509,1
9,3010,20150510,1
10,3010,20150511,1
11,3010,20150512,1
12,3010,20150513,0
13,3010,20150514,1
14,3010,20150515,1
15,3010,20150516,1
16,3010,20150517,1
17,3010,20150518,1
18,3010,20150519,1
19,3010,20150520,0
20,3010,20150521,1
21,3010,20150522,1
22,3010,20150523,1
23,3010,20150524,1
24,3010,20150525,1
25,3010,20150526,0
26,3010,20150527,0
27,3010,20150528,1
28,3010,20150529,1
29,3010,20150530,1
0,3011,20150501,0
1,3011,20150502,0
2,3011,20150503,1
3,3011,20150504,0
4,3011,20150505,1
5,3011,20150506,0
6,3011,20150507,0
7,3011,20150508,1
8,3011,20150509,1
9,3011,20150510,1
10,3011,20150511,1
11,3011,20150512,1
12,3011,20150513,1
13,3011,20150514,1
14,3011,20150515,1
15,3011,20150516,1
16,3011,20150517,1
17,3011,20150518,1
18,3011,20150519,1
19,3011,20150520,1
20,3011,20150521,1
21,3011,20150522,1
22,3011,20150523,1
23,3011,20150524,1
24,3011,20150525,1
25,3011,20150526,1
26,3011,20150527,1
27,3011,20150528,1
28,3011,20150529,1
29,3011,20150530,1
0,3013,20150501,4
1,3013,20150502,4
2,3013,20150503,4
3,3013,20150504,4
4,3013,20150505,4
5,3013,20150506,4
6,3013,20150507,4
7,3013,20150508,4
8,3013,20150509,4
9,3013,20150510,4
10,3013,20150511,4
11,3013,20150512,4
12,3013,20150513,4
13,3013,20150514,4
14,3013,20150515,4
15,3013,20150516,4
16,3013,20150517,4
17,3013,20150518,4
18,3013,20150519,4
19,3013,20150520,4
20,3013,20150521,4
21,3013,20150522,4
22,3013,20150523,4
23,3013,20150524,4
24,3013,20150525,4
25,3013,20150526,4
26,3013,20150527,4
27,3013,20150528,4
28,3013,20150529,4
29,3013,20150530,4
0,3014,20150501,0
1,3014,20150502,0
2,3014,20150503,0
3,3014,20150504,0
4,3014,20150505,0
5,3014,20150506,0
6,3014,20150507,0
7,3014,20150508,0
8,3014,20150509,0
9,3014,20150510,0
10,3014,20150511,0
11,3014,20150512,0
12,3014,20150513,0
13,3014,20150514,0
14,3014,20150515,0
15,3014,20150516,0
16,3014,20150517,0
17,3014,20150518,0
18,3014,20150519,0
19,3014,20150520,0
20,3014,20150521,0
21,3014,20150522,0
22,3014,20150523,0
23,3014,20150524,0
24,3014,20150525,0
25,3014,20150526,0
26,3014,20150527,0
27,3014,20150528,0
28,3014,20150529,0
29,3014,20150530,0
0,3016,20150501,6
1,3016,20150502,7
2,3016,20150503,6
3,3016,20150504,7
4,3016,20150505,7
5,3016,20150506,16
6,3016,20150507,7
7,3016,20150508,6
8,3016,20150509,7
9,3016,20150510,6
10,3016,20150511,7
11,3016,20150512,7
12,3016,20150513,16
13,3016,20150514,7
14,3016,20150515,6
15,3016,20150516,7
16,3016,20150517,6
17,3016,20150518,7
18,3016,20150519,7
19,3016,20150520,16
20,3016,20150521,7
21,3016,20150522,6
22,3016,20150523,7
23,3016,20150524,6
24,3016,20150525,7
25,3016,20150526,7
26,3016,20150527,16
27,3016,20150528,8
28,3016,20150529,6
29,3016,20150530,7
0,3017,20150501,0
1,3017,20150502,0
2,3017,20150503,0
3,3017,20150504,1
4,3017,20150505,0
5,3017,20150506,1
6,3017,20150507,0
7,3017,20150508,0
8,3017,20150509,0
9,3017,20150510,0
10,3017,20150511,1
11,3017,20150512,0
12,3017,20150513,1
13,3017,20150514,0
14,3017,20150515,0
15,3017,20150516,0
16,3017,20150517,0
17,3017,20150518,1
18,3017,20150519,0
19,3017,20150520,1
20,3017,20150521,0
21,3017,20150522,0
22,3017,20150523,0
23,3017,20150524,0
24,3017,20150525,1
25,3017,20150526,0
26,3017,20150527,1
27,3017,20150528,0
28,3017,20150529,0
29,3017,20150530,0
0,3018,20150501,5
1,3018,20150502,4
2,3018,20150503,6
3,3018,20150504,6
4,3018,20150505,5
5,3018,20150506,7
6,3018,20150507,6
7,3018,20150508,5
8,3018,20150509,4
9,3018,20150510,5
10,3018,20150511,6
11,3018,20150512,5
12,3018,20150513,7
13,3018,20150514,6
14,3018,20150515,5
15,3018,20150516,4
16,3018,20150517,5
17,3018,20150518,6
18,3018,20150519,5
19,3018,20150520,7
20,3018,20150521,6
21,3018,20150522,5
22,3018,20150523,4
23,3018,20150524,5
24,3018,20150525,6
25,3018,20150526,5
26,3018,20150527,7
27,3018,20150528,6
28,3018,20150529,5
29,3018,20150530,4
0,3102,20150501,0
1,3102,20150502,0
2,3102,20150503,0
3,3102,20150504,0
4,3102,20150505,0
5,3102,20150506,0
6,3102,20150507,0
7,3102,20150508,0
8,3102,20150509,0
9,3102,20150510,0
10,3102,20150511,0
11,3102,20150512,0
12,3102,20150513,0
13,3102,20150514,0
14,3102,20150515,0
15,3102,20150516,0
16,3102,20150517,0
17,3102,20150518,0
18,3102,20150519,0
19,3102,20150520,0
20,3102,20150521,0
21,3102,20150522,0
22,3102,20150523,0
23,3102,20150524,0
24,3102,20150525,0
25,3102,20150526,0
26,3102,20150527,0
27,3102,20150528,0
28,3102,20150529,0
29,3102,20150530,0
0,3105,20150501,0
1,3105,20150502,0
2,3105,20150503,0
3,3105,20150504,0
4,3105,20150505,0
5,3105,20150506,0
6,3105,20150507,0
7,3105,20150508,0
8,3105,20150509,0
9,3105,20150510,0
10,3105,20150511,0
11,3105,20150512,0
12,3105,20150513,0
13,3105,20150514,0
14,3105,20150515,0
15,3105,20150516,0
16,3105,20150517,0
17,3105,20150518,0
18,3105,20150519,0
19,3105,20150520,0
20,3105,20150521,0
21,3105,20150522,0
22,3105,20150523,0
23,3105,20150524,0
24,3105,20150525,0
25,3105,20150526,0
26,3105,20150527,0
27,3105,20150528,0
28,3105,20150529,0
29,3105,20150530,0
0,3107,20150501,0
1,3107,20150502,0
2,3107,20150503,0
3,3107,20150504,0
4,3107,20150505,0
5,3107,20150506,0
6,3107,20150507,0
7,3107,20150508,0
8,3107,20150509,0
9,3107,20150510,0
10,3107,20150511,0
11,3107,20150512,0
12,3107,20150513,0
13,3107,20150514,0
14,3107,20150515,0
15,3107,20150516,0
16,3107,20150517,0
17,3107,20150518,0
18,3107,20150519,0
19,3107,20150520,0
20,3107,20150521,0
21,3107,20150522,0
22,3107,20150523,0
23,3107,20150524,0
24,3107,20150525,0
25,3107,20150526,0
26,3107,20150527,0
27,3107,20150528,0
28,3107,20150529,0
29,3107,20150530,0
0,3109,20150501,0
1,3109,20150502,0
2,3109,20150503,0
3,3109,20150504,0
4,3109,20150505,0
5,3109,20150506,0
6,3109,20150507,0
7,3109,20150508,0
8,3109,20150509,0
9,3109,20150510,0
10,3109,20150511,0
11,3109,20150512,0
12,3109,20150513,0
13,3109,20150514,0
14,3109,20150515,0
15,3109,20150516,0
16,3109,20150517,0
17,3109,20150518,0
18,3109,20150519,0
19,3109,20150520,0
20,3109,20150521,0
21,3109,20150522,0
22,3109,20150523,0
23,3109,20150524,0
24,3109,20150525,0
25,3109,20150526,0
26,3109,20150527,0
27,3109,20150528,0
28,3109,20150529,0
29,3109,20150530,0
0,3110,20150501,0
1,3110,20150502,0
2,3110,20150503,0
3,3110,20150504,0
4,3110,20150505,0
5,3110,20150506,0
6,3110,20150507,0
7,3110,20150508,0
8,3110,20150509,0
9,3110,20150510,0
10,3110,20150511,0
11,3110,20150512,0
12,3110,20150513,0
13,3110,20150514,0
14,3110,20150515,0
15,3110,20150516,0
16,3110,20150517,0
17,3110,20150518,0
18,3110,20150519,0
19,3110,20150520,0
20,3110,20150521,0
21,3110,20150522,0
22,3110,20150523,0
23,3110,20150524,0
24,3110,20150525,0
25,3110,20150526,0
26,3110,20150527,0
27,3110,20150528,0
28,3110,20150529,0
29,3110,20150530,0
0,3112,20150501,0
1,3112,20150502,0
2,3112,20150503,0
3,3112,20150504,0
4,3112,20150505,0
5,3112,20150506,0
6,3112,20150507,0
7,3112,20150508,0
8,3112,20150509,0
9,3112,20150510,0
10,3112,20150511,0
11,3112,20150512,0
12,3112,20150513,0
13,3112,20150514,0
14,3112,20150515,0
15,3112,20150516,0
16,3112,20150517,0
17,3112,20150518,0
18,3112,20150519,0
19,3112,20150520,0
20,3112,20150521,0
21,3112,20150522,0
22,3112,20150523,0
23,3112,20150524,0
24,3112,20150525,0
25,3112,20150526,0
26,3112,20150527,0
27,3112,20150528,0
28,3112,20150529,0
29,3112,20150530,0
0,3113,20150501,0
1,3113,20150502,0
2,3113,20150503,0
3,3113,20150504,0
4,3113,20150505,0
5,3113,20150506,0
6,3113,20150507,0
7,3113,20150508,0
8,3113,20150509,0
9,3113,20150510,0
10,3113,20150511,0
11,3113,20150512,0
12,3113,20150513,0
13,3113,20150514,0
14,3113,20150515,0
15,3113,20150516,0
16,3113,20150517,0
17,3113,20150518,0
18,3113,20150519,0
19,3113,20150520,0
20,3113,20150521,0
21,3113,20150522,0
22,3113,20150523,0
23,3113,20150524,0
24,3113,20150525,0
25,3113,20150526,0
26,3113,20150527,0
27,3113,20150528,0
28,3113,20150529,0
29,3113,20150530,0
0,3114,20150501,1
1,3114,20150502,1
2,3114,20150503,1
3,3114,20150504,1
4,3114,20150505,1
5,3114,20150506,1
6,3114,20150507,0
7,3114,20150508,1
8,3114,20150509,1
9,3114,20150510,1
10,3114,20150511,1
11,3114,20150512,1
12,3114,20150513,1
13,3114,20150514,1
14,3114,20150515,1
15,3114,20150516,1
16,3114,20150517,1
17,3114,20150518,1
18,3114,20150519,1
19,3114,20150520,1
20,3114,20150521,1
21,3114,20150522,1
22,3114,20150523,1
23,3114,20150524,1
24,3114,20150525,1
25,3114,20150526,1
26,3114,20150527,1
27,3114,20150528,1
28,3114,20150529,1
29,3114,20150530,1
0,3116,20150501,1
1,3116,20150502,1
2,3116,20150503,1
3,3116,20150504,1
4,3116,20150505,1
5,3116,20150506,1
6,3116,20150507,1
7,3116,20150508,1
8,3116,20150509,1
9,3116,20150510,1
10,3116,20150511,1
11,3116,20150512,1
12,3116,20150513,1
13,3116,20150514,1
14,3116,20150515,1
15,3116,20150516,0
16,3116,20150517,1
17,3116,20150518,1
18,3116,20150519,1
19,3116,20150520,1
20,3116,20150521,1
21,3116,20150522,0
22,3116,20150523,0
23,3116,20150524,1
24,3116,20150525,1
25,3116,20150526,1
26,3116,20150527,1
27,3116,20150528,1
28,3116,20150529,0
29,3116,20150530,0
0,3117,20150501,0
1,3117,20150502,0
2,3117,20150503,1
3,3117,20150504,1
4,3117,20150505,0
5,3117,20150506,1
6,3117,20150507,0
7,3117,20150508,0
8,3117,20150509,1
9,3117,20150510,1
10,3117,20150511,1
11,3117,20150512,0
12,3117,20150513,1
13,3117,20150514,0
14,3117,20150515,0
15,3117,20150516,1
16,3117,20150517,1
17,3117,20150518,1
18,3117,20150519,0
19,3117,20150520,1
20,3117,20150521,0
21,3117,20150522,0
22,3117,20150523,1
23,3117,20150524,1
24,3117,20150525,1
25,3117,20150526,0
26,3117,20150527,1
27,3117,20150528,0
28,3117,20150529,0
29,3117,20150530,1
0,3118,20150501,1
1,3118,20150502,1
2,3118,20150503,1
3,3118,20150504,1
4,3118,20150505,1
5,3118,20150506,1
6,3118,20150507,1
7,3118,20150508,1
8,3118,20150509,1
9,3118,20150510,1
10,3118,20150511,1
11,3118,20150512,1
12,3118,20150513,1
13,3118,20150514,1
14,3118,20150515,1
15,3118,20150516,1
16,3118,20150517,1
17,3118,20150518,1
18,3118,20150519,1
19,3118,20150520,1
20,3118,20150521,1
21,3118,20150522,1
22,3118,20150523,1
23,3118,20150524,1
24,3118,20150525,1
25,3118,20150526,1
26,3118,20150527,1
27,3118,20150528,1
28,3118,20150529,1
29,3118,20150530,1
0,3119,20150501,0
1,3119,20150502,0
2,3119,20150503,0
3,3119,20150504,0
4,3119,20150505,0
5,3119,20150506,0
6,3119,20150507,0
7,3119,20150508,0
8,3119,20150509,0
9,3119,20150510,0
10,3119,20150511,0
11,3119,20150512,0
12,3119,20150513,0
13,3119,20150514,0
14,3119,20150515,0
15,3119,20150516,0
16,3119,20150517,0
17,3119,20150518,0
18,3119,20150519,0
19,3119,20150520,0
20,3119,20150521,0
21,3119,20150522,0
22,3119,20150523,0
23,3119,20150524,0
24,3119,20150525,0
25,3119,20150526,0
26,3119,20150527,0
27,3119,20150528,0
28,3119,20150529,0
29,3119,20150530,0
0,3125,20150501,0
1,3125,20150502,0
2,3125,20150503,0
3,3125,20150504,0
4,3125,20150505,0
5,3125,20150506,0
6,3125,20150507,0
7,3125,20150508,0
8,3125,20150509,0
9,3125,20150510,0
10,3125,20150511,0
11,3125,20150512,0
12,3125,20150513,0
13,3125,20150514,0
14,3125,20150515,0
15,3125,20150516,0
16,3125,20150517,0
17,3125,20150518,0
18,3125,20150519,0
19,3125,20150520,0
20,3125,20150521,0
21,3125,20150522,0
22,3125,20150523,0
23,3125,20150524,0
24,3125,20150525,0
25,3125,20150526,0
26,3125,20150527,0
27,3125,20150528,0
28,3125,20150529,0
29,3125,20150530,0
0,3126,20150501,0
1,3126,20150502,0
2,3126,20150503,0
3,3126,20150504,0
4,3126,20150505,0
5,3126,20150506,0
6,3126,20150507,0
7,3126,20150508,0
8,3126,20150509,0
9,3126,20150510,0
10,3126,20150511,0
11,3126,20150512,0
12,3126,20150513,0
13,3126,20150514,0
14,3126,20150515,0
15,3126,20150516,0
16,3126,20150517,0
17,3126,20150518,0
18,3126,20150519,0
19,3126,20150520,0
20,3126,20150521,0
21,3126,20150522,0
22,3126,20150523,0
23,3126,20150524,0
24,3126,20150525,0
25,3126,20150526,0
26,3126,20150527,0
27,3126,20150528,0
28,3126,20150529,0
29,3126,20150530,0
0,3208,20150501,0
1,3208,20150502,0
2,3208,20150503,0
3,3208,20150504,0
4,3208,20150505,0
5,3208,20150506,0
6,3208,20150507,0
7,3208,20150508,0
8,3208,20150509,0
9,3208,20150510,0
10,3208,20150511,0
11,3208,20150512,0
12,3208,20150513,0
13,3208,20150514,0
14,3208,20150515,0
15,3208,20150516,0
16,3208,20150517,0
17,3208,20150518,0
18,3208,20150519,0
19,3208,20150520,0
20,3208,20150521,0
21,3208,20150522,0
22,3208,20150523,0
23,3208,20150524,0
24,3208,20150525,0
25,3208,20150526,0
26,3208,20150527,0
27,3208,20150528,0
28,3208,20150529,0
29,3208,20150530,0
0,3217,20150501,0
1,3217,20150502,0
2,3217,20150503,0
3,3217,20150504,0
4,3217,20150505,0
5,3217,20150506,0
6,3217,20150507,0
7,3217,20150508,0
8,3217,20150509,0
9,3217,20150510,0
10,3217,20150511,0
11,3217,20150512,0
12,3217,20150513,0
13,3217,20150514,0
14,3217,20150515,0
15,3217,20150516,0
16,3217,20150517,0
17,3217,20150518,0
18,3217,20150519,0
19,3217,20150520,0
20,3217,20150521,0
21,3217,20150522,0
22,3217,20150523,0
23,3217,20150524,0
24,3217,20150525,0
25,3217,20150526,0
26,3217,20150527,0
27,3217,20150528,0
28,3217,20150529,0
29,3217,20150530,0
0,3227,20150501,0
1,3227,20150502,0
2,3227,20150503,0
3,3227,20150504,0
4,3227,20150505,0
5,3227,20150506,0
6,3227,20150507,0
7,3227,20150508,0
8,3227,20150509,0
9,3227,20150510,0
10,3227,20150511,0
11,3227,20150512,0
12,3227,20150513,0
13,3227,20150514,0
14,3227,20150515,0
15,3227,20150516,0
16,3227,20150517,0
17,3227,20150518,0
18,3227,20150519,0
19,3227,20150520,0
20,3227,20150521,0
21,3227,20150522,0
22,3227,20150523,0
23,3227,20150524,0
24,3227,20150525,0
25,3227,20150526,0
26,3227,20150527,0
27,3227,20150528,0
28,3227,20150529,0
29,3227,20150530,0
0,3311,20150501,0
1,3311,20150502,0
2,3311,20150503,0
3,3311,20150504,0
4,3311,20150505,0
5,3311,20150506,0
6,3311,20150507,0
7,3311,20150508,0
8,3311,20150509,0
9,3311,20150510,0
10,3311,20150511,0
11,3311,20150512,0
12,3311,20150513,0
13,3311,20150514,0
14,3311,20150515,0
15,3311,20150516,0
16,3311,20150517,0
17,3311,20150518,0
18,3311,20150519,0
19,3311,20150520,0
20,3311,20150521,0
21,3311,20150522,0
22,3311,20150523,0
23,3311,20150524,0
24,3311,20150525,0
25,3311,20150526,0
26,3311,20150527,0
27,3311,20150528,0
28,3311,20150529,0
29,3311,20150530,0
0,3316,20150501,0
1,3316,20150502,0
2,3316,20150503,0
3,3316,20150504,0
4,3316,20150505,0
5,3316,20150506,0
6,3316,20150507,0
7,3316,20150508,0
8,3316,20150509,0
9,3316,20150510,0
10,3316,20150511,0
11,3316,20150512,0
12,3316,20150513,0
13,3316,20150514,0
14,3316,20150515,0
15,3316,20150516,0
16,3316,20150517,0
17,3316,20150518,0
18,3316,20150519,0
19,3316,20150520,0
20,3316,20150521,0
21,3316,20150522,0
22,3316,20150523,0
23,3316,20150524,0
24,3316,20150525,0
25,3316,20150526,0
26,3316,20150527,0
27,3316,20150528,0
28,3316,20150529,0
29,3316,20150530,0
0,3319,20150501,0
1,3319,20150502,1
2,3319,20150503,1
3,3319,20150504,1
4,3319,20150505,1
5,3319,20150506,1
6,3319,20150507,1
7,3319,20150508,1
8,3319,20150509,1
9,3319,20150510,1
10,3319,20150511,1
11,3319,20150512,1
12,3319,20150513,1
13,3319,20150514,1
14,3319,20150515,1
15,3319,20150516,1
16,3319,20150517,1
17,3319,20150518,1
18,3319,20150519,1
19,3319,20150520,1
20,3319,20150521,1
21,3319,20150522,1
22,3319,20150523,1
23,3319,20150524,1
24,3319,20150525,1
25,3319,20150526,1
26,3319,20150527,1
27,3319,20150528,1
28,3319,20150529,1
29,3319,20150530,1
0,3320,20150501,0
1,3320,20150502,0
2,3320,20150503,0
3,3320,20150504,0
4,3320,20150505,0
5,3320,20150506,0
6,3320,20150507,0
7,3320,20150508,0
8,3320,20150509,0
9,3320,20150510,0
10,3320,20150511,0
11,3320,20150512,0
12,3320,20150513,0
13,3320,20150514,0
14,3320,20150515,0
15,3320,20150516,0
16,3320,20150517,0
17,3320,20150518,0
18,3320,20150519,0
19,3320,20150520,0
20,3320,20150521,0
21,3320,20150522,0
22,3320,20150523,0
23,3320,20150524,0
24,3320,20150525,0
25,3320,20150526,0
26,3320,20150527,0
27,3320,20150528,0
28,3320,20150529,0
29,3320,20150530,0
0,3321,20150501,1
1,3321,20150502,1
2,3321,20150503,0
3,3321,20150504,1
4,3321,20150505,0
5,3321,20150506,0
6,3321,20150507,1
7,3321,20150508,1
8,3321,20150509,0
9,3321,20150510,0
10,3321,20150511,0
11,3321,20150512,0
12,3321,20150513,0
13,3321,20150514,1
14,3321,20150515,0
15,3321,20150516,0
16,3321,20150517,0
17,3321,20150518,0
18,3321,20150519,0
19,3321,20150520,0
20,3321,20150521,1
21,3321,20150522,0
22,3321,20150523,0
23,3321,20150524,0
24,3321,20150525,0
25,3321,20150526,0
26,3321,20150527,0
27,3321,20150528,1
28,3321,20150529,0
29,3321,20150530,0
0,3322,20150501,0
1,3322,20150502,0
2,3322,20150503,0
3,3322,20150504,0
4,3322,20150505,0
5,3322,20150506,0
6,3322,20150507,0
7,3322,20150508,0
8,3322,20150509,0
9,3322,20150510,0
10,3322,20150511,0
11,3322,20150512,0
12,3322,20150513,0
13,3322,20150514,0
14,3322,20150515,0
15,3322,20150516,0
16,3322,20150517,0
17,3322,20150518,0
18,3322,20150519,0
19,3322,20150520,0
20,3322,20150521,0
21,3322,20150522,0
22,3322,20150523,0
23,3322,20150524,0
24,3322,20150525,0
25,3322,20150526,0
26,3322,20150527,0
27,3322,20150528,0
28,3322,20150529,0
29,3322,20150530,0
0,3323,20150501,0
1,3323,20150502,0
2,3323,20150503,0
3,3323,20150504,0
4,3323,20150505,0
5,3323,20150506,0
6,3323,20150507,1
7,3323,20150508,0
8,3323,20150509,0
9,3323,20150510,0
10,3323,20150511,0
11,3323,20150512,0
12,3323,20150513,0
13,3323,20150514,1
14,3323,20150515,0
15,3323,20150516,0
16,3323,20150517,0
17,3323,20150518,0
18,3323,20150519,0
19,3323,20150520,0
20,3323,20150521,1
21,3323,20150522,0
22,3323,20150523,0
23,3323,20150524,0
24,3323,20150525,0
25,3323,20150526,0
26,3323,20150527,0
27,3323,20150528,1
28,3323,20150529,0
29,3323,20150530,0
0,3325,20150501,0
1,3325,20150502,0
2,3325,20150503,0
3,3325,20150504,0
4,3325,20150505,0
5,3325,20150506,0
6,3325,20150507,0
7,3325,20150508,0
8,3325,20150509,0
9,3325,20150510,0
10,3325,20150511,0
11,3325,20150512,0
12,3325,20150513,0
13,3325,20150514,0
14,3325,20150515,0
15,3325,20150516,0
16,3325,20150517,0
17,3325,20150518,0
18,3325,20150519,0
19,3325,20150520,0
20,3325,20150521,0
21,3325,20150522,0
22,3325,20150523,0
23,3325,20150524,0
24,3325,20150525,0
25,3325,20150526,0
26,3325,20150527,0
27,3325,20150528,0
28,3325,20150529,0
29,3325,20150530,0
0,3326,20150501,0
1,3326,20150502,0
2,3326,20150503,0
3,3326,20150504,0
4,3326,20150505,0
5,3326,20150506,0
6,3326,20150507,0
7,3326,20150508,0
8,3326,20150509,0
9,3326,20150510,0
10,3326,20150511,0
11,3326,20150512,0
12,3326,20150513,0
13,3326,20150514,0
14,3326,20150515,0
15,3326,20150516,0
16,3326,20150517,0
17,3326,20150518,0
18,3326,20150519,0
19,3326,20150520,0
20,3326,20150521,0
21,3326,20150522,0
22,3326,20150523,0
23,3326,20150524,0
24,3326,20150525,0
25,3326,20150526,0
26,3326,20150527,0
27,3326,20150528,0
28,3326,20150529,0
29,3326,20150530,0
0,3402,20150501,0
1,3402,20150502,0
2,3402,20150503,0
3,3402,20150504,0
4,3402,20150505,0
5,3402,20150506,0
6,3402,20150507,0
7,3402,20150508,0
8,3402,20150509,0
9,3402,20150510,0
10,3402,20150511,0
11,3402,20150512,0
12,3402,20150513,0
13,3402,20150514,0
14,3402,20150515,0
15,3402,20150516,0
16,3402,20150517,0
17,3402,20150518,0
18,3402,20150519,0
19,3402,20150520,0
20,3402,20150521,0
21,3402,20150522,0
22,3402,20150523,0
23,3402,20150524,0
24,3402,20150525,0
25,3402,20150526,0
26,3402,20150527,0
27,3402,20150528,0
28,3402,20150529,0
29,3402,20150530,0
0,3403,20150501,0
1,3403,20150502,0
2,3403,20150503,0
3,3403,20150504,0
4,3403,20150505,0
5,3403,20150506,0
6,3403,20150507,0
7,3403,20150508,0
8,3403,20150509,0
9,3403,20150510,0
10,3403,20150511,0
11,3403,20150512,0
12,3403,20150513,0
13,3403,20150514,0
14,3403,20150515,0
15,3403,20150516,0
16,3403,20150517,0
17,3403,20150518,0
18,3403,20150519,0
19,3403,20150520,0
20,3403,20150521,0
21,3403,20150522,0
22,3403,20150523,0
23,3403,20150524,0
24,3403,20150525,0
25,3403,20150526,0
26,3403,20150527,0
27,3403,20150528,0
28,3403,20150529,0
29,3403,20150530,0
0,3407,20150501,1
1,3407,20150502,1
2,3407,20150503,1
3,3407,20150504,1
4,3407,20150505,1
5,3407,20150506,1
6,3407,20150507,1
7,3407,20150508,1
8,3407,20150509,1
9,3407,20150510,1
10,3407,20150511,1
11,3407,20150512,1
12,3407,20150513,1
13,3407,20150514,1
14,3407,20150515,1
15,3407,20150516,1
16,3407,20150517,1
17,3407,20150518,1
18,3407,20150519,1
19,3407,20150520,1
20,3407,20150521,1
21,3407,20150522,1
22,3407,20150523,1
23,3407,20150524,1
24,3407,20150525,1
25,3407,20150526,1
26,3407,20150527,1
27,3407,20150528,1
28,3407,20150529,1
29,3407,20150530,1
0,3408,20150501,0
1,3408,20150502,0
2,3408,20150503,0
3,3408,20150504,0
4,3408,20150505,0
5,3408,20150506,0
6,3408,20150507,0
7,3408,20150508,0
8,3408,20150509,0
9,3408,20150510,0
10,3408,20150511,0
11,3408,20150512,0
12,3408,20150513,0
13,3408,20150514,0
14,3408,20150515,0
15,3408,20150516,0
16,3408,20150517,0
17,3408,20150518,0
18,3408,20150519,0
19,3408,20150520,0
20,3408,20150521,0
21,3408,20150522,0
22,3408,20150523,0
23,3408,20150524,0
24,3408,20150525,0
25,3408,20150526,0
26,3408,20150527,0
27,3408,20150528,0
28,3408,20150529,0
29,3408,20150530,0
0,3413,20150501,0
1,3413,20150502,0
2,3413,20150503,0
3,3413,20150504,0
4,3413,20150505,0
5,3413,20150506,0
6,3413,20150507,0
7,3413,20150508,0
8,3413,20150509,0
9,3413,20150510,0
10,3413,20150511,0
11,3413,20150512,0
12,3413,20150513,0
13,3413,20150514,0
14,3413,20150515,0
15,3413,20150516,0
16,3413,20150517,0
17,3413,20150518,0
18,3413,20150519,0
19,3413,20150520,0
20,3413,20150521,0
21,3413,20150522,0
22,3413,20150523,0
23,3413,20150524,0
24,3413,20150525,0
25,3413,20150526,0
26,3413,20150527,0
27,3413,20150528,0
28,3413,20150529,0
29,3413,20150530,0
0,3415,20150501,0
1,3415,20150502,1
2,3415,20150503,0
3,3415,20150504,0
4,3415,20150505,0
5,3415,20150506,0
6,3415,20150507,0
7,3415,20150508,0
8,3415,20150509,1
9,3415,20150510,0
10,3415,20150511,0
11,3415,20150512,0
12,3415,20150513,0
13,3415,20150514,0
14,3415,20150515,0
15,3415,20150516,1
16,3415,20150517,0
17,3415,20150518,0
18,3415,20150519,0
19,3415,20150520,0
20,3415,20150521,0
21,3415,20150522,0
22,3415,20150523,1
23,3415,20150524,0
24,3415,20150525,0
25,3415,20150526,0
26,3415,20150527,0
27,3415,20150528,0
28,3415,20150529,0
29,3415,20150530,1
0,3417,20150501,0
1,3417,20150502,0
2,3417,20150503,0
3,3417,20150504,0
4,3417,20150505,0
5,3417,20150506,0
6,3417,20150507,0
7,3417,20150508,0
8,3417,20150509,0
9,3417,20150510,0
10,3417,20150511,0
11,3417,20150512,0
12,3417,20150513,0
13,3417,20150514,0
14,3417,20150515,0
15,3417,20150516,0
16,3417,20150517,0
17,3417,20150518,0
18,3417,20150519,0
19,3417,20150520,0
20,3417,20150521,0
21,3417,20150522,0
22,3417,20150523,0
23,3417,20150524,0
24,3417,20150525,0
25,3417,20150526,0
26,3417,20150527,0
27,3417,20150528,0
28,3417,20150529,0
29,3417,20150530,0
0,3423,20150501,0
1,3423,20150502,0
2,3423,20150503,0
3,3423,20150504,0
4,3423,20150505,0
5,3423,20150506,1
6,3423,20150507,0
7,3423,20150508,0
8,3423,20150509,0
9,3423,20150510,0
10,3423,20150511,0
11,3423,20150512,0
12,3423,20150513,1
13,3423,20150514,0
14,3423,20150515,0
15,3423,20150516,0
16,3423,20150517,0
17,3423,20150518,0
18,3423,20150519,0
19,3423,20150520,1
20,3423,20150521,0
21,3423,20150522,0
22,3423,20150523,0
23,3423,20150524,0
24,3423,20150525,0
25,3423,20150526,0
26,3423,20150527,1
27,3423,20150528,0
28,3423,20150529,0
29,3423,20150530,0
0,3424,20150501,0
1,3424,20150502,0
2,3424,20150503,0
3,3424,20150504,0
4,3424,20150505,0
5,3424,20150506,0
6,3424,20150507,0
7,3424,20150508,0
8,3424,20150509,0
9,3424,20150510,0
10,3424,20150511,0
11,3424,20150512,0
12,3424,20150513,0
13,3424,20150514,0
14,3424,20150515,0
15,3424,20150516,0
16,3424,20150517,0
17,3424,20150518,0
18,3424,20150519,0
19,3424,20150520,0
20,3424,20150521,0
21,3424,20150522,0
22,3424,20150523,0
23,3424,20150524,0
24,3424,20150525,0
25,3424,20150526,0
26,3424,20150527,0
27,3424,20150528,0
28,3424,20150529,0
29,3424,20150530,0
0,3426,20150501,0
1,3426,20150502,0
2,3426,20150503,0
3,3426,20150504,0
4,3426,20150505,0
5,3426,20150506,0
6,3426,20150507,0
7,3426,20150508,0
8,3426,20150509,0
9,3426,20150510,0
10,3426,20150511,0
11,3426,20150512,0
12,3426,20150513,0
13,3426,20150514,0
14,3426,20150515,0
15,3426,20150516,0
16,3426,20150517,0
17,3426,20150518,0
18,3426,20150519,0
19,3426,20150520,0
20,3426,20150521,0
21,3426,20150522,0
22,3426,20150523,0
23,3426,20150524,0
24,3426,20150525,0
25,3426,20150526,0
26,3426,20150527,0
27,3426,20150528,0
28,3426,20150529,0
29,3426,20150530,0
0,3431,20150501,0
1,3431,20150502,0
2,3431,20150503,0
3,3431,20150504,0
4,3431,20150505,0
5,3431,20150506,0
6,3431,20150507,0
7,3431,20150508,0
8,3431,20150509,0
9,3431,20150510,0
10,3431,20150511,0
11,3431,20150512,0
12,3431,20150513,0
13,3431,20150514,0
14,3431,20150515,0
15,3431,20150516,0
16,3431,20150517,0
17,3431,20150518,0
18,3431,20150519,0
19,3431,20150520,0
20,3431,20150521,0
21,3431,20150522,0
22,3431,20150523,0
23,3431,20150524,0
24,3431,20150525,0
25,3431,20150526,0
26,3431,20150527,0
27,3431,20150528,0
28,3431,20150529,0
29,3431,20150530,0
0,10,20150501,11
1,10,20150502,8
2,10,20150503,10
3,10,20150504,9
4,10,20150505,11
5,10,20150506,21
6,10,20150507,11
7,10,20150508,10
8,10,20150509,8
9,10,20150510,10
10,10,20150511,9
11,10,20150512,11
12,10,20150513,21
13,10,20150514,11
14,10,20150515,9
15,10,20150516,8
16,10,20150517,10
17,10,20150518,9
18,10,20150519,11
19,10,20150520,22
20,10,20150521,11
21,10,20150522,9
22,10,20150523,8
23,10,20150524,10
24,10,20150525,10
25,10,20150526,11
26,10,20150527,22
27,10,20150528,11
28,10,20150529,9
29,10,20150530,8
0,11,20150501,1
1,11,20150502,3
2,11,20150503,1
3,11,20150504,1
4,11,20150505,2
5,11,20150506,6
6,11,20150507,1
7,11,20150508,1
8,11,20150509,2
9,11,20150510,1
10,11,20150511,1
11,11,20150512,2
12,11,20150513,6
13,11,20150514,1
14,11,20150515,1
15,11,20150516,2
16,11,20150517,1
17,11,20150518,1
18,11,20150519,2
19,11,20150520,6
20,11,20150521,1
21,11,20150522,1
22,11,20150523,2
23,11,20150524,1
24,11,20150525,1
25,11,20150526,2
26,11,20150527,6
27,11,20150528,1
28,11,20150529,1
29,11,20150530,2
0,12,20150501,118
1,12,20150502,116
2,12,20150503,123
3,12,20150504,139
4,12,20150505,117
5,12,20150506,178
6,12,20150507,101
7,12,20150508,116
8,12,20150509,117
9,12,20150510,119
10,12,20150511,138
11,12,20150512,119
12,12,20150513,178
13,12,20150514,104
14,12,20150515,115
15,12,20150516,117
16,12,20150517,118
17,12,20150518,138
18,12,20150519,120
19,12,20150520,177
20,12,20150521,105
21,12,20150522,114
22,12,20150523,117
23,12,20150524,117
24,12,20150525,138
25,12,20150526,121
26,12,20150527,177
27,12,20150528,105
28,12,20150529,113
29,12,20150530,117
0,13,20150501,8
1,13,20150502,8
2,13,20150503,8
3,13,20150504,8
4,13,20150505,8
5,13,20150506,8
6,13,20150507,8
7,13,20150508,8
8,13,20150509,8
9,13,20150510,8
10,13,20150511,8
11,13,20150512,8
12,13,20150513,8
13,13,20150514,8
14,13,20150515,8
15,13,20150516,8
16,13,20150517,8
17,13,20150518,8
18,13,20150519,8
19,13,20150520,8
20,13,20150521,8
21,13,20150522,8
22,13,20150523,8
23,13,20150524,8
24,13,20150525,8
25,13,20150526,8
26,13,20150527,8
27,13,20150528,8
28,13,20150529,8
29,13,20150530,9
0,15,20150501,38
1,15,20150502,40
2,15,20150503,45
3,15,20150504,43
4,15,20150505,43
5,15,20150506,63
6,15,20150507,39
7,15,20150508,37
8,15,20150509,40
9,15,20150510,42
10,15,20150511,42
11,15,20150512,42
12,15,20150513,62
13,15,20150514,38
14,15,20150515,36
15,15,20150516,40
16,15,20150517,41
17,15,20150518,42
18,15,20150519,41
19,15,20150520,61
20,15,20150521,37
21,15,20150522,36
22,15,20150523,40
23,15,20150524,40
24,15,20150525,42
25,15,20150526,41
26,15,20150527,60
27,15,20150528,37
28,15,20150529,36
29,15,20150530,39
0,20,20150501,45
1,20,20150502,44
2,20,20150503,49
3,20,20150504,43
4,20,20150505,46
5,20,20150506,59
6,20,20150507,45
7,20,20150508,44
8,20,20150509,43
9,20,20150510,47
10,20,20150511,44
11,20,20150512,46
12,20,20150513,58
13,20,20150514,45
14,20,20150515,43
15,20,20150516,43
16,20,20150517,47
17,20,20150518,45
18,20,20150519,47
19,20,20150520,58
20,20,20150521,45
21,20,20150522,43
22,20,20150523,43
23,20,20150524,47
24,20,20150525,45
25,20,20150526,47
26,20,20150527,58
27,20,20150528,46
28,20,20150529,43
29,20,20150530,43
0,21,20150501,3
1,21,20150502,3
2,21,20150503,3
3,21,20150504,4
4,21,20150505,4
5,21,20150506,4
6,21,20150507,4
7,21,20150508,4
8,21,20150509,4
9,21,20150510,4
10,21,20150511,4
11,21,20150512,4
12,21,20150513,4
13,21,20150514,4
14,21,20150515,4
15,21,20150516,4
16,21,20150517,4
17,21,20150518,4
18,21,20150519,4
19,21,20150520,4
20,21,20150521,4
21,21,20150522,4
22,21,20150523,4
23,21,20150524,4
24,21,20150525,4
25,21,20150526,4
26,21,20150527,4
27,21,20150528,4
28,21,20150529,4
29,21,20150530,4
0,22,20150501,65
1,22,20150502,86
2,22,20150503,66
3,22,20150504,47
4,22,20150505,55
5,22,20150506,101
6,22,20150507,77
7,22,20150508,67
8,22,20150509,87
9,22,20150510,68
10,22,20150511,49
11,22,20150512,58
12,22,20150513,99
13,22,20150514,73
14,22,20150515,68
15,22,20150516,87
16,22,20150517,68
17,22,20150518,49
18,22,20150519,59
19,22,20150520,99
20,22,20150521,72
21,22,20150522,69
22,22,20150523,87
23,22,20150524,69
24,22,20150525,50
25,22,20150526,59
26,22,20150527,98
27,22,20150528,71
28,22,20150529,69
29,22,20150530,87
0,23,20150501,20
1,23,20150502,21
2,23,20150503,20
3,23,20150504,15
4,23,20150505,17
5,23,20150506,16
6,23,20150507,22
7,23,20150508,17
8,23,20150509,20
9,23,20150510,18
10,23,20150511,14
11,23,20150512,16
12,23,20150513,15
13,23,20150514,20
14,23,20150515,16
15,23,20150516,19
16,23,20150517,18
17,23,20150518,14
18,23,20150519,15
19,23,20150520,15
20,23,20150521,19
21,23,20150522,16
22,23,20150523,19
23,23,20150524,17
24,23,20150525,14
25,23,20150526,15
26,23,20150527,15
27,23,20150528,18
28,23,20150529,16
29,23,20150530,19
0,30,20150501,23
1,30,20150502,21
2,30,20150503,29
3,30,20150504,24
4,30,20150505,25
5,30,20150506,44
6,30,20150507,27
7,30,20150508,22
8,30,20150509,21
9,30,20150510,27
10,30,20150511,25
11,30,20150512,25
12,30,20150513,44
13,30,20150514,27
14,30,20150515,22
15,30,20150516,22
16,30,20150517,26
17,30,20150518,25
18,30,20150519,25
19,30,20150520,43
20,30,20150521,27
21,30,20150522,22
22,30,20150523,22
23,30,20150524,25
24,30,20150525,25
25,30,20150526,25
26,30,20150527,43
27,30,20150528,27
28,30,20150529,22
29,30,20150530,22
0,31,20150501,5
1,31,20150502,5
2,31,20150503,5
3,31,20150504,5
4,31,20150505,4
5,31,20150506,5
6,31,20150507,4
7,31,20150508,5
8,31,20150509,5
9,31,20150510,5
10,31,20150511,5
11,31,20150512,4
12,31,20150513,5
13,31,20150514,4
14,31,20150515,5
15,31,20150516,5
16,31,20150517,5
17,31,20150518,5
18,31,20150519,4
19,31,20150520,5
20,31,20150521,4
21,31,20150522,5
22,31,20150523,5
23,31,20150524,5
24,31,20150525,5
25,31,20150526,4
26,31,20150527,5
27,31,20150528,5
28,31,20150529,5
29,31,20150530,5
0,32,20150501,0
1,32,20150502,0
2,32,20150503,0
3,32,20150504,0
4,32,20150505,0
5,32,20150506,0
6,32,20150507,0
7,32,20150508,0
8,32,20150509,0
9,32,20150510,0
10,32,20150511,0
11,32,20150512,0
12,32,20150513,0
13,32,20150514,0
14,32,20150515,0
15,32,20150516,0
16,32,20150517,0
17,32,20150518,0
18,32,20150519,0
19,32,20150520,0
20,32,20150521,0
21,32,20150522,0
22,32,20150523,0
23,32,20150524,0
24,32,20150525,0
25,32,20150526,0
26,32,20150527,0
27,32,20150528,0
28,32,20150529,0
29,32,20150530,0
0,33,20150501,2
1,33,20150502,2
2,33,20150503,2
3,33,20150504,2
4,33,20150505,2
5,33,20150506,2
6,33,20150507,2
7,33,20150508,2
8,33,20150509,2
9,33,20150510,2
10,33,20150511,2
11,33,20150512,2
12,33,20150513,2
13,33,20150514,2
14,33,20150515,2
15,33,20150516,2
16,33,20150517,2
17,33,20150518,2
18,33,20150519,2
19,33,20150520,2
20,33,20150521,2
21,33,20150522,2
22,33,20150523,2
23,33,20150524,2
24,33,20150525,2
25,33,20150526,2
26,33,20150527,2
27,33,20150528,2
28,33,20150529,2
29,33,20150530,2
0,34,20150501,3
1,34,20150502,3
2,34,20150503,3
3,34,20150504,3
4,34,20150505,3
5,34,20150506,4
6,34,20150507,3
7,34,20150508,3
8,34,20150509,3
9,34,20150510,2
10,34,20150511,3
11,34,20150512,3
12,34,20150513,4
13,34,20150514,2
14,34,20150515,3
15,34,20150516,3
16,34,20150517,2
17,34,20150518,3
18,34,20150519,3
19,34,20150520,4
20,34,20150521,2
21,34,20150522,3
22,34,20150523,3
23,34,20150524,2
24,34,20150525,3
25,34,20150526,3
26,34,20150527,4
27,34,20150528,2
28,34,20150529,3
29,34,20150530,3
